seed,arm,step,t,mode,sample,n_query,visible,parent,chain,js,abs_probability_change,entropy,teacher_ce
91001,F1,1,0.999962329864502,on_policy,0,64,1,239,1,0.0016141736414283514,0.039217494428157806,0.6925302743911743,nan
91001,F1,1,0.999962329864502,on_policy,1,64,0,367,2,0.0,0.0,0.693114697933197,nan
91001,F1,1,0.999962329864502,on_policy,2,64,0,495,3,0.0,0.0,0.693114697933197,nan
91001,F1,1,0.999962329864502,on_policy,3,64,0,623,4,0.0,0.0,0.693114697933197,nan
91001,F1,1,0.999962329864502,teacher_mc,0,64,1,239,1,0.0016141736414283514,0.039217494428157806,0.6925302743911743,0.7110528880730271
91001,F1,1,0.999962329864502,teacher_mc,1,64,0,367,2,0.0,0.0,0.693114697933197,0.6967044044286013
91001,F1,1,0.999962329864502,teacher_mc,2,64,0,495,3,0.0,0.0,0.693114697933197,0.6886477936059237
91001,F1,1,0.999962329864502,teacher_mc,3,64,0,623,4,0.0,0.0,0.693114697933197,0.6904101772233844
91001,F1,32,0.9619397521018982,on_policy,0,64,348,239,1,0.00042619596933946013,0.01735491305589676,0.41476520895957947,nan
91001,F1,32,0.9619397521018982,on_policy,1,64,361,367,2,0.0009306765859946609,0.022451847791671753,0.45590800046920776,nan
91001,F1,32,0.9619397521018982,on_policy,2,64,338,495,3,0.0005521422135643661,0.015306239947676659,0.4125209450721741,nan
91001,F1,32,0.9619397521018982,on_policy,3,64,338,623,4,0.0003938644367735833,0.014791565015912056,0.4230828285217285,nan
91001,F1,32,0.9619397521018982,teacher_mc,0,64,348,239,1,0.00019518875342328101,0.009820280596613884,0.38804781436920166,0.33344680070877075
91001,F1,32,0.9619397521018982,teacher_mc,1,64,361,367,2,0.00021190590632613748,0.010096017271280289,0.384369432926178,0.3421170169021934
91001,F1,32,0.9619397521018982,teacher_mc,2,64,338,495,3,0.0005945026641711593,0.017897529527544975,0.39021098613739014,0.39927103684749454
91001,F1,32,0.9619397521018982,teacher_mc,3,64,338,623,4,0.0008830364095047116,0.022357365116477013,0.4224287271499634,0.31260128028225154
91001,F1,64,0.8535534143447876,on_policy,0,64,1350,239,1,0.0006147632957436144,0.01825462281703949,0.3427506387233734,nan
91001,F1,64,0.8535534143447876,on_policy,1,64,1326,367,2,0.0007652470376342535,0.019466392695903778,0.4020383358001709,nan
91001,F1,64,0.8535534143447876,on_policy,2,64,1380,495,3,0.0002546731266193092,0.010261902585625648,0.3549586236476898,nan
91001,F1,64,0.8535534143447876,on_policy,3,64,1355,623,4,0.000319090933771804,0.01277653407305479,0.3590291738510132,nan
91001,F1,64,0.8535534143447876,teacher_mc,0,64,1350,239,1,0.00017863750690594316,0.009133528918027878,0.34401801228523254,0.3587808695156127
91001,F1,64,0.8535534143447876,teacher_mc,1,64,1326,367,2,0.00047479054774157703,0.01405384298413992,0.35312598943710327,0.46298102947184816
91001,F1,64,0.8535534143447876,teacher_mc,2,64,1380,495,3,0.00086686119902879,0.019568542018532753,0.3283473253250122,0.12333342363126576
91001,F1,64,0.8535534143447876,teacher_mc,3,64,1355,623,4,0.0009436156833544374,0.02383691817522049,0.37578248977661133,0.398851893725805
91001,F1,128,0.5,on_policy,0,64,4628,239,1,0.00021687860134989023,0.009163154289126396,0.29638582468032837,nan
91001,F1,128,0.5,on_policy,1,64,4626,367,2,7.110265141818672e-05,0.005909940227866173,0.3137621283531189,nan
91001,F1,128,0.5,on_policy,2,64,4648,495,3,0.00015523083857260644,0.006096730474382639,0.2754099369049072,nan
91001,F1,128,0.5,on_policy,3,64,4524,623,4,0.00026383009389974177,0.010196246206760406,0.29596781730651855,nan
91001,F1,128,0.5,teacher_mc,0,64,4628,239,1,0.00012787080777343363,0.007360985968261957,0.28381332755088806,0.2335741160204634
91001,F1,128,0.5,teacher_mc,1,64,4626,367,2,0.00011330112465657294,0.00703481025993824,0.3016115427017212,0.2616374343633652
91001,F1,128,0.5,teacher_mc,2,64,4648,495,3,0.0004210758488625288,0.013353903777897358,0.3032104969024658,0.4156092425691895
91001,F1,128,0.5,teacher_mc,3,64,4524,623,4,0.00013354521070141345,0.007607332430779934,0.283860981464386,0.3538486253237352
91001,F1,192,0.1464466154575348,on_policy,0,64,7857,239,1,7.109025318641216e-05,0.005166735500097275,0.28741294145584106,nan
91001,F1,192,0.1464466154575348,on_policy,1,64,7858,367,2,4.5867389417253435e-05,0.0043381983414292336,0.2809047996997833,nan
91001,F1,192,0.1464466154575348,on_policy,2,64,7886,495,3,6.0878592194058e-05,0.005430656485259533,0.3006991744041443,nan
91001,F1,192,0.1464466154575348,on_policy,3,64,7845,623,4,4.199748218525201e-05,0.0044824047945439816,0.2905094623565674,nan
91001,F1,192,0.1464466154575348,teacher_mc,0,64,7857,239,1,4.729111969936639e-05,0.0045778630301356316,0.2810015082359314,0.239192453736905
91001,F1,192,0.1464466154575348,teacher_mc,1,64,7858,367,2,4.8880734539125115e-05,0.004716422408819199,0.28436392545700073,0.2813064597430639
91001,F1,192,0.1464466154575348,teacher_mc,2,64,7886,495,3,0.0001264527381863445,0.006749831140041351,0.27095767855644226,0.18132183750276454
91001,F1,192,0.1464466154575348,teacher_mc,3,64,7845,623,4,5.98434271523729e-05,0.005011158064007759,0.2908015251159668,0.4817069067794364
91001,F1,240,0.009999999776482582,on_policy,0,64,9129,239,1,2.3698967197560705e-06,0.0008559313137084246,0.2853313088417053,nan
91001,F1,240,0.009999999776482582,on_policy,1,64,9111,367,2,4.980966878065374e-06,0.0015544313937425613,0.3165293037891388,nan
91001,F1,240,0.009999999776482582,on_policy,2,64,9124,495,3,2.5417489268875215e-06,0.0009594245348125696,0.2825768291950226,nan
91001,F1,240,0.009999999776482582,on_policy,3,64,9129,623,4,3.924137217836687e-06,0.0012613791041076183,0.3130156993865967,nan
91001,F1,240,0.009999999776482582,teacher_mc,0,64,9129,239,1,2.797922661557095e-06,0.0009996043518185616,0.2907960116863251,0.2789841758203693
91001,F1,240,0.009999999776482582,teacher_mc,1,64,9111,367,2,4.878164872934576e-06,0.0015740429516881704,0.3118845224380493,0.23684065105044283
91001,F1,240,0.009999999776482582,teacher_mc,2,64,9124,495,3,1.027514599627466e-06,0.0004967360873706639,0.2547391653060913,0.2184542407921981
91001,F1,240,0.009999999776482582,teacher_mc,3,64,9129,623,4,1.7154548004327808e-06,0.0006922428729012609,0.24235230684280396,0.3128380258567631
91001,F1,1,0.999962329864502,on_policy,0,64,2,751,5,0.00047652891953475773,0.01302102766931057,0.693039059638977,nan
91001,F1,1,0.999962329864502,on_policy,1,64,0,879,6,0.0,0.0,0.693114697933197,nan
91001,F1,1,0.999962329864502,on_policy,2,64,0,1007,7,0.0,0.0,0.693114697933197,nan
91001,F1,1,0.999962329864502,on_policy,3,64,0,112,0,0.0,0.0,0.693114697933197,nan
91001,F1,1,0.999962329864502,teacher_mc,0,64,2,751,5,0.004217073321342468,0.08284883201122284,0.691156268119812,0.7012800266966224
91001,F1,1,0.999962329864502,teacher_mc,1,64,0,879,6,0.0,0.0,0.693114697933197,0.6881442554295063
91001,F1,1,0.999962329864502,teacher_mc,2,64,0,1007,7,0.0,0.0,0.693114697933197,0.6987185571342707
91001,F1,1,0.999962329864502,teacher_mc,3,64,0,112,0,0.0,0.0,0.693114697933197,0.6964526353403926
91001,F1,32,0.9619397521018982,on_policy,0,64,339,751,5,0.0007183600100688636,0.02074817568063736,0.4474988579750061,nan
91001,F1,32,0.9619397521018982,on_policy,1,64,324,879,6,0.000982948811724782,0.02757718414068222,0.5043714642524719,nan
91001,F1,32,0.9619397521018982,on_policy,2,64,361,1007,7,0.0005560802528634667,0.017402179539203644,0.42579978704452515,nan
91001,F1,32,0.9619397521018982,on_policy,3,64,339,112,0,0.0004798055742867291,0.0169413760304451,0.4343951940536499,nan
91001,F1,32,0.9619397521018982,teacher_mc,0,64,339,751,5,0.001184700638987124,0.026397891342639923,0.4430946707725525,0.32997995521873236
91001,F1,32,0.9619397521018982,teacher_mc,1,64,324,879,6,0.0009996290318667889,0.021101392805576324,0.424247682094574,0.4291504540015012
91001,F1,32,0.9619397521018982,teacher_mc,2,64,361,1007,7,0.0002255826402688399,0.010002469643950462,0.38652968406677246,0.4592927962075919
91001,F1,32,0.9619397521018982,teacher_mc,3,64,339,112,0,0.0006699318764731288,0.020773282274603844,0.43534135818481445,0.5182388942921534
91001,F1,64,0.8535534143447876,on_policy,0,64,1364,751,5,0.00019740161951631308,0.010546237230300903,0.3482014238834381,nan
91001,F1,64,0.8535534143447876,on_policy,1,64,1303,879,6,0.0003947864752262831,0.01503308117389679,0.3818818926811218,nan
91001,F1,64,0.8535534143447876,on_policy,2,64,1256,1007,7,0.00021903516608290374,0.010891844518482685,0.3682786524295807,nan
91001,F1,64,0.8535534143447876,on_policy,3,64,1363,112,0,0.0002853217301890254,0.012531843036413193,0.35527077317237854,nan
91001,F1,64,0.8535534143447876,teacher_mc,0,64,1364,751,5,0.00038247453630901873,0.016389627009630203,0.40319156646728516,0.31718764000106603
91001,F1,64,0.8535534143447876,teacher_mc,1,64,1303,879,6,0.0007541229715570807,0.0200983677059412,0.36280906200408936,0.3341989643522538
91001,F1,64,0.8535534143447876,teacher_mc,2,64,1256,1007,7,0.00033260160125792027,0.01408480852842331,0.36906111240386963,0.5783422111417167
91001,F1,64,0.8535534143447876,teacher_mc,3,64,1363,112,0,0.00021217187168076634,0.010656317695975304,0.3431759178638458,0.27317764493636787
91001,F1,128,0.5,on_policy,0,64,4715,751,5,0.0001849788095569238,0.01034028735011816,0.35959672927856445,nan
91001,F1,128,0.5,on_policy,1,64,4534,879,6,8.957451791502535e-05,0.005954851396381855,0.2872273027896881,nan
91001,F1,128,0.5,on_policy,2,64,4521,1007,7,6.78869109833613e-05,0.0053143128752708435,0.31016290187835693,nan
91001,F1,128,0.5,on_policy,3,64,4590,112,0,0.000113018395495601,0.00680930633097887,0.29448527097702026,nan
91001,F1,128,0.5,teacher_mc,0,64,4715,751,5,0.00023871700977906585,0.01021814625710249,0.3141394257545471,0.30070736893685535
91001,F1,128,0.5,teacher_mc,1,64,4534,879,6,0.0002399539516773075,0.010173274204134941,0.28416621685028076,0.21336855558911338
91001,F1,128,0.5,teacher_mc,2,64,4521,1007,7,0.0001323360193055123,0.00814690813422203,0.3135487735271454,0.3984223359148018
91001,F1,128,0.5,teacher_mc,3,64,4590,112,0,8.622504537925124e-05,0.006379554979503155,0.2929743528366089,0.22654630552278832
91001,F1,192,0.1464466154575348,on_policy,0,64,7944,751,5,3.758195089176297e-05,0.004027432296425104,0.2895473837852478,nan
91001,F1,192,0.1464466154575348,on_policy,1,64,7862,879,6,6.509138620458543e-05,0.0059358347207307816,0.32652580738067627,nan
91001,F1,192,0.1464466154575348,on_policy,2,64,7859,1007,7,4.057080514030531e-05,0.0041372873820364475,0.3008654713630676,nan
91001,F1,192,0.1464466154575348,on_policy,3,64,7888,112,0,5.196876736590639e-05,0.005119282752275467,0.3151499032974243,nan
91001,F1,192,0.1464466154575348,teacher_mc,0,64,7944,751,5,6.793034845031798e-05,0.005340842995792627,0.3027729392051697,0.25853816035669297
91001,F1,192,0.1464466154575348,teacher_mc,1,64,7862,879,6,8.073994831647724e-05,0.005052939988672733,0.26662394404411316,0.2857591465872247
91001,F1,192,0.1464466154575348,teacher_mc,2,64,7859,1007,7,4.860240369453095e-05,0.004586671479046345,0.27391988039016724,0.15513485815608874
91001,F1,192,0.1464466154575348,teacher_mc,3,64,7888,112,0,6.174868758535013e-05,0.005357027519494295,0.32419323921203613,0.24411368620349094
91001,F1,240,0.009999999776482582,on_policy,0,64,9126,751,5,4.351446477812715e-06,0.0013835516292601824,0.30120208859443665,nan
91001,F1,240,0.009999999776482582,on_policy,1,64,9116,879,6,3.355925628056866e-06,0.0009935935959219933,0.2801865041255951,nan
91001,F1,240,0.009999999776482582,on_policy,2,64,9142,1007,7,4.634977813111618e-06,0.0015167701058089733,0.32291996479034424,nan
91001,F1,240,0.009999999776482582,on_policy,3,64,9120,112,0,8.352430086233653e-06,0.001976865343749523,0.3060135245323181,nan
91001,F1,240,0.009999999776482582,teacher_mc,0,64,9126,751,5,4.0261397771246266e-06,0.0011268523521721363,0.29923638701438904,0.24727208403055556
91001,F1,240,0.009999999776482582,teacher_mc,1,64,9116,879,6,1.0520682280912297e-06,0.0005179825820960104,0.23010572791099548,0.20611531735630706
91001,F1,240,0.009999999776482582,teacher_mc,2,64,9142,1007,7,1.5308009096770547e-05,0.0015739870723336935,0.3262861669063568,0.3066038754186593
91001,F1,240,0.009999999776482582,teacher_mc,3,64,9120,112,0,1.4306392586149741e-05,0.002296497579663992,0.2841760516166687,0.29703022429021075
91001,F2,1,0.999962329864502,on_policy,0,64,1,239,1,0.0028887372463941574,0.0667438954114914,0.6908026933670044,nan
91001,F2,1,0.999962329864502,on_policy,1,64,0,367,2,0.0,0.0,0.693112313747406,nan
91001,F2,1,0.999962329864502,on_policy,2,64,0,495,3,0.0,0.0,0.693112313747406,nan
91001,F2,1,0.999962329864502,on_policy,3,64,0,623,4,0.0,0.0,0.693112313747406,nan
91001,F2,1,0.999962329864502,teacher_mc,0,64,1,239,1,0.0028887372463941574,0.0667438954114914,0.6908026933670044,0.7252429639920592
91001,F2,1,0.999962329864502,teacher_mc,1,64,0,367,2,0.0,0.0,0.693112313747406,0.6968404222279787
91001,F2,1,0.999962329864502,teacher_mc,2,64,0,495,3,0.0,0.0,0.693112313747406,0.6884786356240511
91001,F2,1,0.999962329864502,teacher_mc,3,64,0,623,4,0.0,0.0,0.693112313747406,0.6903077764436603
91001,F2,32,0.9619397521018982,on_policy,0,64,348,239,1,0.0001513714814791456,0.009979975409805775,0.40827882289886475,nan
91001,F2,32,0.9619397521018982,on_policy,1,64,361,367,2,0.00041638032416813076,0.014828294515609741,0.4351329803466797,nan
91001,F2,32,0.9619397521018982,on_policy,2,64,338,495,3,0.0001930529106175527,0.008678867481648922,0.3975372910499573,nan
91001,F2,32,0.9619397521018982,on_policy,3,64,338,623,4,0.00017637474229559302,0.010424640960991383,0.42383265495300293,nan
91001,F2,32,0.9619397521018982,teacher_mc,0,64,348,239,1,8.690822869539261e-05,0.006725774146616459,0.3835398554801941,0.33328015578445047
91001,F2,32,0.9619397521018982,teacher_mc,1,64,361,367,2,8.961596904555336e-05,0.006750158034265041,0.3829294443130493,0.3414960402296856
91001,F2,32,0.9619397521018982,teacher_mc,2,64,338,495,3,0.0002085972810164094,0.010780831798911095,0.38504302501678467,0.39154926873743534
91001,F2,32,0.9619397521018982,teacher_mc,3,64,338,623,4,0.00035998070961795747,0.01401478610932827,0.41935113072395325,0.307019050931558
91001,F2,64,0.8535534143447876,on_policy,0,64,1350,239,1,0.00019335084652993828,0.0106271430850029,0.34171193838119507,nan
91001,F2,64,0.8535534143447876,on_policy,1,64,1326,367,2,0.00014053717313800007,0.008692886680364609,0.3996332883834839,nan
91001,F2,64,0.8535534143447876,on_policy,2,64,1380,495,3,7.009571709204465e-05,0.005565319210290909,0.35393643379211426,nan
91001,F2,64,0.8535534143447876,on_policy,3,64,1355,623,4,6.833207589806989e-05,0.005911696702241898,0.3630616068840027,nan
91001,F2,64,0.8535534143447876,teacher_mc,0,64,1350,239,1,5.771671567345038e-05,0.0052640484645962715,0.34372955560684204,0.35983407392632216
91001,F2,64,0.8535534143447876,teacher_mc,1,64,1326,367,2,0.0001279987918678671,0.007390520069748163,0.3577881455421448,0.45386462920578197
91001,F2,64,0.8535534143447876,teacher_mc,2,64,1380,495,3,0.00021430641936603934,0.010245556943118572,0.3249746859073639,0.12566167704062536
91001,F2,64,0.8535534143447876,teacher_mc,3,64,1355,623,4,0.00026193936355412006,0.012319140136241913,0.3759215176105499,0.3972221633885056
91001,F2,128,0.5,on_policy,0,64,4628,239,1,5.539336416404694e-05,0.004694854374974966,0.29995858669281006,nan
91001,F2,128,0.5,on_policy,1,64,4626,367,2,1.9905390217900276e-05,0.0028561039362102747,0.30485057830810547,nan
91001,F2,128,0.5,on_policy,2,64,4648,495,3,6.742221012245864e-05,0.004297532141208649,0.274824321269989,nan
91001,F2,128,0.5,on_policy,3,64,4524,623,4,6.110295362304896e-05,0.0049475617706775665,0.30751049518585205,nan
91001,F2,128,0.5,teacher_mc,0,64,4628,239,1,4.062147127115168e-05,0.0039697266183793545,0.2882865369319916,0.23899702774360776
91001,F2,128,0.5,teacher_mc,1,64,4626,367,2,3.745024514500983e-05,0.0037836090195924044,0.3049757480621338,0.2643675528233871
91001,F2,128,0.5,teacher_mc,2,64,4648,495,3,9.23914194572717e-05,0.00608996395021677,0.3058552145957947,0.41578466136706993
91001,F2,128,0.5,teacher_mc,3,64,4524,623,4,3.784109867410734e-05,0.003955373540520668,0.28613537549972534,0.3523507808567956
91001,F2,192,0.1464466154575348,on_policy,0,64,7857,239,1,2.468051025061868e-05,0.0031190840527415276,0.2917790412902832,nan
91001,F2,192,0.1464466154575348,on_policy,1,64,7858,367,2,3.792661664192565e-05,0.004042402375489473,0.2766876220703125,nan
91001,F2,192,0.1464466154575348,on_policy,2,64,7886,495,3,5.222835170570761e-05,0.004946715198457241,0.31065067648887634,nan
91001,F2,192,0.1464466154575348,on_policy,3,64,7845,623,4,2.8024303901474923e-05,0.003635658882558346,0.307813823223114,nan
91001,F2,192,0.1464466154575348,teacher_mc,0,64,7857,239,1,2.3980746846063994e-05,0.003156009828671813,0.28122884035110474,0.23818647436564788
91001,F2,192,0.1464466154575348,teacher_mc,1,64,7858,367,2,3.442744491621852e-05,0.0036135187838226557,0.2837926149368286,0.28127672750269994
91001,F2,192,0.1464466154575348,teacher_mc,2,64,7886,495,3,3.809540794463828e-05,0.0036638579331338406,0.2751510739326477,0.18283386685652658
91001,F2,192,0.1464466154575348,teacher_mc,3,64,7845,623,4,2.5056917365873232e-05,0.0031173620373010635,0.29355597496032715,0.4781025234842673
91001,F2,240,0.009999999776482582,on_policy,0,64,9129,239,1,2.2526501197717153e-06,0.0007557711214758456,0.29428884387016296,nan
91001,F2,240,0.009999999776482582,on_policy,1,64,9111,367,2,5.7006154747796245e-06,0.0015787784941494465,0.30709320306777954,nan
91001,F2,240,0.009999999776482582,on_policy,2,64,9124,495,3,2.1973135062580695e-06,0.0008900053799152374,0.2882915735244751,nan
91001,F2,240,0.009999999776482582,on_policy,3,64,9129,623,4,3.3029887163138483e-06,0.001150734955444932,0.29562559723854065,nan
91001,F2,240,0.009999999776482582,teacher_mc,0,64,9129,239,1,1.6784983927209396e-06,0.0007897097384557128,0.2932600975036621,0.2801154889748432
91001,F2,240,0.009999999776482582,teacher_mc,1,64,9111,367,2,3.65271034752368e-06,0.001271336805075407,0.31296733021736145,0.23623409844003618
91001,F2,240,0.009999999776482582,teacher_mc,2,64,9124,495,3,1.1130636039524688e-06,0.0005368663114495575,0.26338088512420654,0.21940433757845312
91001,F2,240,0.009999999776482582,teacher_mc,3,64,9129,623,4,1.2142671721449005e-06,0.0006132095586508512,0.2469726800918579,0.3152334252372384
91001,F2,1,0.999962329864502,on_policy,0,64,2,751,5,0.0006422769511118531,0.027692772448062897,0.6927762627601624,nan
91001,F2,1,0.999962329864502,on_policy,1,64,0,879,6,0.0,0.0,0.693112313747406,nan
91001,F2,1,0.999962329864502,on_policy,2,64,0,1007,7,0.0,0.0,0.693112313747406,nan
91001,F2,1,0.999962329864502,on_policy,3,64,0,112,0,0.0,0.0,0.693112313747406,nan
91001,F2,1,0.999962329864502,teacher_mc,0,64,2,751,5,0.005823972634971142,0.10262216627597809,0.6845606565475464,0.7133973371237516
91001,F2,1,0.999962329864502,teacher_mc,1,64,0,879,6,0.0,0.0,0.693112313747406,0.6879560239613056
91001,F2,1,0.999962329864502,teacher_mc,2,64,0,1007,7,0.0,0.0,0.693112313747406,0.6989308688789606
91001,F2,1,0.999962329864502,teacher_mc,3,64,0,112,0,0.0,0.0,0.693112313747406,0.696579116396606
91001,F2,32,0.9619397521018982,on_policy,0,64,339,751,5,0.00027894534287042916,0.012478448450565338,0.4329797625541687,nan
91001,F2,32,0.9619397521018982,on_policy,1,64,324,879,6,0.00032320176251232624,0.012962871231138706,0.41704994440078735,nan
91001,F2,32,0.9619397521018982,on_policy,2,64,361,1007,7,0.00027316773775964975,0.013555776327848434,0.46248340606689453,nan
91001,F2,32,0.9619397521018982,on_policy,3,64,339,112,0,0.0002129040367435664,0.011350808665156364,0.4222182035446167,nan
91001,F2,32,0.9619397521018982,teacher_mc,0,64,339,751,5,0.0004354523844085634,0.016125328838825226,0.4465540051460266,0.3250904275337234
91001,F2,32,0.9619397521018982,teacher_mc,1,64,324,879,6,0.0003723838017322123,0.012950265780091286,0.4205651879310608,0.4241107297129929
91001,F2,32,0.9619397521018982,teacher_mc,2,64,361,1007,7,7.793004624545574e-05,0.0062619773671031,0.38545897603034973,0.45917410391848534
91001,F2,32,0.9619397521018982,teacher_mc,3,64,339,112,0,0.0003068330406676978,0.014317003078758717,0.43403899669647217,0.5176539970561862
91001,F2,64,0.8535534143447876,on_policy,0,64,1364,751,5,4.74417902296409e-05,0.004859046544879675,0.33509838581085205,nan
91001,F2,64,0.8535534143447876,on_policy,1,64,1303,879,6,8.527423779014498e-05,0.006541621871292591,0.34509986639022827,nan
91001,F2,64,0.8535534143447876,on_policy,2,64,1256,1007,7,7.885311060817912e-05,0.007279493380337954,0.3809981048107147,nan
91001,F2,64,0.8535534143447876,on_policy,3,64,1363,112,0,7.537718920502812e-05,0.006588532589375973,0.35531893372535706,nan
91001,F2,64,0.8535534143447876,teacher_mc,0,64,1364,751,5,0.00010382662003394216,0.008462418802082539,0.4056309461593628,0.31781201768899336
91001,F2,64,0.8535534143447876,teacher_mc,1,64,1303,879,6,0.00021174471476115286,0.010482816956937313,0.3580256402492523,0.3278555440483615
91001,F2,64,0.8535534143447876,teacher_mc,2,64,1256,1007,7,0.00010184958955505863,0.00751529773697257,0.3719828426837921,0.5791034125722945
91001,F2,64,0.8535534143447876,teacher_mc,3,64,1363,112,0,5.635702109429985e-05,0.005344351287931204,0.342702716588974,0.27541533519979566
91001,F2,128,0.5,on_policy,0,64,4715,751,5,5.348953709471971e-05,0.005355861969292164,0.3443108797073364,nan
91001,F2,128,0.5,on_policy,1,64,4534,879,6,2.4059921997832134e-05,0.002864646492525935,0.24646730720996857,nan
91001,F2,128,0.5,on_policy,2,64,4521,1007,7,4.204318975098431e-05,0.004382329527288675,0.32018136978149414,nan
91001,F2,128,0.5,on_policy,3,64,4590,112,0,2.826582385750953e-05,0.003190705319866538,0.27759110927581787,nan
91001,F2,128,0.5,teacher_mc,0,64,4715,751,5,7.274952076841146e-05,0.005238007754087448,0.31728804111480713,0.29951137909665704
91001,F2,128,0.5,teacher_mc,1,64,4534,879,6,4.299860302126035e-05,0.004262832924723625,0.28812989592552185,0.21223073865985498
91001,F2,128,0.5,teacher_mc,2,64,4521,1007,7,4.495031316764653e-05,0.004356692545115948,0.31757789850234985,0.39474282442824915
91001,F2,128,0.5,teacher_mc,3,64,4590,112,0,4.402541526360437e-05,0.004221488256007433,0.295058012008667,0.22697238548425958
91001,F2,192,0.1464466154575348,on_policy,0,64,7944,751,5,3.566552550182678e-05,0.003660142421722412,0.2899201512336731,nan
91001,F2,192,0.1464466154575348,on_policy,1,64,7862,879,6,2.6311503461329266e-05,0.002809317782521248,0.24960535764694214,nan
91001,F2,192,0.1464466154575348,on_policy,2,64,7859,1007,7,2.494861291779671e-05,0.003332913387566805,0.3203733563423157,nan
91001,F2,192,0.1464466154575348,on_policy,3,64,7888,112,0,3.62308019248303e-05,0.003819638630375266,0.2916772961616516,nan
91001,F2,192,0.1464466154575348,teacher_mc,0,64,7944,751,5,3.6530203942675143e-05,0.003904054407030344,0.30567991733551025,0.2587236997205764
91001,F2,192,0.1464466154575348,teacher_mc,1,64,7862,879,6,3.055627166759223e-05,0.0028738996479660273,0.27013200521469116,0.284311541588977
91001,F2,192,0.1464466154575348,teacher_mc,2,64,7859,1007,7,3.4025786590063944e-05,0.003587867133319378,0.2733534574508667,0.15452182496665046
91001,F2,192,0.1464466154575348,teacher_mc,3,64,7888,112,0,4.108479697606526e-05,0.004279530141502619,0.32351675629615784,0.24469159543514252
91001,F2,240,0.009999999776482582,on_policy,0,64,9126,751,5,4.9180562200490385e-06,0.0014544654404744506,0.3072904348373413,nan
91001,F2,240,0.009999999776482582,on_policy,1,64,9116,879,6,3.5150562780472683e-06,0.0011270735412836075,0.2702348530292511,nan
91001,F2,240,0.009999999776482582,on_policy,2,64,9142,1007,7,2.571890945546329e-06,0.0009857313707470894,0.306363582611084,nan
91001,F2,240,0.009999999776482582,on_policy,3,64,9120,112,0,4.169580734014744e-06,0.0012342720292508602,0.30839958786964417,nan
91001,F2,240,0.009999999776482582,teacher_mc,0,64,9126,751,5,2.270682671223767e-06,0.0008918403182178736,0.3020322322845459,0.24990338587667793
91001,F2,240,0.009999999776482582,teacher_mc,1,64,9116,879,6,6.976728172958246e-07,0.0004121053498238325,0.23565572500228882,0.20459324610419571
91001,F2,240,0.009999999776482582,teacher_mc,2,64,9142,1007,7,9.010718713398091e-06,0.001341052120551467,0.3281727433204651,0.30613448307849467
91001,F2,240,0.009999999776482582,teacher_mc,3,64,9120,112,0,6.321918590401765e-06,0.0015218020416796207,0.2861156761646271,0.2944348260643892
91002,F1,1,0.999962329864502,on_policy,0,64,0,367,2,0.0,0.0,0.6929705142974854,nan
91002,F1,1,0.999962329864502,on_policy,1,64,2,495,3,0.00992683507502079,0.1354028433561325,0.6903743743896484,nan
91002,F1,1,0.999962329864502,on_policy,2,64,0,623,4,0.0,0.0,0.6929705142974854,nan
91002,F1,1,0.999962329864502,on_policy,3,64,0,751,5,0.0,0.0,0.6929705142974854,nan
91002,F1,1,0.999962329864502,teacher_mc,0,64,0,367,2,0.0,0.0,0.6929705142974854,0.6786373127251863
91002,F1,1,0.999962329864502,teacher_mc,1,64,2,495,3,0.0010749304201453924,0.03949102759361267,0.6927025318145752,0.7112108506262302
91002,F1,1,0.999962329864502,teacher_mc,2,64,0,623,4,0.0,0.0,0.6929705142974854,0.7009608503431082
91002,F1,1,0.999962329864502,teacher_mc,3,64,0,751,5,0.0,0.0,0.6929705142974854,0.6845119278877974
91002,F1,32,0.9619397521018982,on_policy,0,64,339,367,2,0.0004567178839351982,0.01874770037829876,0.4733678102493286,nan
91002,F1,32,0.9619397521018982,on_policy,1,64,320,495,3,0.0005383212119340897,0.016434140503406525,0.38967353105545044,nan
91002,F1,32,0.9619397521018982,on_policy,2,64,361,623,4,0.0005168161587789655,0.015936054289340973,0.4248844385147095,nan
91002,F1,32,0.9619397521018982,on_policy,3,64,362,751,5,0.0005894455825909972,0.021219324320554733,0.49008429050445557,nan
91002,F1,32,0.9619397521018982,teacher_mc,0,64,339,367,2,0.00026513508055359125,0.011868070811033249,0.3985627293586731,0.3002718140487559
91002,F1,32,0.9619397521018982,teacher_mc,1,64,320,495,3,0.00033095781691372395,0.014675458893179893,0.421640545129776,0.3335452430183068
91002,F1,32,0.9619397521018982,teacher_mc,2,64,361,623,4,0.000263068126514554,0.014072025194764137,0.41727370023727417,0.42754900350701064
91002,F1,32,0.9619397521018982,teacher_mc,3,64,362,751,5,0.0006349878967739642,0.02186521142721176,0.4725651144981384,0.45803113270085305
91002,F1,64,0.8535534143447876,on_policy,0,64,1275,367,2,0.00027948193019255996,0.014062803238630295,0.42967095971107483,nan
91002,F1,64,0.8535534143447876,on_policy,1,64,1287,495,3,0.0004025491653010249,0.014556671492755413,0.383038192987442,nan
91002,F1,64,0.8535534143447876,on_policy,2,64,1311,623,4,0.00030465598683804274,0.012787895277142525,0.381838321685791,nan
91002,F1,64,0.8535534143447876,on_policy,3,64,1389,751,5,0.0002136357652489096,0.01193474791944027,0.3989933133125305,nan
91002,F1,64,0.8535534143447876,teacher_mc,0,64,1275,367,2,0.0003650569706223905,0.015528830699622631,0.3937482535839081,0.3204201112384908
91002,F1,64,0.8535534143447876,teacher_mc,1,64,1287,495,3,0.00028211751487106085,0.012053847312927246,0.3551892042160034,0.19107485323911533
91002,F1,64,0.8535534143447876,teacher_mc,2,64,1311,623,4,0.00022352773521561176,0.012395663186907768,0.41083669662475586,0.43075613159453496
91002,F1,64,0.8535534143447876,teacher_mc,3,64,1389,751,5,0.0001899511698866263,0.010020995512604713,0.36510512232780457,0.3471523922053166
91002,F1,128,0.5,on_policy,0,64,4529,367,2,0.00028586952248588204,0.01031159795820713,0.3336091637611389,nan
91002,F1,128,0.5,on_policy,1,64,4549,495,3,0.00012180092744529247,0.006916462443768978,0.28547996282577515,nan
91002,F1,128,0.5,on_policy,2,64,4565,623,4,0.00014521265984512866,0.007951783016324043,0.32686376571655273,nan
91002,F1,128,0.5,on_policy,3,64,4508,751,5,0.00017824754468165338,0.008698505349457264,0.3128928542137146,nan
91002,F1,128,0.5,teacher_mc,0,64,4529,367,2,0.00018241471843793988,0.007054459303617477,0.295815110206604,0.2868845865014009
91002,F1,128,0.5,teacher_mc,1,64,4549,495,3,0.00017811678117141128,0.008499283343553543,0.29400014877319336,0.3345155832939781
91002,F1,128,0.5,teacher_mc,2,64,4565,623,4,0.0003247861750423908,0.01178378239274025,0.3231109082698822,0.3855603493284434
91002,F1,128,0.5,teacher_mc,3,64,4508,751,5,0.0002881522523239255,0.012220906093716621,0.3716210722923279,0.32978968805400655
91002,F1,192,0.1464466154575348,on_policy,0,64,7862,367,2,0.00011046518193325028,0.006660462357103825,0.3390566110610962,nan
91002,F1,192,0.1464466154575348,on_policy,1,64,7853,495,3,7.238754187710583e-05,0.004501003306359053,0.25660333037376404,nan
91002,F1,192,0.1464466154575348,on_policy,2,64,7898,623,4,4.204314973321743e-05,0.0038518630899488926,0.2999023199081421,nan
91002,F1,192,0.1464466154575348,on_policy,3,64,7819,751,5,6.764674617443234e-05,0.0047528441064059734,0.27483969926834106,nan
91002,F1,192,0.1464466154575348,teacher_mc,0,64,7862,367,2,4.306811752030626e-05,0.00447268970310688,0.30585771799087524,0.402223412937019
91002,F1,192,0.1464466154575348,teacher_mc,1,64,7853,495,3,5.7126235333271325e-05,0.004172749351710081,0.24700431525707245,0.3072193904663436
91002,F1,192,0.1464466154575348,teacher_mc,2,64,7898,623,4,9.066986240213737e-05,0.005800266750156879,0.30029159784317017,0.2865752402867656
91002,F1,192,0.1464466154575348,teacher_mc,3,64,7819,751,5,6.153408321551979e-05,0.00489539559930563,0.3132438659667969,0.35389670115546323
91002,F1,240,0.009999999776482582,on_policy,0,64,9128,367,2,1.448520265512343e-06,0.000640051206573844,0.2934730052947998,nan
91002,F1,240,0.009999999776482582,on_policy,1,64,9119,495,3,1.2946112519784947e-06,0.0006744034471921623,0.28817975521087646,nan
91002,F1,240,0.009999999776482582,on_policy,2,64,9130,623,4,1.2236482689331751e-06,0.0006945931236259639,0.3040103316307068,nan
91002,F1,240,0.009999999776482582,on_policy,3,64,9121,751,5,2.4181849767046515e-06,0.000823164009489119,0.30081528425216675,nan
91002,F1,240,0.009999999776482582,teacher_mc,0,64,9128,367,2,1.6348767530871555e-06,0.0007781863678246737,0.2911674380302429,0.19610511342762038
91002,F1,240,0.009999999776482582,teacher_mc,1,64,9119,495,3,1.0682433639885858e-06,0.000528472475707531,0.2415030598640442,0.31869789605843835
91002,F1,240,0.009999999776482582,teacher_mc,2,64,9130,623,4,2.7530445549928118e-06,0.000827373587526381,0.31327521800994873,0.37580376921687275
91002,F1,240,0.009999999776482582,teacher_mc,3,64,9121,751,5,1.5070625067892252e-06,0.0006971945986151695,0.30142202973365784,0.2686234587454237
91002,F1,1,0.999962329864502,on_policy,0,64,0,879,6,0.0,0.0,0.6929705142974854,nan
91002,F1,1,0.999962329864502,on_policy,1,64,0,1007,7,0.0,0.0,0.6929705142974854,nan
91002,F1,1,0.999962329864502,on_policy,2,64,0,112,0,0.0,0.0,0.6929705142974854,nan
91002,F1,1,0.999962329864502,on_policy,3,64,1,240,1,0.0030812290497124195,0.07545722275972366,0.6906435489654541,nan
91002,F1,1,0.999962329864502,teacher_mc,0,64,0,879,6,0.0,0.0,0.6929705142974854,0.705660542473197
91002,F1,1,0.999962329864502,teacher_mc,1,64,0,1007,7,0.0,0.0,0.6929705142974854,0.6933238506317139
91002,F1,1,0.999962329864502,teacher_mc,2,64,0,112,0,0.0,0.0,0.6929705142974854,0.6903865430504084
91002,F1,1,0.999962329864502,teacher_mc,3,64,1,240,1,0.0030812290497124195,0.07545722275972366,0.6906435489654541,0.6671218862757087
91002,F1,32,0.9619397521018982,on_policy,0,64,363,879,6,0.00025361444568261504,0.013760905712842941,0.43990421295166016,nan
91002,F1,32,0.9619397521018982,on_policy,1,64,383,1007,7,0.0002653035626281053,0.012632932513952255,0.40847766399383545,nan
91002,F1,32,0.9619397521018982,on_policy,2,64,340,112,0,0.00022589648142457008,0.012690946459770203,0.4722086489200592,nan
91002,F1,32,0.9619397521018982,on_policy,3,64,343,240,1,0.0007056794129312038,0.023613275960087776,0.48623621463775635,nan
91002,F1,32,0.9619397521018982,teacher_mc,0,64,363,879,6,0.000312887568725273,0.01459484826773405,0.42301061749458313,0.33302288595587015
91002,F1,32,0.9619397521018982,teacher_mc,1,64,383,1007,7,0.0008244655327871442,0.024279475212097168,0.46997958421707153,0.42928459122776985
91002,F1,32,0.9619397521018982,teacher_mc,2,64,340,112,0,0.00037920731119811535,0.016089284792542458,0.452039510011673,0.4678352646296844
91002,F1,32,0.9619397521018982,teacher_mc,3,64,343,240,1,0.0003450288495514542,0.015163598582148552,0.45779383182525635,0.4076132368063554
91002,F1,64,0.8535534143447876,on_policy,0,64,1357,879,6,0.00020782797946594656,0.01117958128452301,0.3757045567035675,nan
91002,F1,64,0.8535534143447876,on_policy,1,64,1367,1007,7,0.00021845707669854164,0.011585131287574768,0.3764922618865967,nan
91002,F1,64,0.8535534143447876,on_policy,2,64,1322,112,0,0.0004009459516964853,0.014806786552071571,0.37172991037368774,nan
91002,F1,64,0.8535534143447876,on_policy,3,64,1360,240,1,0.00031636172207072377,0.01423686370253563,0.39278116822242737,nan
91002,F1,64,0.8535534143447876,teacher_mc,0,64,1357,879,6,0.00020600152492988855,0.009818441234529018,0.32491156458854675,0.42447488981997594
91002,F1,64,0.8535534143447876,teacher_mc,1,64,1367,1007,7,0.00021863370784558356,0.009946384467184544,0.37710627913475037,0.3543271739035845
91002,F1,64,0.8535534143447876,teacher_mc,2,64,1322,112,0,0.00021258977358229458,0.01208587922155857,0.3854134678840637,0.4121948342653923
91002,F1,64,0.8535534143447876,teacher_mc,3,64,1360,240,1,0.00022743824229110032,0.01075864490121603,0.36148005723953247,0.33852307638153434
91002,F1,128,0.5,on_policy,0,64,4654,879,6,0.00013711280189454556,0.007483083289116621,0.2977566123008728,nan
91002,F1,128,0.5,on_policy,1,64,4670,1007,7,0.00012353548663668334,0.007792389020323753,0.32374173402786255,nan
91002,F1,128,0.5,on_policy,2,64,4604,112,0,0.00025553780142217875,0.01257239282131195,0.3630751967430115,nan
91002,F1,128,0.5,on_policy,3,64,4646,240,1,0.00013108004350215197,0.0077280462719500065,0.3434218764305115,nan
91002,F1,128,0.5,teacher_mc,0,64,4654,879,6,0.0001284420141018927,0.00672380905598402,0.26941579580307007,0.3545713784988038
91002,F1,128,0.5,teacher_mc,1,64,4670,1007,7,0.00034693937050178647,0.013152915984392166,0.33455780148506165,0.32641749223694205
91002,F1,128,0.5,teacher_mc,2,64,4604,112,0,0.0001959070796146989,0.009251581504940987,0.3117736577987671,0.30751798901474103
91002,F1,128,0.5,teacher_mc,3,64,4646,240,1,7.896678289398551e-05,0.005787776783108711,0.3064747452735901,0.19787278823787346
91002,F1,192,0.1464466154575348,on_policy,0,64,7838,879,6,7.880711200414225e-05,0.005630986765027046,0.2774726152420044,nan
91002,F1,192,0.1464466154575348,on_policy,1,64,7948,1007,7,4.047834954690188e-05,0.0039179883897304535,0.26407408714294434,nan
91002,F1,192,0.1464466154575348,on_policy,2,64,7881,112,0,5.854383925907314e-05,0.005792391020804644,0.3669934570789337,nan
91002,F1,192,0.1464466154575348,on_policy,3,64,7880,240,1,7.875663868617266e-05,0.006085879169404507,0.3105122148990631,nan
91002,F1,192,0.1464466154575348,teacher_mc,0,64,7838,879,6,4.133080437895842e-05,0.0037720599211752415,0.25656184554100037,0.23562457077787258
91002,F1,192,0.1464466154575348,teacher_mc,1,64,7948,1007,7,6.527053483296186e-05,0.005515038967132568,0.30746182799339294,0.23503916306071915
91002,F1,192,0.1464466154575348,teacher_mc,2,64,7881,112,0,3.9547463529743254e-05,0.004164405167102814,0.3047081530094147,0.2062767278694082
91002,F1,192,0.1464466154575348,teacher_mc,3,64,7880,240,1,7.152012403821573e-05,0.005917815491557121,0.32990795373916626,0.25021923385793343
91002,F1,240,0.009999999776482582,on_policy,0,64,9124,879,6,2.837603460648097e-06,0.0009217977058142424,0.3029705882072449,nan
91002,F1,240,0.009999999776482582,on_policy,1,64,9135,1007,7,1.5032800320113893e-06,0.0006432939553633332,0.3073349595069885,nan
91002,F1,240,0.009999999776482582,on_policy,2,64,9113,112,0,2.359076916036429e-06,0.0010798173025250435,0.37653887271881104,nan
91002,F1,240,0.009999999776482582,on_policy,3,64,9130,240,1,2.587777316875872e-06,0.0009600516641512513,0.32216978073120117,nan
91002,F1,240,0.009999999776482582,teacher_mc,0,64,9124,879,6,2.0209422473271843e-06,0.0003986821975558996,0.21661043167114258,0.31064228602917865
91002,F1,240,0.009999999776482582,teacher_mc,1,64,9135,1007,7,3.1511858651356306e-06,0.0008720748010091484,0.32090526819229126,0.3253080421418417
91002,F1,240,0.009999999776482582,teacher_mc,2,64,9113,112,0,1.6033189922382007e-06,0.0008485523867420852,0.3183247447013855,0.29474308955832385
91002,F1,240,0.009999999776482582,teacher_mc,3,64,9130,240,1,3.104081770288758e-06,0.0011462816037237644,0.3519558906555176,0.34289745410205796
91002,F2,1,0.999962329864502,on_policy,0,64,0,367,2,0.0,0.0,0.6929636001586914,nan
91002,F2,1,0.999962329864502,on_policy,1,64,2,495,3,0.011932691559195518,0.147490993142128,0.68883216381073,nan
91002,F2,1,0.999962329864502,on_policy,2,64,0,623,4,0.0,0.0,0.6929636001586914,nan
91002,F2,1,0.999962329864502,on_policy,3,64,0,751,5,0.0,0.0,0.6929636001586914,nan
91002,F2,1,0.999962329864502,teacher_mc,0,64,0,367,2,0.0,0.0,0.6929636001586914,0.6783581841737032
91002,F2,1,0.999962329864502,teacher_mc,1,64,2,495,3,0.0018963775364682078,0.05127553641796112,0.6925449371337891,0.7129689184948802
91002,F2,1,0.999962329864502,teacher_mc,2,64,0,623,4,0.0,0.0,0.6929636001586914,0.7011165972799063
91002,F2,1,0.999962329864502,teacher_mc,3,64,0,751,5,0.0,0.0,0.6929636001586914,0.684347240254283
91002,F2,32,0.9619397521018982,on_policy,0,64,339,367,2,0.00023912545293569565,0.013699468225240707,0.4759891927242279,nan
91002,F2,32,0.9619397521018982,on_policy,1,64,320,495,3,0.0002450680476613343,0.011145721189677715,0.3874959349632263,nan
91002,F2,32,0.9619397521018982,on_policy,2,64,361,623,4,0.00019021892512682825,0.009728503413498402,0.4165051281452179,nan
91002,F2,32,0.9619397521018982,on_policy,3,64,362,751,5,0.00032286709756590426,0.015636786818504333,0.48765119910240173,nan
91002,F2,32,0.9619397521018982,teacher_mc,0,64,339,367,2,0.00010983843822032213,0.007187331560999155,0.3932642638683319,0.29656886268639937
91002,F2,32,0.9619397521018982,teacher_mc,1,64,320,495,3,0.00017990250489674509,0.010986409150063992,0.4203961193561554,0.33216733078006655
91002,F2,32,0.9619397521018982,teacher_mc,2,64,361,623,4,0.0001345421769656241,0.009894637390971184,0.4157807230949402,0.42674715211614966
91002,F2,32,0.9619397521018982,teacher_mc,3,64,362,751,5,0.00022357514535542578,0.012890881858766079,0.4626011252403259,0.45378866139799356
91002,F2,64,0.8535534143447876,on_policy,0,64,1275,367,2,5.27308220625855e-05,0.005672983359545469,0.42795681953430176,nan
91002,F2,64,0.8535534143447876,on_policy,1,64,1287,495,3,0.00011257765436312184,0.008117705583572388,0.37304967641830444,nan
91002,F2,64,0.8535534143447876,on_policy,2,64,1311,623,4,7.544215623056516e-05,0.006136155687272549,0.3675726354122162,nan
91002,F2,64,0.8535534143447876,on_policy,3,64,1389,751,5,7.300199649762362e-05,0.006610366515815258,0.4217779338359833,nan
91002,F2,64,0.8535534143447876,teacher_mc,0,64,1275,367,2,0.0001071043370757252,0.007852640002965927,0.3868621587753296,0.321917119435966
91002,F2,64,0.8535534143447876,teacher_mc,1,64,1287,495,3,7.784889021422714e-05,0.006648329086601734,0.35071563720703125,0.1900110829155892
91002,F2,64,0.8535534143447876,teacher_mc,2,64,1311,623,4,6.49638386676088e-05,0.006649169139564037,0.4055607318878174,0.42843174166046083
91002,F2,64,0.8535534143447876,teacher_mc,3,64,1389,751,5,3.912286047125235e-05,0.004773661494255066,0.35894349217414856,0.34673169621964917
91002,F2,128,0.5,on_policy,0,64,4529,367,2,9.64535865932703e-05,0.006411580368876457,0.3324570655822754,nan
91002,F2,128,0.5,on_policy,1,64,4549,495,3,3.9836631913203746e-05,0.004330060910433531,0.30208879709243774,nan
91002,F2,128,0.5,on_policy,2,64,4565,623,4,6.761613622074947e-05,0.0056465137749910355,0.33964085578918457,nan
91002,F2,128,0.5,on_policy,3,64,4508,751,5,6.955863500479609e-05,0.006333940662443638,0.35201743245124817,nan
91002,F2,128,0.5,teacher_mc,0,64,4529,367,2,4.332620301283896e-05,0.0039812191389501095,0.2945956289768219,0.28659093368332833
91002,F2,128,0.5,teacher_mc,1,64,4549,495,3,6.202224176377058e-05,0.005077635869383812,0.28984686732292175,0.32638857065467164
91002,F2,128,0.5,teacher_mc,2,64,4565,623,4,8.108210749924183e-05,0.005914410576224327,0.32068413496017456,0.38520705606788397
91002,F2,128,0.5,teacher_mc,3,64,4508,751,5,0.00011087345774285495,0.007576254196465015,0.3670702576637268,0.3258689629146829
91002,F2,192,0.1464466154575348,on_policy,0,64,7862,367,2,3.7273555790307e-05,0.00439072772860527,0.3472060561180115,nan
91002,F2,192,0.1464466154575348,on_policy,1,64,7853,495,3,2.088471046590712e-05,0.0027203329373151064,0.26088786125183105,nan
91002,F2,192,0.1464466154575348,on_policy,2,64,7898,623,4,2.0573501387843862e-05,0.002875200705602765,0.30315518379211426,nan
91002,F2,192,0.1464466154575348,on_policy,3,64,7819,751,5,4.230911144986749e-05,0.004117506556212902,0.33955472707748413,nan
91002,F2,192,0.1464466154575348,teacher_mc,0,64,7862,367,2,3.076216671615839e-05,0.0037169628776609898,0.30798476934432983,0.40165856448584236
91002,F2,192,0.1464466154575348,teacher_mc,1,64,7853,495,3,3.654726970125921e-05,0.0034519617911428213,0.2476292848587036,0.3078962963190861
91002,F2,192,0.1464466154575348,teacher_mc,2,64,7898,623,4,7.881248893681914e-05,0.005551700014621019,0.3020429015159607,0.28842959366738796
91002,F2,192,0.1464466154575348,teacher_mc,3,64,7819,751,5,4.1387425881111994e-05,0.004529322497546673,0.3167920708656311,0.35176585588487796
91002,F2,240,0.009999999776482582,on_policy,0,64,9128,367,2,1.0766875675471965e-06,0.0005140482680872083,0.31856802105903625,nan
91002,F2,240,0.009999999776482582,on_policy,1,64,9119,495,3,1.5116476106413756e-06,0.000731455278582871,0.30787086486816406,nan
91002,F2,240,0.009999999776482582,on_policy,2,64,9130,623,4,1.1909897921213997e-06,0.0007007529493421316,0.31476855278015137,nan
91002,F2,240,0.009999999776482582,on_policy,3,64,9121,751,5,2.4382588890148327e-06,0.0010740887373685837,0.3407289981842041,nan
91002,F2,240,0.009999999776482582,teacher_mc,0,64,9128,367,2,1.5346583950304193e-06,0.0007846804801374674,0.29152822494506836,0.19661561108659953
91002,F2,240,0.009999999776482582,teacher_mc,1,64,9119,495,3,7.927803835627856e-07,0.00039581028977409005,0.240034282207489,0.3197163465374615
91002,F2,240,0.009999999776482582,teacher_mc,2,64,9130,623,4,2.490819497324992e-06,0.0009875788819044828,0.3149721026420593,0.3775554932653904
91002,F2,240,0.009999999776482582,teacher_mc,3,64,9121,751,5,1.4475194802798796e-06,0.0007030993001535535,0.30322346091270447,0.274324748897925
91002,F2,1,0.999962329864502,on_policy,0,64,0,879,6,0.0,0.0,0.6929636001586914,nan
91002,F2,1,0.999962329864502,on_policy,1,64,0,1007,7,0.0,0.0,0.6929636001586914,nan
91002,F2,1,0.999962329864502,on_policy,2,64,0,112,0,0.0,0.0,0.6929636001586914,nan
91002,F2,1,0.999962329864502,on_policy,3,64,1,240,1,0.004751646891236305,0.09353846311569214,0.6896543502807617,nan
91002,F2,1,0.999962329864502,teacher_mc,0,64,0,879,6,0.0,0.0,0.6929636001586914,0.7059078421443701
91002,F2,1,0.999962329864502,teacher_mc,1,64,0,1007,7,0.0,0.0,0.6929636001586914,0.6933308243751526
91002,F2,1,0.999962329864502,teacher_mc,2,64,0,112,0,0.0,0.0,0.6929636001586914,0.6903362963348627
91002,F2,1,0.999962329864502,teacher_mc,3,64,1,240,1,0.004751646891236305,0.09353846311569214,0.6896543502807617,0.6634888658300042
91002,F2,32,0.9619397521018982,on_policy,0,64,363,879,6,0.00010977380588883534,0.008896348997950554,0.4452446401119232,nan
91002,F2,32,0.9619397521018982,on_policy,1,64,383,1007,7,0.00016406417125836015,0.009848980233073235,0.41574251651763916,nan
91002,F2,32,0.9619397521018982,on_policy,2,64,340,112,0,0.00010178569209529087,0.008870544843375683,0.4698024392127991,nan
91002,F2,32,0.9619397521018982,on_policy,3,64,343,240,1,0.0002979154814966023,0.014565136283636093,0.47868138551712036,nan
91002,F2,32,0.9619397521018982,teacher_mc,0,64,363,879,6,0.00016295036766678095,0.01072763279080391,0.4235532283782959,0.33267143450211734
91002,F2,32,0.9619397521018982,teacher_mc,1,64,383,1007,7,0.0004023589426651597,0.017524704337120056,0.46908995509147644,0.4245476018404588
91002,F2,32,0.9619397521018982,teacher_mc,2,64,340,112,0,0.00017906245193444192,0.011223573237657547,0.448001503944397,0.47091695107519627
91002,F2,32,0.9619397521018982,teacher_mc,3,64,343,240,1,0.00013028433022554964,0.008714808151125908,0.45324522256851196,0.40453063941095024
91002,F2,64,0.8535534143447876,on_policy,0,64,1357,879,6,5.4297033784678206e-05,0.0057238247245550156,0.3788343369960785,nan
91002,F2,64,0.8535534143447876,on_policy,1,64,1367,1007,7,6.487443170044571e-05,0.006401286460459232,0.3864566683769226,nan
91002,F2,64,0.8535534143447876,on_policy,2,64,1322,112,0,7.429232209688053e-05,0.0061517031863331795,0.38423511385917664,nan
91002,F2,64,0.8535534143447876,on_policy,3,64,1360,240,1,6.637904152739793e-05,0.005689449608325958,0.3730499744415283,nan
91002,F2,64,0.8535534143447876,teacher_mc,0,64,1357,879,6,5.4178210120880976e-05,0.005210576578974724,0.324401319026947,0.42499699210748076
91002,F2,64,0.8535534143447876,teacher_mc,1,64,1367,1007,7,4.535009793471545e-05,0.004644198343157768,0.3757563829421997,0.35654326633084565
91002,F2,64,0.8535534143447876,teacher_mc,2,64,1322,112,0,3.435337566770613e-05,0.004839595872908831,0.3817426860332489,0.4155497869942337
91002,F2,64,0.8535534143447876,teacher_mc,3,64,1360,240,1,5.0151124014519155e-05,0.0049948906525969505,0.3567926585674286,0.33447589416755363
91002,F2,128,0.5,on_policy,0,64,4654,879,6,4.594983329297975e-05,0.004569299519062042,0.305671364068985,nan
91002,F2,128,0.5,on_policy,1,64,4670,1007,7,4.385153079056181e-05,0.004476625472307205,0.33499857783317566,nan
91002,F2,128,0.5,on_policy,2,64,4604,112,0,7.787945651216432e-05,0.006983013357967138,0.35610929131507874,nan
91002,F2,128,0.5,on_policy,3,64,4646,240,1,7.277558324858546e-05,0.005947284400463104,0.3456399738788605,nan
91002,F2,128,0.5,teacher_mc,0,64,4654,879,6,3.955632564611733e-05,0.003785941516980529,0.26843833923339844,0.35019354545511305
91002,F2,128,0.5,teacher_mc,1,64,4670,1007,7,0.00010584085248410702,0.006735979579389095,0.33312147855758667,0.3163912649615668
91002,F2,128,0.5,teacher_mc,2,64,4604,112,0,6.138197932159528e-05,0.005600867792963982,0.3112694025039673,0.2991449202527292
91002,F2,128,0.5,teacher_mc,3,64,4646,240,1,4.094355972483754e-05,0.004080577287822962,0.3054755926132202,0.19693148508667946
91002,F2,192,0.1464466154575348,on_policy,0,64,7838,879,6,4.0657087083673105e-05,0.004120756406337023,0.27853164076805115,nan
91002,F2,192,0.1464466154575348,on_policy,1,64,7948,1007,7,2.4163673515431583e-05,0.0030887718312442303,0.290702760219574,nan
91002,F2,192,0.1464466154575348,on_policy,2,64,7881,112,0,4.017046740045771e-05,0.004402723163366318,0.3177914619445801,nan
91002,F2,192,0.1464466154575348,on_policy,3,64,7880,240,1,4.6520035539288074e-05,0.0047520361840724945,0.32749176025390625,nan
91002,F2,192,0.1464466154575348,teacher_mc,0,64,7838,879,6,2.3731648980174214e-05,0.002961321733891964,0.256950706243515,0.23649448013748042
91002,F2,192,0.1464466154575348,teacher_mc,1,64,7948,1007,7,3.43575156875886e-05,0.0039993226528167725,0.3091617822647095,0.23003936372697353
91002,F2,192,0.1464466154575348,teacher_mc,2,64,7881,112,0,1.7233869584742934e-05,0.0028273870702832937,0.30546146631240845,0.2054856497561559
91002,F2,192,0.1464466154575348,teacher_mc,3,64,7880,240,1,3.605039819376543e-05,0.003951269201934338,0.3310573995113373,0.25460169970756397
91002,F2,240,0.009999999776482582,on_policy,0,64,9124,879,6,1.7591428331797943e-06,0.0007153708720579743,0.28684496879577637,nan
91002,F2,240,0.009999999776482582,on_policy,1,64,9135,1007,7,1.6642541140754474e-06,0.0006582381902262568,0.3068365454673767,nan
91002,F2,240,0.009999999776482582,on_policy,2,64,9113,112,0,4.627185262506828e-06,0.0015258492203429341,0.35742369294166565,nan
91002,F2,240,0.009999999776482582,on_policy,3,64,9130,240,1,2.578833800725988e-06,0.0009237605845555663,0.3159153461456299,nan
91002,F2,240,0.009999999776482582,teacher_mc,0,64,9124,879,6,1.3099036095809424e-06,0.0004476047761272639,0.2158692181110382,0.30968303518602625
91002,F2,240,0.009999999776482582,teacher_mc,1,64,9135,1007,7,2.5991939764935523e-06,0.0009851849172264338,0.3214144706726074,0.32393339966074564
91002,F2,240,0.009999999776482582,teacher_mc,2,64,9113,112,0,8.738984433875885e-07,0.0006262595416046679,0.32164934277534485,0.29588492048787884
91002,F2,240,0.009999999776482582,teacher_mc,3,64,9130,240,1,2.500968093954725e-06,0.0011018384248018265,0.3533895015716553,0.34138272289419547
91003,F1,1,0.999962329864502,on_policy,0,64,0,495,3,0.0,0.0,0.6930093765258789,nan
91003,F1,1,0.999962329864502,on_policy,1,64,0,623,4,0.0,0.0,0.6930093765258789,nan
91003,F1,1,0.999962329864502,on_policy,2,64,0,751,5,0.0,0.0,0.6930093765258789,nan
91003,F1,1,0.999962329864502,on_policy,3,64,1,879,6,0.0022320463322103024,0.06297849863767624,0.6925811767578125,nan
91003,F1,1,0.999962329864502,teacher_mc,0,64,0,495,3,0.0,0.0,0.6930093765258789,0.6829089634120464
91003,F1,1,0.999962329864502,teacher_mc,1,64,0,623,4,0.0,0.0,0.6930093765258789,0.6803149646148086
91003,F1,1,0.999962329864502,teacher_mc,2,64,0,751,5,0.0,0.0,0.6930093765258789,0.7031421540305018
91003,F1,1,0.999962329864502,teacher_mc,3,64,1,879,6,0.0022320463322103024,0.06297849863767624,0.6925811767578125,0.6970952544361353
91003,F1,32,0.9619397521018982,on_policy,0,64,385,495,3,0.0011101567652076483,0.029423395171761513,0.4817049503326416,nan
91003,F1,32,0.9619397521018982,on_policy,1,64,390,623,4,0.0006145444349385798,0.018191350623965263,0.42509138584136963,nan
91003,F1,32,0.9619397521018982,on_policy,2,64,319,751,5,0.0009665465913712978,0.027898278087377548,0.4792401194572449,nan
91003,F1,32,0.9619397521018982,on_policy,3,64,367,879,6,0.0011777987238019705,0.027455607429146767,0.4449339210987091,nan
91003,F1,32,0.9619397521018982,teacher_mc,0,64,385,495,3,0.0009581115446053445,0.02486831694841385,0.43976467847824097,0.4196972590871155
91003,F1,32,0.9619397521018982,teacher_mc,1,64,390,623,4,0.00031713920179754496,0.012263359501957893,0.37869447469711304,0.37052171281538904
91003,F1,32,0.9619397521018982,teacher_mc,2,64,319,751,5,0.0011287560919299722,0.026117265224456787,0.45978665351867676,0.39729683578480035
91003,F1,32,0.9619397521018982,teacher_mc,3,64,367,879,6,0.0013144089607521892,0.031253524124622345,0.45619672536849976,0.43323154153767973
91003,F1,64,0.8535534143447876,on_policy,0,64,1398,495,3,0.00196809321641922,0.03446665406227112,0.4171399474143982,nan
91003,F1,64,0.8535534143447876,on_policy,1,64,1345,623,4,0.002894122153520584,0.04232332110404968,0.4259350299835205,nan
91003,F1,64,0.8535534143447876,on_policy,2,64,1333,751,5,0.0010617683874443173,0.024226151406764984,0.3705183267593384,nan
91003,F1,64,0.8535534143447876,on_policy,3,64,1359,879,6,0.001750013791024685,0.030812138691544533,0.37896668910980225,nan
91003,F1,64,0.8535534143447876,teacher_mc,0,64,1398,495,3,0.001286487327888608,0.024416090920567513,0.34692156314849854,0.3397661948110908
91003,F1,64,0.8535534143447876,teacher_mc,1,64,1345,623,4,0.0015196967869997025,0.027440013363957405,0.36736103892326355,0.26809468457940966
91003,F1,64,0.8535534143447876,teacher_mc,2,64,1333,751,5,0.001370350713841617,0.029006458818912506,0.3856799006462097,0.42051712615648285
91003,F1,64,0.8535534143447876,teacher_mc,3,64,1359,879,6,0.0017316784942522645,0.031767383217811584,0.41414976119995117,0.26942873472580686
91003,F1,128,0.5,on_policy,0,64,4623,495,3,0.0009573011193424463,0.022793056443333626,0.36695337295532227,nan
91003,F1,128,0.5,on_policy,1,64,4624,623,4,0.00045129843056201935,0.015317972749471664,0.3269929885864258,nan
91003,F1,128,0.5,on_policy,2,64,4588,751,5,0.0004143834230490029,0.014796736650168896,0.34037548303604126,nan
91003,F1,128,0.5,on_policy,3,64,4618,879,6,0.0006155401351861656,0.018388694152235985,0.3220100998878479,nan
91003,F1,128,0.5,teacher_mc,0,64,4623,495,3,0.0006814557127654552,0.016882028430700302,0.3064751625061035,0.3003071708371863
91003,F1,128,0.5,teacher_mc,1,64,4624,623,4,0.0006281897658482194,0.019111786037683487,0.3474065661430359,0.47897815064061433
91003,F1,128,0.5,teacher_mc,2,64,4588,751,5,0.0003973238926846534,0.01401793397963047,0.3049599528312683,0.3242049746331759
91003,F1,128,0.5,teacher_mc,3,64,4618,879,6,0.0004465472884476185,0.014735041186213493,0.29537808895111084,0.22187042195582762
91003,F1,192,0.1464466154575348,on_policy,0,64,7889,495,3,0.00025778793497011065,0.012085401453077793,0.3636721968650818,nan
91003,F1,192,0.1464466154575348,on_policy,1,64,7859,623,4,0.00026086962316185236,0.012154171243309975,0.34548303484916687,nan
91003,F1,192,0.1464466154575348,on_policy,2,64,7845,751,5,0.00017509429017081857,0.007661249954253435,0.27498912811279297,nan
91003,F1,192,0.1464466154575348,on_policy,3,64,7823,879,6,0.00015506107592955232,0.007701724302023649,0.28521645069122314,nan
91003,F1,192,0.1464466154575348,teacher_mc,0,64,7889,495,3,0.00017972203204408288,0.007293785456568003,0.25421732664108276,0.17723965406185016
91003,F1,192,0.1464466154575348,teacher_mc,1,64,7859,623,4,0.0002955301897600293,0.010899728164076805,0.29491162300109863,0.2640852393815294
91003,F1,192,0.1464466154575348,teacher_mc,2,64,7845,751,5,0.0001119482476497069,0.006100656930357218,0.27874550223350525,0.20707571413367987
91003,F1,192,0.1464466154575348,teacher_mc,3,64,7823,879,6,0.00021790002938359976,0.010689087212085724,0.35949283838272095,0.3114414722658694
91003,F1,240,0.009999999776482582,on_policy,0,64,9128,495,3,1.2016025721095502e-05,0.0017597740516066551,0.2798723578453064,nan
91003,F1,240,0.009999999776482582,on_policy,1,64,9137,623,4,4.702101250586566e-06,0.001370508805848658,0.2838142514228821,nan
91003,F1,240,0.009999999776482582,on_policy,2,64,9115,751,5,2.5708748580655083e-05,0.0025754347443580627,0.2679150700569153,nan
91003,F1,240,0.009999999776482582,on_policy,3,64,9125,879,6,8.574002094974276e-06,0.001231140224263072,0.24627721309661865,nan
91003,F1,240,0.009999999776482582,teacher_mc,0,64,9128,495,3,5.759634404967073e-06,0.0011335567105561495,0.24035325646400452,0.16129428110434674
91003,F1,240,0.009999999776482582,teacher_mc,1,64,9137,623,4,4.039712621306535e-06,0.0011418848298490047,0.2815564274787903,0.22501578059745952
91003,F1,240,0.009999999776482582,teacher_mc,2,64,9115,751,5,1.6220939869526774e-05,0.0024159352760761976,0.27882784605026245,0.2107248103711754
91003,F1,240,0.009999999776482582,teacher_mc,3,64,9125,879,6,6.233403837541118e-06,0.0011800037464126945,0.2995435893535614,0.4040071561757941
91003,F1,1,0.999962329864502,on_policy,0,64,0,1007,7,0.0,0.0,0.6930093765258789,nan
91003,F1,1,0.999962329864502,on_policy,1,64,0,112,0,0.0,0.0,0.6930093765258789,nan
91003,F1,1,0.999962329864502,on_policy,2,64,0,240,1,0.0,0.0,0.6930093765258789,nan
91003,F1,1,0.999962329864502,on_policy,3,64,1,368,2,0.0020572913344949484,0.06060797721147537,0.6930873394012451,nan
91003,F1,1,0.999962329864502,teacher_mc,0,64,0,1007,7,0.0,0.0,0.6930093765258789,0.7036609537899494
91003,F1,1,0.999962329864502,teacher_mc,1,64,0,112,0,0.0,0.0,0.6930093765258789,0.7036609537899494
91003,F1,1,0.999962329864502,teacher_mc,2,64,0,240,1,0.0,0.0,0.6930093765258789,0.7026233542710543
91003,F1,1,0.999962329864502,teacher_mc,3,64,1,368,2,0.0020572913344949484,0.06060797721147537,0.6930873394012451,0.7005980992689729
91003,F1,32,0.9619397521018982,on_policy,0,64,363,1007,7,0.0012468539644032717,0.030352246016263962,0.45585310459136963,nan
91003,F1,32,0.9619397521018982,on_policy,1,64,361,112,0,0.0018847486935555935,0.03861527144908905,0.5093730688095093,nan
91003,F1,32,0.9619397521018982,on_policy,2,64,333,240,1,0.0010196331422775984,0.026401575654745102,0.4760700464248657,nan
91003,F1,32,0.9619397521018982,on_policy,3,64,351,368,2,0.0005553102819249034,0.018637925386428833,0.43595853447914124,nan
91003,F1,32,0.9619397521018982,teacher_mc,0,64,363,1007,7,0.0008757134201005101,0.026002487167716026,0.4561930298805237,0.37010821199510247
91003,F1,32,0.9619397521018982,teacher_mc,1,64,361,112,0,0.0011157363187521696,0.027283597737550735,0.4570227861404419,0.5095220332732424
91003,F1,32,0.9619397521018982,teacher_mc,2,64,333,240,1,0.0013505545211955905,0.02434799075126648,0.4140678644180298,0.3800415238365531
91003,F1,32,0.9619397521018982,teacher_mc,3,64,351,368,2,0.0009147516684606671,0.022046804428100586,0.42565643787384033,0.4728122012456879
91003,F1,64,0.8535534143447876,on_policy,0,64,1289,1007,7,0.001152884098701179,0.01996481791138649,0.3530677855014801,nan
91003,F1,64,0.8535534143447876,on_policy,1,64,1339,112,0,0.0020539811812341213,0.037846293300390244,0.42713838815689087,nan
91003,F1,64,0.8535534143447876,on_policy,2,64,1328,240,1,0.0011309137335047126,0.026367761194705963,0.41451963782310486,nan
91003,F1,64,0.8535534143447876,on_policy,3,64,1369,368,2,0.002389773726463318,0.03621938079595566,0.36448466777801514,nan
91003,F1,64,0.8535534143447876,teacher_mc,0,64,1289,1007,7,0.0011564503656700253,0.026809528470039368,0.3935476839542389,0.37711332069011405
91003,F1,64,0.8535534143447876,teacher_mc,1,64,1339,112,0,0.0012843813747167587,0.028063151985406876,0.3841279149055481,0.30517739086644724
91003,F1,64,0.8535534143447876,teacher_mc,2,64,1328,240,1,0.0008093909709714353,0.02015184983611107,0.33607882261276245,0.28414212638745084
91003,F1,64,0.8535534143447876,teacher_mc,3,64,1369,368,2,0.001132020028308034,0.023427706211805344,0.3544034957885742,0.3518558231298812
91003,F1,128,0.5,on_policy,0,64,4516,1007,7,0.00048066655290313065,0.015394997783005238,0.3242720365524292,nan
91003,F1,128,0.5,on_policy,1,64,4664,112,0,0.0007290703360922635,0.019924286752939224,0.37150296568870544,nan
91003,F1,128,0.5,on_policy,2,64,4645,240,1,0.0005780329229310155,0.01785813644528389,0.331291526556015,nan
91003,F1,128,0.5,on_policy,3,64,4612,368,2,0.0002591845695860684,0.010520632378757,0.2728894054889679,nan
91003,F1,128,0.5,teacher_mc,0,64,4516,1007,7,0.0004784832999575883,0.014742412604391575,0.336166650056839,0.2449066426488571
91003,F1,128,0.5,teacher_mc,1,64,4664,112,0,0.0004969081492163241,0.01689404994249344,0.3298455476760864,0.30266293638851494
91003,F1,128,0.5,teacher_mc,2,64,4645,240,1,0.0002818751963786781,0.012299196794629097,0.30683445930480957,0.26136195892468095
91003,F1,128,0.5,teacher_mc,3,64,4612,368,2,0.00041285521001555026,0.014878317713737488,0.32947421073913574,0.29169985343469307
91003,F1,192,0.1464466154575348,on_policy,0,64,7845,1007,7,0.0001089672587113455,0.007068498991429806,0.28894418478012085,nan
91003,F1,192,0.1464466154575348,on_policy,1,64,7908,112,0,0.0002985582686960697,0.012244069948792458,0.3209856152534485,nan
91003,F1,192,0.1464466154575348,on_policy,2,64,7888,240,1,0.00026650200015865266,0.01038562785834074,0.3053443729877472,nan
91003,F1,192,0.1464466154575348,on_policy,3,64,7835,368,2,0.00013343707541935146,0.007171244360506535,0.3005516529083252,nan
91003,F1,192,0.1464466154575348,teacher_mc,0,64,7845,1007,7,0.00019275466911494732,0.008489587344229221,0.2884373366832733,0.3011281759245321
91003,F1,192,0.1464466154575348,teacher_mc,1,64,7908,112,0,0.00012711930321529508,0.006422566715627909,0.29481035470962524,0.33325089525897056
91003,F1,192,0.1464466154575348,teacher_mc,2,64,7888,240,1,9.041311568580568e-05,0.0056277066469192505,0.27944785356521606,0.18844807159621269
91003,F1,192,0.1464466154575348,teacher_mc,3,64,7835,368,2,0.00017862991080619395,0.008671784773468971,0.2964130938053131,0.26382314931834117
91003,F1,240,0.009999999776482582,on_policy,0,64,9126,1007,7,5.195846370043e-06,0.0012409081682562828,0.2368665188550949,nan
91003,F1,240,0.009999999776482582,on_policy,1,64,9131,112,0,7.441218258463778e-06,0.0014963917201384902,0.2843115031719208,nan
91003,F1,240,0.009999999776482582,on_policy,2,64,9121,240,1,2.690148539841175e-05,0.002913411008194089,0.3135085105895996,nan
91003,F1,240,0.009999999776482582,on_policy,3,64,9144,368,2,3.4812287594832014e-06,0.0008933645440265536,0.2532997131347656,nan
91003,F1,240,0.009999999776482582,teacher_mc,0,64,9126,1007,7,1.5437815818586387e-05,0.0021225828677415848,0.26404187083244324,0.27600472207996063
91003,F1,240,0.009999999776482582,teacher_mc,1,64,9131,112,0,5.417780812422279e-06,0.0012342482805252075,0.2693774998188019,0.3548669234733097
91003,F1,240,0.009999999776482582,teacher_mc,2,64,9121,240,1,9.66681182035245e-06,0.001761263352818787,0.2549251914024353,0.29986931013991125
91003,F1,240,0.009999999776482582,teacher_mc,3,64,9144,368,2,3.869834927172633e-06,0.0011020797537639737,0.2753276526927948,0.20931795428623445
91003,F2,1,0.999962329864502,on_policy,0,64,0,495,3,0.0,0.0,0.6930261254310608,nan
91003,F2,1,0.999962329864502,on_policy,1,64,0,623,4,0.0,0.0,0.6930261254310608,nan
91003,F2,1,0.999962329864502,on_policy,2,64,0,751,5,0.0,0.0,0.6930261254310608,nan
91003,F2,1,0.999962329864502,on_policy,3,64,1,879,6,0.006655033677816391,0.1120034009218216,0.691019594669342,nan
91003,F2,1,0.999962329864502,teacher_mc,0,64,0,495,3,0.0,0.0,0.6930261254310608,0.6835408210754395
91003,F2,1,0.999962329864502,teacher_mc,1,64,0,623,4,0.0,0.0,0.6930261254310608,0.6811089515686035
91003,F2,1,0.999962329864502,teacher_mc,2,64,0,751,5,0.0,0.0,0.6930261254310608,0.7025094032287598
91003,F2,1,0.999962329864502,teacher_mc,3,64,1,879,6,0.006655033677816391,0.1120034009218216,0.691019594669342,0.702504682354629
91003,F2,32,0.9619397521018982,on_policy,0,64,385,495,3,0.00034613703610375524,0.016624748706817627,0.47278067469596863,nan
91003,F2,32,0.9619397521018982,on_policy,1,64,390,623,4,0.00032033995375968516,0.01424984261393547,0.4345781207084656,nan
91003,F2,32,0.9619397521018982,on_policy,2,64,319,751,5,0.000494961510412395,0.019771546125411987,0.49649345874786377,nan
91003,F2,32,0.9619397521018982,on_policy,3,64,367,879,6,0.00043820287100970745,0.016785908490419388,0.4490623474121094,nan
91003,F2,32,0.9619397521018982,teacher_mc,0,64,385,495,3,0.0003677851054817438,0.01525723934173584,0.4380626678466797,0.41734002181328833
91003,F2,32,0.9619397521018982,teacher_mc,1,64,390,623,4,0.00012040042201988399,0.007563374005258083,0.37832415103912354,0.3672070039319806
91003,F2,32,0.9619397521018982,teacher_mc,2,64,319,751,5,0.00037220324156805873,0.015250160358846188,0.45684513449668884,0.3857688062125817
91003,F2,32,0.9619397521018982,teacher_mc,3,64,367,879,6,0.0005544248851947486,0.020201534032821655,0.4557003676891327,0.4269425083184615
91003,F2,64,0.8535534143447876,on_policy,0,64,1398,495,3,0.0005509930197149515,0.01872280240058899,0.4222905933856964,nan
91003,F2,64,0.8535534143447876,on_policy,1,64,1345,623,4,0.0009150917758233845,0.024253344163298607,0.44489049911499023,nan
91003,F2,64,0.8535534143447876,on_policy,2,64,1333,751,5,0.0005265639629215002,0.01877574622631073,0.41800010204315186,nan
91003,F2,64,0.8535534143447876,on_policy,3,64,1359,879,6,0.0006062770262360573,0.018788697198033333,0.3861992359161377,nan
91003,F2,64,0.8535534143447876,teacher_mc,0,64,1398,495,3,0.0003978577733505517,0.013670150190591812,0.345580518245697,0.3372689674142748
91003,F2,64,0.8535534143447876,teacher_mc,1,64,1345,623,4,0.0004039074410684407,0.014565441757440567,0.36790186166763306,0.26449967361986637
91003,F2,64,0.8535534143447876,teacher_mc,2,64,1333,751,5,0.00041390274418517947,0.01638736203312874,0.38585326075553894,0.41798796999501064
91003,F2,64,0.8535534143447876,teacher_mc,3,64,1359,879,6,0.0005055014044046402,0.01665070466697216,0.41205620765686035,0.2652100643608719
91003,F2,128,0.5,on_policy,0,64,4623,495,3,0.00021957348508294672,0.010402574203908443,0.3599148392677307,nan
91003,F2,128,0.5,on_policy,1,64,4624,623,4,0.00014440770610235631,0.008868791162967682,0.3474106788635254,nan
91003,F2,128,0.5,on_policy,2,64,4588,751,5,0.0002353823947487399,0.011274827644228935,0.35385650396347046,nan
91003,F2,128,0.5,on_policy,3,64,4618,879,6,0.0001824466889956966,0.00948363821953535,0.30876094102859497,nan
91003,F2,128,0.5,teacher_mc,0,64,4623,495,3,0.00020346105156932026,0.010016586631536484,0.3093251883983612,0.296113851480186
91003,F2,128,0.5,teacher_mc,1,64,4624,623,4,0.00018707546405494213,0.010417455807328224,0.3517190217971802,0.4776249363203533
91003,F2,128,0.5,teacher_mc,2,64,4588,751,5,0.00013478458276949823,0.007702947128564119,0.3074027895927429,0.321840378921479
91003,F2,128,0.5,teacher_mc,3,64,4618,879,6,0.0001562889665365219,0.008857417851686478,0.29698705673217773,0.2194478764431551
91003,F2,192,0.1464466154575348,on_policy,0,64,7889,495,3,7.458731852238998e-05,0.00645167613402009,0.351348876953125,nan
91003,F2,192,0.1464466154575348,on_policy,1,64,7859,623,4,5.971334394416772e-05,0.005984948948025703,0.3614300489425659,nan
91003,F2,192,0.1464466154575348,on_policy,2,64,7845,751,5,3.510302849463187e-05,0.003599636722356081,0.24530884623527527,nan
91003,F2,192,0.1464466154575348,on_policy,3,64,7823,879,6,5.6072713050525635e-05,0.004740963689982891,0.2902553379535675,nan
91003,F2,192,0.1464466154575348,teacher_mc,0,64,7889,495,3,6.993892748141661e-05,0.004532197955995798,0.25693002343177795,0.176278555940371
91003,F2,192,0.1464466154575348,teacher_mc,1,64,7859,623,4,8.655016426928341e-05,0.005875822156667709,0.2998020648956299,0.2665352472686209
91003,F2,192,0.1464466154575348,teacher_mc,2,64,7845,751,5,3.318113522254862e-05,0.0030776960775256157,0.28255128860473633,0.20845406677108258
91003,F2,192,0.1464466154575348,teacher_mc,3,64,7823,879,6,7.900355558376759e-05,0.007042231969535351,0.3608901798725128,0.3130940293194726
91003,F2,240,0.009999999776482582,on_policy,0,64,9128,495,3,3.755490070034284e-06,0.0011754290899261832,0.27306628227233887,nan
91003,F2,240,0.009999999776482582,on_policy,1,64,9137,623,4,3.492932364679291e-06,0.0010865898802876472,0.28846263885498047,nan
91003,F2,240,0.009999999776482582,on_policy,2,64,9115,751,5,1.333872842224082e-05,0.002136245369911194,0.2658270299434662,nan
91003,F2,240,0.009999999776482582,on_policy,3,64,9125,879,6,3.6726059988723136e-06,0.001031265128403902,0.2464478313922882,nan
91003,F2,240,0.009999999776482582,teacher_mc,0,64,9128,495,3,3.1572508305544034e-06,0.0009763515554368496,0.24679715931415558,0.16000070224981755
91003,F2,240,0.009999999776482582,teacher_mc,1,64,9137,623,4,3.1780587050889153e-06,0.0009253459284082055,0.2881668210029602,0.227505658112932
91003,F2,240,0.009999999776482582,teacher_mc,2,64,9115,751,5,1.0982721505570225e-05,0.001968429423868656,0.28702640533447266,0.21276631712680683
91003,F2,240,0.009999999776482582,teacher_mc,3,64,9125,879,6,4.3483000808919314e-06,0.001072507817298174,0.30599966645240784,0.40811077633406967
91003,F2,1,0.999962329864502,on_policy,0,64,0,1007,7,0.0,0.0,0.6930261254310608,nan
91003,F2,1,0.999962329864502,on_policy,1,64,0,112,0,0.0,0.0,0.6930261254310608,nan
91003,F2,1,0.999962329864502,on_policy,2,64,0,240,1,0.0,0.0,0.6930261254310608,nan
91003,F2,1,0.999962329864502,on_policy,3,64,1,368,2,0.006230169907212257,0.10793142020702362,0.6928290128707886,nan
91003,F2,1,0.999962329864502,teacher_mc,0,64,0,1007,7,0.0,0.0,0.6930261254310608,0.702995777130127
91003,F2,1,0.999962329864502,teacher_mc,1,64,0,112,0,0.0,0.0,0.6930261254310608,0.702995777130127
91003,F2,1,0.999962329864502,teacher_mc,2,64,0,240,1,0.0,0.0,0.6930261254310608,0.7020230293273926
91003,F2,1,0.999962329864502,teacher_mc,3,64,1,368,2,0.006230169907212257,0.10793142020702362,0.6928290128707886,0.6779952608048916
91003,F2,32,0.9619397521018982,on_policy,0,64,363,1007,7,0.000500383204780519,0.018771599978208542,0.44708266854286194,nan
91003,F2,32,0.9619397521018982,on_policy,1,64,361,112,0,0.0004948089481331408,0.01792118512094021,0.4426416754722595,nan
91003,F2,32,0.9619397521018982,on_policy,2,64,333,240,1,0.00029277836438268423,0.014252758584916592,0.47598057985305786,nan
91003,F2,32,0.9619397521018982,on_policy,3,64,351,368,2,0.00020903191762045026,0.011076152324676514,0.43073880672454834,nan
91003,F2,32,0.9619397521018982,teacher_mc,0,64,363,1007,7,0.0003522338520269841,0.0162917859852314,0.4554344713687897,0.3653088997816667
91003,F2,32,0.9619397521018982,teacher_mc,1,64,361,112,0,0.0005054729990661144,0.017712311819195747,0.45492416620254517,0.5112576340325177
91003,F2,32,0.9619397521018982,teacher_mc,2,64,333,240,1,0.0006251944578252733,0.01601705513894558,0.41109204292297363,0.3746490159537643
91003,F2,32,0.9619397521018982,teacher_mc,3,64,351,368,2,0.00042614652193151414,0.014441028237342834,0.42311304807662964,0.47080937144346535
91003,F2,64,0.8535534143447876,on_policy,0,64,1289,1007,7,0.0003565964289009571,0.011264005675911903,0.3360455632209778,nan
91003,F2,64,0.8535534143447876,on_policy,1,64,1339,112,0,0.0004897775943391025,0.018356967717409134,0.40985608100891113,nan
91003,F2,64,0.8535534143447876,on_policy,2,64,1328,240,1,0.0002872685727197677,0.013603894039988518,0.4135615825653076,nan
91003,F2,64,0.8535534143447876,on_policy,3,64,1369,368,2,0.0006314994534477592,0.018994495272636414,0.3718813359737396,nan
91003,F2,64,0.8535534143447876,teacher_mc,0,64,1289,1007,7,0.0004186183796264231,0.01596805825829506,0.3956737220287323,0.37415009742835537
91003,F2,64,0.8535534143447876,teacher_mc,1,64,1339,112,0,0.00044260756112635136,0.01647050864994526,0.3855753242969513,0.30193786800373346
91003,F2,64,0.8535534143447876,teacher_mc,2,64,1328,240,1,0.00025971487048082054,0.011569483205676079,0.337673544883728,0.2847053938312456
91003,F2,64,0.8535534143447876,teacher_mc,3,64,1369,368,2,0.00037203956162557006,0.014220640063285828,0.3594418168067932,0.34735959710087627
91003,F2,128,0.5,on_policy,0,64,4516,1007,7,0.00015556288417428732,0.009889185428619385,0.3729832172393799,nan
91003,F2,128,0.5,on_policy,1,64,4664,112,0,0.00011378560157027096,0.0068106562830507755,0.29380711913108826,nan
91003,F2,128,0.5,on_policy,2,64,4645,240,1,0.00018808426102623343,0.010470977053046227,0.3493573069572449,nan
91003,F2,128,0.5,on_policy,3,64,4612,368,2,8.393243479076773e-05,0.006138298194855452,0.29067790508270264,nan
91003,F2,128,0.5,teacher_mc,0,64,4516,1007,7,0.0001969410222955048,0.0095826992765069,0.3381713330745697,0.2427098986809142
91003,F2,128,0.5,teacher_mc,1,64,4664,112,0,0.0001881197968032211,0.009979434311389923,0.33425742387771606,0.2992034556809813
91003,F2,128,0.5,teacher_mc,2,64,4645,240,1,0.00010412287520011887,0.007013053633272648,0.3128705620765686,0.25985501025570557
91003,F2,128,0.5,teacher_mc,3,64,4612,368,2,0.00012623670045286417,0.008344357833266258,0.33613061904907227,0.29166266781976447
91003,F2,192,0.1464466154575348,on_policy,0,64,7845,1007,7,4.7844725486356765e-05,0.0042771147564053535,0.29182112216949463,nan
91003,F2,192,0.1464466154575348,on_policy,1,64,7908,112,0,0.0001102415262721479,0.007327430881559849,0.3072938323020935,nan
91003,F2,192,0.1464466154575348,on_policy,2,64,7888,240,1,7.781187014188617e-05,0.006117518991231918,0.32673245668411255,nan
91003,F2,192,0.1464466154575348,on_policy,3,64,7835,368,2,5.342960503185168e-05,0.004756350070238113,0.3121868073940277,nan
91003,F2,192,0.1464466154575348,teacher_mc,0,64,7845,1007,7,7.982995157362893e-05,0.0055903177708387375,0.290643572807312,0.2991823918418959
91003,F2,192,0.1464466154575348,teacher_mc,1,64,7908,112,0,5.907354716327973e-05,0.004615038633346558,0.2972860336303711,0.33281373319914564
91003,F2,192,0.1464466154575348,teacher_mc,2,64,7888,240,1,4.0440419979859143e-05,0.004201618023216724,0.2814013957977295,0.1884385859593749
91003,F2,192,0.1464466154575348,teacher_mc,3,64,7835,368,2,6.765767466276884e-05,0.005639741662889719,0.299724817276001,0.2635985993547365
91003,F2,240,0.009999999776482582,on_policy,0,64,9126,1007,7,4.6079244384600315e-06,0.001269704895094037,0.25826191902160645,nan
91003,F2,240,0.009999999776482582,on_policy,1,64,9131,112,0,4.727113264380023e-06,0.0014582457952201366,0.2970057725906372,nan
91003,F2,240,0.009999999776482582,on_policy,2,64,9121,240,1,1.712830999167636e-05,0.002594735473394394,0.3257937431335449,nan
91003,F2,240,0.009999999776482582,on_policy,3,64,9144,368,2,1.6151170711964369e-06,0.0007327005150727928,0.27421364188194275,nan
91003,F2,240,0.009999999776482582,teacher_mc,0,64,9126,1007,7,9.664796380093321e-06,0.0017397106857970357,0.26821866631507874,0.27831753974896856
91003,F2,240,0.009999999776482582,teacher_mc,1,64,9131,112,0,4.270589670340996e-06,0.0011536297388374805,0.275268018245697,0.3549352478585206
91003,F2,240,0.009999999776482582,teacher_mc,2,64,9121,240,1,7.897687282820698e-06,0.0015747426077723503,0.260375052690506,0.29711840228992514
91003,F2,240,0.009999999776482582,teacher_mc,3,64,9144,368,2,1.4181459846440703e-06,0.0006991878035478294,0.2816857099533081,0.20978741795988753
91004,F1,1,0.999962329864502,on_policy,0,64,0,623,4,0.0,0.0,0.6929137706756592,nan
91004,F1,1,0.999962329864502,on_policy,1,64,0,751,5,0.0,0.0,0.6929137706756592,nan
91004,F1,1,0.999962329864502,on_policy,2,64,2,879,6,0.009338883683085442,0.1312379091978073,0.6915208101272583,nan
91004,F1,1,0.999962329864502,on_policy,3,64,0,1007,7,0.0,0.0,0.6929137706756592,nan
91004,F1,1,0.999962329864502,teacher_mc,0,64,0,623,4,0.0,0.0,0.6929137706756592,0.708235016092658
91004,F1,1,0.999962329864502,teacher_mc,1,64,0,751,5,0.0,0.0,0.6929137706756592,0.6751501010730863
91004,F1,1,0.999962329864502,teacher_mc,2,64,2,879,6,0.00038429052801802754,0.02191786840558052,0.6927394270896912,0.7142235981300473
91004,F1,1,0.999962329864502,teacher_mc,3,64,0,1007,7,0.0,0.0,0.6929137706756592,0.6812269221991301
91004,F1,32,0.9619397521018982,on_policy,0,64,352,623,4,0.0006115881842561066,0.018253354355692863,0.43961358070373535,nan
91004,F1,32,0.9619397521018982,on_policy,1,64,351,751,5,0.00028227531583979726,0.012440810911357403,0.4164467453956604,nan
91004,F1,32,0.9619397521018982,on_policy,2,64,357,879,6,0.0006074653938412666,0.021329093724489212,0.48143649101257324,nan
91004,F1,32,0.9619397521018982,on_policy,3,64,355,1007,7,0.0005555785610340536,0.01654432713985443,0.41150420904159546,nan
91004,F1,32,0.9619397521018982,teacher_mc,0,64,352,623,4,0.00013052027497906238,0.008785279467701912,0.39419567584991455,0.22053266293369234
91004,F1,32,0.9619397521018982,teacher_mc,1,64,351,751,5,0.000595798366703093,0.01719706878066063,0.40730923414230347,0.6518984605791047
91004,F1,32,0.9619397521018982,teacher_mc,2,64,357,879,6,0.00032799207838252187,0.012916551902890205,0.41486284136772156,0.3450760296545923
91004,F1,32,0.9619397521018982,teacher_mc,3,64,355,1007,7,0.0007542184321209788,0.020215056836605072,0.43179306387901306,0.48934917082078755
91004,F1,64,0.8535534143447876,on_policy,0,64,1328,623,4,0.0005566781619563699,0.01817605271935463,0.38165199756622314,nan
91004,F1,64,0.8535534143447876,on_policy,1,64,1376,751,5,0.00031308928737416863,0.013095030561089516,0.37935832142829895,nan
91004,F1,64,0.8535534143447876,on_policy,2,64,1371,879,6,0.0007690103957429528,0.02067337930202484,0.38244277238845825,nan
91004,F1,64,0.8535534143447876,on_policy,3,64,1392,1007,7,0.0003428763593547046,0.012657218612730503,0.3486977815628052,nan
91004,F1,64,0.8535534143447876,teacher_mc,0,64,1328,623,4,0.0002946585009340197,0.012223760597407818,0.33071157336235046,0.3003556365147233
91004,F1,64,0.8535534143447876,teacher_mc,1,64,1376,751,5,0.00025105554959736764,0.010353993624448776,0.31760913133621216,0.43292717303847894
91004,F1,64,0.8535534143447876,teacher_mc,2,64,1371,879,6,0.00035440968349575996,0.014031589031219482,0.33962875604629517,0.3973039594711736
91004,F1,64,0.8535534143447876,teacher_mc,3,64,1392,1007,7,0.0004503433301579207,0.01595371402800083,0.3755500912666321,0.35581329168053344
91004,F1,128,0.5,on_policy,0,64,4624,623,4,0.00016725515888538212,0.008679697290062904,0.30371421575546265,nan
91004,F1,128,0.5,on_policy,1,64,4587,751,5,0.0001594732893863693,0.008424390107393265,0.29977089166641235,nan
91004,F1,128,0.5,on_policy,2,64,4574,879,6,0.00025642430409789085,0.01168537512421608,0.3378663659095764,nan
91004,F1,128,0.5,on_policy,3,64,4652,1007,7,0.0001063327508745715,0.006556199863553047,0.2693725824356079,nan
91004,F1,128,0.5,teacher_mc,0,64,4624,623,4,0.0003346152661833912,0.01350434310734272,0.3333266079425812,0.2458286978653632
91004,F1,128,0.5,teacher_mc,1,64,4587,751,5,0.00010446960368426517,0.00673820311203599,0.2915187478065491,0.2882987040502485
91004,F1,128,0.5,teacher_mc,2,64,4574,879,6,0.0002767217520158738,0.010932236909866333,0.2943479120731354,0.31070594454649836
91004,F1,128,0.5,teacher_mc,3,64,4652,1007,7,0.00017620189464651048,0.00858843233436346,0.30361074209213257,0.2871932999114506
91004,F1,192,0.1464466154575348,on_policy,0,64,7940,623,4,6.0447149735409766e-05,0.004690857138484716,0.27240124344825745,nan
91004,F1,192,0.1464466154575348,on_policy,1,64,7930,751,5,3.869703505188227e-05,0.0038663186132907867,0.3235248327255249,nan
91004,F1,192,0.1464466154575348,on_policy,2,64,7836,879,6,7.355811248999089e-05,0.005591347813606262,0.3355726897716522,nan
91004,F1,192,0.1464466154575348,on_policy,3,64,7867,1007,7,2.5390232622157782e-05,0.0028296757955104113,0.2776676416397095,nan
91004,F1,192,0.1464466154575348,teacher_mc,0,64,7940,623,4,4.0127779357135296e-05,0.0039361463859677315,0.2739061713218689,0.36889016107306816
91004,F1,192,0.1464466154575348,teacher_mc,1,64,7930,751,5,3.5078905057162046e-05,0.003021236974745989,0.25426873564720154,0.2282052374794148
91004,F1,192,0.1464466154575348,teacher_mc,2,64,7836,879,6,4.075923789059743e-05,0.00423223152756691,0.29397666454315186,0.28780717629706487
91004,F1,192,0.1464466154575348,teacher_mc,3,64,7867,1007,7,6.964778003748506e-05,0.006102905608713627,0.31293320655822754,0.4117002756393049
91004,F1,240,0.009999999776482582,on_policy,0,64,9128,623,4,1.733744511511759e-06,0.0006202288786880672,0.2768155336380005,nan
91004,F1,240,0.009999999776482582,on_policy,1,64,9131,751,5,7.533809025517257e-07,0.0005212561227381229,0.30227839946746826,nan
91004,F1,240,0.009999999776482582,on_policy,2,64,9128,879,6,1.0683529581001494e-06,0.0005755225429311395,0.29994457960128784,nan
91004,F1,240,0.009999999776482582,on_policy,3,64,9146,1007,7,5.470171799970558e-07,0.0003876413684338331,0.27276965975761414,nan
91004,F1,240,0.009999999776482582,teacher_mc,0,64,9128,623,4,2.4318931082234485e-06,0.0006883940077386796,0.25863832235336304,0.17356282027321868
91004,F1,240,0.009999999776482582,teacher_mc,1,64,9131,751,5,1.2130101367802126e-06,0.0005763700464740396,0.28598469495773315,0.28310628960025497
91004,F1,240,0.009999999776482582,teacher_mc,2,64,9128,879,6,1.2272187177586602e-06,0.00061290297890082,0.2797161042690277,0.22025338598177768
91004,F1,240,0.009999999776482582,teacher_mc,3,64,9146,1007,7,7.068297236401122e-07,0.0003978526801802218,0.2602144479751587,0.2301915088610258
91004,F1,1,0.999962329864502,on_policy,0,64,1,112,0,0.002024395391345024,0.06127886474132538,0.6914550065994263,nan
91004,F1,1,0.999962329864502,on_policy,1,64,0,240,1,0.0,0.0,0.6929137706756592,nan
91004,F1,1,0.999962329864502,on_policy,2,64,0,368,2,0.0,0.0,0.6929137706756592,nan
91004,F1,1,0.999962329864502,on_policy,3,64,0,496,3,0.0,0.0,0.6929137706756592,nan
91004,F1,1,0.999962329864502,teacher_mc,0,64,1,112,0,0.002024395391345024,0.06127886474132538,0.6914550065994263,0.6631126767024398
91004,F1,1,0.999962329864502,teacher_mc,1,64,0,240,1,0.0,0.0,0.6929137706756592,0.6825773268938065
91004,F1,1,0.999962329864502,teacher_mc,2,64,0,368,2,0.0,0.0,0.6929137706756592,0.6954061714932323
91004,F1,1,0.999962329864502,teacher_mc,3,64,0,496,3,0.0,0.0,0.6929137706756592,0.7095854207873344
91004,F1,32,0.9619397521018982,on_policy,0,64,366,112,0,0.000515048042871058,0.018482133746147156,0.4575425386428833,nan
91004,F1,32,0.9619397521018982,on_policy,1,64,353,240,1,0.0004880604683421552,0.016607310622930527,0.41955631971359253,nan
91004,F1,32,0.9619397521018982,on_policy,2,64,355,368,2,0.0003982430789619684,0.016653381288051605,0.478079617023468,nan
91004,F1,32,0.9619397521018982,on_policy,3,64,340,496,3,0.0004439699405338615,0.018297400325536728,0.4760517477989197,nan
91004,F1,32,0.9619397521018982,teacher_mc,0,64,366,112,0,0.000579349638428539,0.018341297283768654,0.41185876727104187,0.3201488711638376
91004,F1,32,0.9619397521018982,teacher_mc,1,64,353,240,1,0.000440004252595827,0.017040397971868515,0.434173047542572,0.4307139121228829
91004,F1,32,0.9619397521018982,teacher_mc,2,64,355,368,2,0.0004742051532957703,0.019011206924915314,0.47489219903945923,0.4594455630867742
91004,F1,32,0.9619397521018982,teacher_mc,3,64,340,496,3,0.0001351412502117455,0.008862461894750595,0.41837528347969055,0.35758031776640564
91004,F1,64,0.8535534143447876,on_policy,0,64,1364,112,0,0.00025298920809291303,0.011839923448860645,0.350129634141922,nan
91004,F1,64,0.8535534143447876,on_policy,1,64,1366,240,1,0.0003072187246289104,0.013136336579918861,0.35689860582351685,nan
91004,F1,64,0.8535534143447876,on_policy,2,64,1342,368,2,0.0006756807561032474,0.019092818722128868,0.40750980377197266,nan
91004,F1,64,0.8535534143447876,on_policy,3,64,1351,496,3,0.00038939417572692037,0.014754063449800014,0.3893016576766968,nan
91004,F1,64,0.8535534143447876,teacher_mc,0,64,1364,112,0,0.0003724418638739735,0.014284055680036545,0.34929734468460083,0.4297046071733348
91004,F1,64,0.8535534143447876,teacher_mc,1,64,1366,240,1,0.000572201912291348,0.016869885846972466,0.3537464737892151,0.319035934866406
91004,F1,64,0.8535534143447876,teacher_mc,2,64,1342,368,2,0.0003609508275985718,0.012854605913162231,0.3508327603340149,0.3154480347293429
91004,F1,64,0.8535534143447876,teacher_mc,3,64,1351,496,3,0.00026794738369062543,0.01147158071398735,0.3341546058654785,0.3564394063432701
91004,F1,128,0.5,on_policy,0,64,4677,112,0,0.00010641186963766813,0.00658417260274291,0.29408299922943115,nan
91004,F1,128,0.5,on_policy,1,64,4663,240,1,0.00016709465126041323,0.008717208169400692,0.29921481013298035,nan
91004,F1,128,0.5,on_policy,2,64,4692,368,2,0.0003009233623743057,0.012161323800683022,0.3422338366508484,nan
91004,F1,128,0.5,on_policy,3,64,4628,496,3,0.00010006700904341415,0.0067239971831440926,0.2934386730194092,nan
91004,F1,128,0.5,teacher_mc,0,64,4677,112,0,0.0001413869031239301,0.007643518038094044,0.30406874418258667,0.2686679731705226
91004,F1,128,0.5,teacher_mc,1,64,4663,240,1,0.0003170485724695027,0.012008448131382465,0.32180359959602356,0.35840120690409094
91004,F1,128,0.5,teacher_mc,2,64,4692,368,2,0.00016800343291833997,0.009277015924453735,0.329898476600647,0.3784853392280638
91004,F1,128,0.5,teacher_mc,3,64,4628,496,3,0.00023276769206859171,0.009735727682709694,0.2973443865776062,0.2748519675806165
91004,F1,192,0.1464466154575348,on_policy,0,64,7901,112,0,6.128482345957309e-05,0.004748853854835033,0.2919844388961792,nan
91004,F1,192,0.1464466154575348,on_policy,1,64,7832,240,1,5.654409324051812e-05,0.004698415752500296,0.29291993379592896,nan
91004,F1,192,0.1464466154575348,on_policy,2,64,7804,368,2,7.769557851133868e-05,0.00493069551885128,0.28756970167160034,nan
91004,F1,192,0.1464466154575348,on_policy,3,64,7878,496,3,5.51641896890942e-05,0.004876649472862482,0.2998621463775635,nan
91004,F1,192,0.1464466154575348,teacher_mc,0,64,7901,112,0,3.318938979646191e-05,0.0032835998572409153,0.26391908526420593,0.15680684419930913
91004,F1,192,0.1464466154575348,teacher_mc,1,64,7832,240,1,7.4270814366173e-05,0.004779483191668987,0.27138417959213257,0.27335714441142045
91004,F1,192,0.1464466154575348,teacher_mc,2,64,7804,368,2,0.00011017690121661872,0.0053777433931827545,0.30384913086891174,0.35346967531950213
91004,F1,192,0.1464466154575348,teacher_mc,3,64,7878,496,3,4.471396823646501e-05,0.003483519423753023,0.2196725606918335,0.13751406240044162
91004,F1,240,0.009999999776482582,on_policy,0,64,9131,112,0,6.349931709337397e-07,0.0004714634269475937,0.30089592933654785,nan
91004,F1,240,0.009999999776482582,on_policy,1,64,9135,240,1,9.401774718753586e-07,0.0004720492288470268,0.24862900376319885,nan
91004,F1,240,0.009999999776482582,on_policy,2,64,9111,368,2,1.3583754707724438e-06,0.0006858145352452993,0.32356223464012146,nan
91004,F1,240,0.009999999776482582,on_policy,3,64,9123,496,3,4.875880676991073e-07,0.00030352253816090524,0.255570650100708,nan
91004,F1,240,0.009999999776482582,teacher_mc,0,64,9131,112,0,9.456236966798315e-07,0.0005510881310328841,0.3045998811721802,0.2592265238345135
91004,F1,240,0.009999999776482582,teacher_mc,1,64,9135,240,1,2.1623823158734012e-06,0.0006865251925773919,0.27519237995147705,0.349399910250213
91004,F1,240,0.009999999776482582,teacher_mc,2,64,9111,368,2,1.2335298151811003e-06,0.000655844749417156,0.26903286576271057,0.2379900419327896
91004,F1,240,0.009999999776482582,teacher_mc,3,64,9123,496,3,5.543436145671876e-07,0.00035761407343670726,0.252367228269577,0.2401762690860778
91004,F2,1,0.999962329864502,on_policy,0,64,0,623,4,0.0,0.0,0.6928921341896057,nan
91004,F2,1,0.999962329864502,on_policy,1,64,0,751,5,0.0,0.0,0.6928921341896057,nan
91004,F2,1,0.999962329864502,on_policy,2,64,2,879,6,0.009160451591014862,0.1301814317703247,0.6906317472457886,nan
91004,F2,1,0.999962329864502,on_policy,3,64,0,1007,7,0.0,0.0,0.6928921341896057,nan
91004,F2,1,0.999962329864502,teacher_mc,0,64,0,623,4,0.0,0.0,0.6928921341896057,0.7089279796928167
91004,F2,1,0.999962329864502,teacher_mc,1,64,0,751,5,0.0,0.0,0.6928921341896057,0.67434770334512
91004,F2,1,0.999962329864502,teacher_mc,2,64,2,879,6,0.0004533136961981654,0.02406412549316883,0.6926400065422058,0.7164063258096576
91004,F2,1,0.999962329864502,teacher_mc,3,64,0,1007,7,0.0,0.0,0.6928921341896057,0.6806991826742887
91004,F2,32,0.9619397521018982,on_policy,0,64,352,623,4,0.00039008265594020486,0.015607113018631935,0.4450650215148926,nan
91004,F2,32,0.9619397521018982,on_policy,1,64,351,751,5,0.0002870830940082669,0.012354759499430656,0.42904117703437805,nan
91004,F2,32,0.9619397521018982,on_policy,2,64,357,879,6,9.959781891666353e-05,0.007556759286671877,0.4176408648490906,nan
91004,F2,32,0.9619397521018982,on_policy,3,64,355,1007,7,0.00038463890086859465,0.014789489097893238,0.41833698749542236,nan
91004,F2,32,0.9619397521018982,teacher_mc,0,64,352,623,4,5.1021452236454934e-05,0.0057341959327459335,0.39114701747894287,0.2208079124102369
91004,F2,32,0.9619397521018982,teacher_mc,1,64,351,751,5,0.0004173348715994507,0.01534072495996952,0.41066160798072815,0.6479817983927205
91004,F2,32,0.9619397521018982,teacher_mc,2,64,357,879,6,0.0001133259356720373,0.008086233399808407,0.4144102931022644,0.34579042776022106
91004,F2,32,0.9619397521018982,teacher_mc,3,64,355,1007,7,0.000512225553393364,0.01771172694861889,0.4359387755393982,0.4869490684941411
91004,F2,64,0.8535534143447876,on_policy,0,64,1328,623,4,0.00030812210752628744,0.014048364013433456,0.39107412099838257,nan
91004,F2,64,0.8535534143447876,on_policy,1,64,1376,751,5,0.00019247188174631447,0.011029930785298347,0.4052942991256714,nan
91004,F2,64,0.8535534143447876,on_policy,2,64,1371,879,6,0.0001375720603391528,0.008715147152543068,0.3669126033782959,nan
91004,F2,64,0.8535534143447876,on_policy,3,64,1392,1007,7,0.00017108468455262482,0.009684840217232704,0.3627393841743469,nan
91004,F2,64,0.8535534143447876,teacher_mc,0,64,1328,623,4,6.000669236527756e-05,0.005372154992073774,0.32875239849090576,0.3014130197116174
91004,F2,64,0.8535534143447876,teacher_mc,1,64,1376,751,5,0.00013015551667194813,0.007946842350065708,0.32015734910964966,0.4316286616958678
91004,F2,64,0.8535534143447876,teacher_mc,2,64,1371,879,6,7.521506631746888e-05,0.006378695368766785,0.3386728763580322,0.3978888437850401
91004,F2,64,0.8535534143447876,teacher_mc,3,64,1392,1007,7,0.00022362663003150374,0.011883813887834549,0.3794606924057007,0.3554297318914905
91004,F2,128,0.5,on_policy,0,64,4624,623,4,3.4666962164919823e-05,0.0037006977945566177,0.29619207978248596,nan
91004,F2,128,0.5,on_policy,1,64,4587,751,5,5.148515629116446e-05,0.0051856678910553455,0.322391152381897,nan
91004,F2,128,0.5,on_policy,2,64,4574,879,6,4.070527575095184e-05,0.0043029142543673515,0.3075607717037201,nan
91004,F2,128,0.5,on_policy,3,64,4652,1007,7,4.4071872252970934e-05,0.004159227013587952,0.288415789604187,nan
91004,F2,128,0.5,teacher_mc,0,64,4624,623,4,7.770860975142568e-05,0.006312714423984289,0.33839768171310425,0.243926064518746
91004,F2,128,0.5,teacher_mc,1,64,4587,751,5,3.9400943933287635e-05,0.00398036977276206,0.29401880502700806,0.2913713728194125
91004,F2,128,0.5,teacher_mc,2,64,4574,879,6,5.978879198664799e-05,0.004896124824881554,0.30133312940597534,0.31014488817891106
91004,F2,128,0.5,teacher_mc,3,64,4652,1007,7,5.968169716652483e-05,0.005137383006513119,0.307026207447052,0.2855700876680203
91004,F2,192,0.1464466154575348,on_policy,0,64,7940,623,4,3.7123390939086676e-05,0.003461361164227128,0.27977311611175537,nan
91004,F2,192,0.1464466154575348,on_policy,1,64,7930,751,5,4.2745265091070905e-05,0.0047663236036896706,0.3418993651866913,nan
91004,F2,192,0.1464466154575348,on_policy,2,64,7836,879,6,2.1516036213142797e-05,0.003021895419806242,0.2936365008354187,nan
91004,F2,192,0.1464466154575348,on_policy,3,64,7867,1007,7,3.7673602491850033e-05,0.00398661196231842,0.2959321141242981,nan
91004,F2,192,0.1464466154575348,teacher_mc,0,64,7940,623,4,1.4766250387765467e-05,0.0025098267942667007,0.2756865620613098,0.3685278265620582
91004,F2,192,0.1464466154575348,teacher_mc,1,64,7930,751,5,2.9106045985827222e-05,0.003225899999961257,0.25822293758392334,0.22750140231801197
91004,F2,192,0.1464466154575348,teacher_mc,2,64,7836,879,6,1.57582362589892e-05,0.00266276765614748,0.29362040758132935,0.28672485522110946
91004,F2,192,0.1464466154575348,teacher_mc,3,64,7867,1007,7,7.837725570425391e-05,0.00627700611948967,0.3160288333892822,0.4109836438728962
91004,F2,240,0.009999999776482582,on_policy,0,64,9128,623,4,8.509335884809843e-07,0.0004854940343648195,0.2792779803276062,nan
91004,F2,240,0.009999999776482582,on_policy,1,64,9131,751,5,7.647631719009951e-07,0.0004939126083627343,0.3109661340713501,nan
91004,F2,240,0.009999999776482582,on_policy,2,64,9128,879,6,1.0556518645898905e-06,0.0005759630585089326,0.28471994400024414,nan
91004,F2,240,0.009999999776482582,on_policy,3,64,9146,1007,7,4.831615569855785e-07,0.00036349380388855934,0.29794445633888245,nan
91004,F2,240,0.009999999776482582,teacher_mc,0,64,9128,623,4,9.84055418484786e-07,0.0004727552877739072,0.2629747688770294,0.175372825586237
91004,F2,240,0.009999999776482582,teacher_mc,1,64,9131,751,5,5.751421667810064e-07,0.00038375589065253735,0.2933443486690521,0.29113638831768185
91004,F2,240,0.009999999776482582,teacher_mc,2,64,9128,879,6,1.1738075045286678e-06,0.000609741429798305,0.284429132938385,0.22014040441717952
91004,F2,240,0.009999999776482582,teacher_mc,3,64,9146,1007,7,3.9695316900179023e-07,0.0002603164757601917,0.2701326310634613,0.2344374977692496
91004,F2,1,0.999962329864502,on_policy,0,64,1,112,0,0.002324056811630726,0.06557455658912659,0.6907533407211304,nan
91004,F2,1,0.999962329864502,on_policy,1,64,0,240,1,0.0,0.0,0.6928921341896057,nan
91004,F2,1,0.999962329864502,on_policy,2,64,0,368,2,0.0,0.0,0.6928921341896057,nan
91004,F2,1,0.999962329864502,on_policy,3,64,0,496,3,0.0,0.0,0.6928921341896057,nan
91004,F2,1,0.999962329864502,teacher_mc,0,64,1,112,0,0.002324056811630726,0.06557455658912659,0.6907533407211304,0.6584035772830248
91004,F2,1,0.999962329864502,teacher_mc,1,64,0,240,1,0.0,0.0,0.6928921341896057,0.6821106225252151
91004,F2,1,0.999962329864502,teacher_mc,2,64,0,368,2,0.0,0.0,0.6928921341896057,0.6955193011090159
91004,F2,1,0.999962329864502,teacher_mc,3,64,0,496,3,0.0,0.0,0.6928921341896057,0.7103394195437431
91004,F2,32,0.9619397521018982,on_policy,0,64,366,112,0,0.0003291723260190338,0.015310050919651985,0.45944422483444214,nan
91004,F2,32,0.9619397521018982,on_policy,1,64,353,240,1,0.00024739629589021206,0.013342032209038734,0.4375276565551758,nan
91004,F2,32,0.9619397521018982,on_policy,2,64,355,368,2,0.0002005361020565033,0.011896094307303429,0.47585099935531616,nan
91004,F2,32,0.9619397521018982,on_policy,3,64,340,496,3,0.0003107468946836889,0.015153378248214722,0.4703783690929413,nan
91004,F2,32,0.9619397521018982,teacher_mc,0,64,366,112,0,0.000383512960979715,0.015279931016266346,0.4154655933380127,0.3204588476801291
91004,F2,32,0.9619397521018982,teacher_mc,1,64,353,240,1,0.0002713050926104188,0.01395645085722208,0.4363267719745636,0.42732448619790375
91004,F2,32,0.9619397521018982,teacher_mc,2,64,355,368,2,0.0002210952079622075,0.013410842046141624,0.4744129478931427,0.461253592686262
91004,F2,32,0.9619397521018982,teacher_mc,3,64,340,496,3,7.020922203082591e-05,0.006410370580852032,0.41628003120422363,0.35932788345962763
91004,F2,64,0.8535534143447876,on_policy,0,64,1364,112,0,0.00012468932254705578,0.008421514183282852,0.3528962731361389,nan
91004,F2,64,0.8535534143447876,on_policy,1,64,1366,240,1,0.00022863317281007767,0.011120526120066643,0.3737104535102844,nan
91004,F2,64,0.8535534143447876,on_policy,2,64,1342,368,2,0.00019394901755731553,0.010425390675663948,0.4090198576450348,nan
91004,F2,64,0.8535534143447876,on_policy,3,64,1351,496,3,0.00023814919404685497,0.012204275466501713,0.40266332030296326,nan
91004,F2,64,0.8535534143447876,teacher_mc,0,64,1364,112,0,0.00020074157509952784,0.010745087638497353,0.35230863094329834,0.43139673420228064
91004,F2,64,0.8535534143447876,teacher_mc,1,64,1366,240,1,0.0002669565146788955,0.01208980567753315,0.35642319917678833,0.3207248894032091
91004,F2,64,0.8535534143447876,teacher_mc,2,64,1342,368,2,0.00010568835568847135,0.007180838380008936,0.3494007885456085,0.3168637015623972
91004,F2,64,0.8535534143447876,teacher_mc,3,64,1351,496,3,7.125819684006274e-05,0.005905759520828724,0.3327111005783081,0.3545993439038284
91004,F2,128,0.5,on_policy,0,64,4677,112,0,3.853189627989195e-05,0.0041103363037109375,0.30478528141975403,nan
91004,F2,128,0.5,on_policy,1,64,4663,240,1,6.573001155629754e-05,0.005392807070165873,0.33859437704086304,nan
91004,F2,128,0.5,on_policy,2,64,4692,368,2,7.115666812751442e-05,0.005876387469470501,0.3485593795776367,nan
91004,F2,128,0.5,on_policy,3,64,4628,496,3,3.127183299511671e-05,0.0036327012348920107,0.2848719358444214,nan
91004,F2,128,0.5,teacher_mc,0,64,4677,112,0,5.160397631698288e-05,0.004600544460117817,0.3086217939853668,0.27032616053475067
91004,F2,128,0.5,teacher_mc,1,64,4663,240,1,7.114196341717616e-05,0.005858593620359898,0.3227500915527344,0.3620200412697159
91004,F2,128,0.5,teacher_mc,2,64,4692,368,2,4.1371789848199114e-05,0.004449442960321903,0.33191052079200745,0.3750596398022026
91004,F2,128,0.5,teacher_mc,3,64,4628,496,3,5.618059367407113e-05,0.004949563182890415,0.30118998885154724,0.27674973342800513
91004,F2,192,0.1464466154575348,on_policy,0,64,7901,112,0,4.364999767858535e-05,0.004068033769726753,0.29012635350227356,nan
91004,F2,192,0.1464466154575348,on_policy,1,64,7832,240,1,5.478084858623333e-05,0.004835991188883781,0.32497045397758484,nan
91004,F2,192,0.1464466154575348,on_policy,2,64,7804,368,2,2.2063682990847155e-05,0.0028218619991093874,0.2876679301261902,nan
91004,F2,192,0.1464466154575348,on_policy,3,64,7878,496,3,3.832093716482632e-05,0.004193826578557491,0.31534862518310547,nan
91004,F2,192,0.1464466154575348,teacher_mc,0,64,7901,112,0,1.5397323295474052e-05,0.00254206545650959,0.2659852206707001,0.15915988839697093
91004,F2,192,0.1464466154575348,teacher_mc,1,64,7832,240,1,4.27286431659013e-05,0.0038135205395519733,0.2759332060813904,0.2739935447170865
91004,F2,192,0.1464466154575348,teacher_mc,2,64,7804,368,2,5.755791062256321e-05,0.004048471804708242,0.30854496359825134,0.3474081017775461
91004,F2,192,0.1464466154575348,teacher_mc,3,64,7878,496,3,2.224560194008518e-05,0.002220122143626213,0.22231969237327576,0.13871257775463164
91004,F2,240,0.009999999776482582,on_policy,0,64,9131,112,0,8.823059260976152e-07,0.0005563090089708567,0.32229748368263245,nan
91004,F2,240,0.009999999776482582,on_policy,1,64,9135,240,1,8.5073770605959e-07,0.0005167049239389598,0.28286898136138916,nan
91004,F2,240,0.009999999776482582,on_policy,2,64,9111,368,2,1.0589361636448302e-06,0.0005876821232959628,0.3259033262729645,nan
91004,F2,240,0.009999999776482582,on_policy,3,64,9123,496,3,7.704951485720812e-07,0.0004019492189399898,0.27987098693847656,nan
91004,F2,240,0.009999999776482582,teacher_mc,0,64,9131,112,0,8.703410685484414e-07,0.0005455788923427463,0.3130435645580292,0.26173151753027923
91004,F2,240,0.009999999776482582,teacher_mc,1,64,9135,240,1,1.1317521284581744e-06,0.0005834878538735211,0.281404972076416,0.3421006246644538
91004,F2,240,0.009999999776482582,teacher_mc,2,64,9111,368,2,7.812280955477036e-07,0.000482421659398824,0.2764297127723694,0.23797982884570956
91004,F2,240,0.009999999776482582,teacher_mc,3,64,9123,496,3,8.679908205522224e-07,0.0004639629041776061,0.25712212920188904,0.2397485963301733
91005,F1,1,0.999962329864502,on_policy,0,64,2,751,5,0.00033740722574293613,0.023736506700515747,0.6929433345794678,nan
91005,F1,1,0.999962329864502,on_policy,1,64,0,879,6,0.0,0.0,0.6930770874023438,nan
91005,F1,1,0.999962329864502,on_policy,2,64,0,1007,7,0.0,0.0,0.6930770874023438,nan
91005,F1,1,0.999962329864502,on_policy,3,64,0,112,0,0.0,0.0,0.6930770874023438,nan
91005,F1,1,0.999962329864502,teacher_mc,0,64,2,751,5,0.010722849518060684,0.13728055357933044,0.6929715871810913,0.6943325195461512
91005,F1,1,0.999962329864502,teacher_mc,1,64,0,879,6,0.0,0.0,0.6930770874023438,0.700617752969265
91005,F1,1,0.999962329864502,teacher_mc,2,64,0,1007,7,0.0,0.0,0.6930770874023438,0.685076754540205
91005,F1,1,0.999962329864502,teacher_mc,3,64,0,112,0,0.0,0.0,0.6930770874023438,0.6884069684892893
91005,F1,32,0.9619397521018982,on_policy,0,64,339,751,5,0.0012739095836877823,0.028409112244844437,0.47807878255844116,nan
91005,F1,32,0.9619397521018982,on_policy,1,64,324,879,6,0.0016146006528288126,0.029079539701342583,0.43340498208999634,nan
91005,F1,32,0.9619397521018982,on_policy,2,64,361,1007,7,0.0009438953129574656,0.02174416556954384,0.4366004467010498,nan
91005,F1,32,0.9619397521018982,on_policy,3,64,339,112,0,0.0006485184421762824,0.02038576453924179,0.41982972621917725,nan
91005,F1,32,0.9619397521018982,teacher_mc,0,64,339,751,5,0.001457336125895381,0.028323944658041,0.4365323483943939,0.3317002895055339
91005,F1,32,0.9619397521018982,teacher_mc,1,64,324,879,6,0.000757823814637959,0.01858917437493801,0.41178709268569946,0.44041042495518923
91005,F1,32,0.9619397521018982,teacher_mc,2,64,361,1007,7,0.00038810231490060687,0.013882609084248543,0.39788126945495605,0.4658302429597825
91005,F1,32,0.9619397521018982,teacher_mc,3,64,339,112,0,0.0008504802826792002,0.023777030408382416,0.43779271841049194,0.5192961945431307
91005,F1,64,0.8535534143447876,on_policy,0,64,1364,751,5,0.0003653513849712908,0.01463431864976883,0.37330737709999084,nan
91005,F1,64,0.8535534143447876,on_policy,1,64,1303,879,6,0.00037334661465138197,0.013422876596450806,0.34126603603363037,nan
91005,F1,64,0.8535534143447876,on_policy,2,64,1256,1007,7,0.0005915847723372281,0.01819869875907898,0.3925379812717438,nan
91005,F1,64,0.8535534143447876,on_policy,3,64,1363,112,0,0.00033330958103761077,0.01368446834385395,0.3463560938835144,nan
91005,F1,64,0.8535534143447876,teacher_mc,0,64,1364,751,5,0.00037004341720603406,0.015328189358115196,0.40533751249313354,0.32087561319349334
91005,F1,64,0.8535534143447876,teacher_mc,1,64,1303,879,6,0.0002777201880235225,0.01182473823428154,0.3588907718658447,0.332339072949253
91005,F1,64,0.8535534143447876,teacher_mc,2,64,1256,1007,7,0.0003285552957095206,0.01402331329882145,0.37485796213150024,0.5653373336535878
91005,F1,64,0.8535534143447876,teacher_mc,3,64,1363,112,0,0.00024377954832743853,0.010860627517104149,0.344419002532959,0.27204250561771914
91005,F1,128,0.5,on_policy,0,64,4715,751,5,0.00047760939924046397,0.014289909973740578,0.3626540005207062,nan
91005,F1,128,0.5,on_policy,1,64,4534,879,6,0.00014469525194726884,0.007013208232820034,0.23342496156692505,nan
91005,F1,128,0.5,on_policy,2,64,4521,1007,7,0.0001671950303716585,0.009019073098897934,0.30132460594177246,nan
91005,F1,128,0.5,on_policy,3,64,4590,112,0,9.759308159118518e-05,0.006723637692630291,0.30190014839172363,nan
91005,F1,128,0.5,teacher_mc,0,64,4715,751,5,0.00036714255111292005,0.013137536123394966,0.31403064727783203,0.30482869467232376
91005,F1,128,0.5,teacher_mc,1,64,4534,879,6,0.00013317949196789414,0.0074951560236513615,0.27943164110183716,0.22322824137518182
91005,F1,128,0.5,teacher_mc,2,64,4521,1007,7,0.0002681828918866813,0.011225365102291107,0.30337315797805786,0.4139877781854011
91005,F1,128,0.5,teacher_mc,3,64,4590,112,0,0.00016065052477642894,0.00796262826770544,0.2839066982269287,0.22341003559995443
91005,F1,192,0.1464466154575348,on_policy,0,64,7944,751,5,9.184874943457544e-05,0.006724613253027201,0.33700504899024963,nan
91005,F1,192,0.1464466154575348,on_policy,1,64,7862,879,6,7.545494008809328e-05,0.004833018407225609,0.27068567276000977,nan
91005,F1,192,0.1464466154575348,on_policy,2,64,7859,1007,7,9.523038897896186e-05,0.005806163419038057,0.29610341787338257,nan
91005,F1,192,0.1464466154575348,on_policy,3,64,7888,112,0,0.00021410312911029905,0.0089588463306427,0.2796897292137146,nan
91005,F1,192,0.1464466154575348,teacher_mc,0,64,7944,751,5,9.564543142914772e-05,0.005249772220849991,0.29771602153778076,0.2696516212017741
91005,F1,192,0.1464466154575348,teacher_mc,1,64,7862,879,6,0.00010256197128910571,0.005716046318411827,0.26536908745765686,0.293529802467674
91005,F1,192,0.1464466154575348,teacher_mc,2,64,7859,1007,7,6.768371531507e-05,0.004899520426988602,0.26987218856811523,0.15650682113482617
91005,F1,192,0.1464466154575348,teacher_mc,3,64,7888,112,0,0.00010906753595918417,0.006277316715568304,0.3113709092140198,0.21495577771565877
91005,F1,240,0.009999999776482582,on_policy,0,64,9126,751,5,2.1038549675722606e-06,0.0009072989923879504,0.3042084276676178,nan
91005,F1,240,0.009999999776482582,on_policy,1,64,9116,879,6,1.3175111917007598e-06,0.0005335833411663771,0.2524643540382385,nan
91005,F1,240,0.009999999776482582,on_policy,2,64,9142,1007,7,7.266181683007744e-07,0.0005166087066754699,0.3231564164161682,nan
91005,F1,240,0.009999999776482582,on_policy,3,64,9120,112,0,1.250159243681992e-06,0.0006362084532156587,0.29424184560775757,nan
91005,F1,240,0.009999999776482582,teacher_mc,0,64,9126,751,5,1.8366501990385586e-06,0.0008165536564774811,0.30137747526168823,0.23319084290415049
91005,F1,240,0.009999999776482582,teacher_mc,1,64,9116,879,6,3.3351814181514783e-06,0.0008286419906653464,0.24360857903957367,0.2192376961465925
91005,F1,240,0.009999999776482582,teacher_mc,2,64,9142,1007,7,1.2573926142067648e-05,0.0012451610527932644,0.33312907814979553,0.3234375082247425
91005,F1,240,0.009999999776482582,teacher_mc,3,64,9120,112,0,8.397116289415862e-06,0.0012468063505366445,0.2840263247489929,0.2799418351787608
91005,F1,1,0.999962329864502,on_policy,0,64,1,240,1,0.0012206006795167923,0.04381320998072624,0.693129301071167,nan
91005,F1,1,0.999962329864502,on_policy,1,64,0,368,2,0.0,0.0,0.6930770874023438,nan
91005,F1,1,0.999962329864502,on_policy,2,64,1,496,3,0.0021621822379529476,0.060451410710811615,0.6931297779083252,nan
91005,F1,1,0.999962329864502,on_policy,3,64,0,624,4,0.0,0.0,0.6930770874023438,nan
91005,F1,1,0.999962329864502,teacher_mc,0,64,1,240,1,0.0012206006795167923,0.04381320998072624,0.693129301071167,0.6959016034379601
91005,F1,1,0.999962329864502,teacher_mc,1,64,0,368,2,0.0,0.0,0.6930770874023438,0.685816802084446
91005,F1,1,0.999962329864502,teacher_mc,2,64,1,496,3,0.0021621822379529476,0.060451410710811615,0.6931297779083252,0.6950843250378966
91005,F1,1,0.999962329864502,teacher_mc,3,64,0,624,4,0.0,0.0,0.6930770874023438,0.699877705425024
91005,F1,32,0.9619397521018982,on_policy,0,64,356,240,1,0.0015695658512413502,0.03191012144088745,0.46324658393859863,nan
91005,F1,32,0.9619397521018982,on_policy,1,64,370,368,2,0.00040670117596164346,0.017194511368870735,0.45859190821647644,nan
91005,F1,32,0.9619397521018982,on_policy,2,64,345,496,3,0.0011224568588659167,0.022799072787165642,0.40506821870803833,nan
91005,F1,32,0.9619397521018982,on_policy,3,64,405,624,4,0.0006885213078930974,0.016705242916941643,0.42689669132232666,nan
91005,F1,32,0.9619397521018982,teacher_mc,0,64,356,240,1,0.0008927365997806191,0.02344931662082672,0.420558363199234,0.5290047111921012
91005,F1,32,0.9619397521018982,teacher_mc,1,64,370,368,2,0.0006411227514036,0.017723891884088516,0.41308438777923584,0.31544646713882685
91005,F1,32,0.9619397521018982,teacher_mc,2,64,345,496,3,0.0005783800152130425,0.01800818368792534,0.4371982216835022,0.48661243298556656
91005,F1,32,0.9619397521018982,teacher_mc,3,64,405,624,4,0.0007000264595262706,0.01964711956679821,0.4214935898780823,0.5508226301753893
91005,F1,64,0.8535534143447876,on_policy,0,64,1384,240,1,0.00044374115532264113,0.017323777079582214,0.42615872621536255,nan
91005,F1,64,0.8535534143447876,on_policy,1,64,1383,368,2,0.00019239522225689143,0.010791564360260963,0.3762305676937103,nan
91005,F1,64,0.8535534143447876,on_policy,2,64,1332,496,3,0.0005970168858766556,0.016433067619800568,0.3527120351791382,nan
91005,F1,64,0.8535534143447876,on_policy,3,64,1371,624,4,0.0005253702402114868,0.01497800461947918,0.3662767708301544,nan
91005,F1,64,0.8535534143447876,teacher_mc,0,64,1384,240,1,0.0003869700594805181,0.016365956515073776,0.40387284755706787,0.49674144585151225
91005,F1,64,0.8535534143447876,teacher_mc,1,64,1383,368,2,0.0003500324091874063,0.012766532599925995,0.3754804730415344,0.4553038741578348
91005,F1,64,0.8535534143447876,teacher_mc,2,64,1332,496,3,0.0003632308216765523,0.013292374089360237,0.35884714126586914,0.3978463268140331
91005,F1,64,0.8535534143447876,teacher_mc,3,64,1371,624,4,0.00031406793277710676,0.01351883914321661,0.3742818236351013,0.31725725799333304
91005,F1,128,0.5,on_policy,0,64,4671,240,1,0.00019080561469309032,0.009540077298879623,0.31069695949554443,nan
91005,F1,128,0.5,on_policy,1,64,4607,368,2,0.00022133506718091667,0.010164371691644192,0.30577096343040466,nan
91005,F1,128,0.5,on_policy,2,64,4632,496,3,0.00014339457266032696,0.0075695691630244255,0.2721717953681946,nan
91005,F1,128,0.5,on_policy,3,64,4689,624,4,0.00025678964448161423,0.008558986708521843,0.2960622012615204,nan
91005,F1,128,0.5,teacher_mc,0,64,4671,240,1,0.00019526413234416395,0.009405792690813541,0.31114089488983154,0.3023179914744105
91005,F1,128,0.5,teacher_mc,1,64,4607,368,2,0.00017197965644299984,0.008578050881624222,0.29280710220336914,0.3587591013056226
91005,F1,128,0.5,teacher_mc,2,64,4632,496,3,0.00031718623358756304,0.010910874232649803,0.3189602494239807,0.3825514548807405
91005,F1,128,0.5,teacher_mc,3,64,4689,624,4,0.0002722787030506879,0.010207795538008213,0.3120388984680176,0.3707526045036502
91005,F1,192,0.1464466154575348,on_policy,0,64,7971,240,1,0.00010918777115875855,0.006730379071086645,0.3371644616127014,nan
91005,F1,192,0.1464466154575348,on_policy,1,64,7870,368,2,3.942923285649158e-05,0.004022836685180664,0.3049643337726593,nan
91005,F1,192,0.1464466154575348,on_policy,2,64,7939,496,3,0.0001508978893980384,0.006024905480444431,0.24894951283931732,nan
91005,F1,192,0.1464466154575348,on_policy,3,64,7872,624,4,4.412604175740853e-05,0.003892325796186924,0.2744397521018982,nan
91005,F1,192,0.1464466154575348,teacher_mc,0,64,7971,240,1,5.647100260830484e-05,0.0049478039145469666,0.31669294834136963,0.33788747142534703
91005,F1,192,0.1464466154575348,teacher_mc,1,64,7870,368,2,6.792085332563147e-05,0.0053084371611475945,0.2914440333843231,0.2611689268669579
91005,F1,192,0.1464466154575348,teacher_mc,2,64,7939,496,3,5.333093577064574e-05,0.004059614613652229,0.24629908800125122,0.2704650457308162
91005,F1,192,0.1464466154575348,teacher_mc,3,64,7872,624,4,0.00011897282092832029,0.0072151366621255875,0.30646634101867676,0.32546011242084205
91005,F1,240,0.009999999776482582,on_policy,0,64,9125,240,1,9.327500265499111e-06,0.0015296628698706627,0.32637810707092285,nan
91005,F1,240,0.009999999776482582,on_policy,1,64,9120,368,2,3.372472065166221e-06,0.0011414800537750125,0.295185923576355,nan
91005,F1,240,0.009999999776482582,on_policy,2,64,9140,496,3,1.2724926818918902e-06,0.000538365391548723,0.2594394087791443,nan
91005,F1,240,0.009999999776482582,on_policy,3,64,9137,624,4,1.2325479019636987e-06,0.0005262285121716559,0.2890656292438507,nan
91005,F1,240,0.009999999776482582,teacher_mc,0,64,9125,240,1,2.932543566203094e-06,0.00097889662720263,0.3041086792945862,0.38275697219069116
91005,F1,240,0.009999999776482582,teacher_mc,1,64,9120,368,2,2.001950178964762e-06,0.0007470548152923584,0.25625622272491455,0.3309920111205429
91005,F1,240,0.009999999776482582,teacher_mc,2,64,9140,496,3,1.941430582519388e-06,0.0007131453021429479,0.2718070447444916,0.19222647341666743
91005,F1,240,0.009999999776482582,teacher_mc,3,64,9137,624,4,2.4697117169125704e-06,0.0008732565329410136,0.2968270778656006,0.29651894691050984
91005,F2,1,0.999962329864502,on_policy,0,64,2,751,5,0.0004980583908036351,0.028242189437150955,0.6928835511207581,nan
91005,F2,1,0.999962329864502,on_policy,1,64,0,879,6,0.0,0.0,0.6930766701698303,nan
91005,F2,1,0.999962329864502,on_policy,2,64,0,1007,7,0.0,0.0,0.6930766701698303,nan
91005,F2,1,0.999962329864502,on_policy,3,64,0,112,0,0.0,0.0,0.6930766701698303,nan
91005,F2,1,0.999962329864502,teacher_mc,0,64,2,751,5,0.011801592074334621,0.14623290300369263,0.6920836567878723,0.6973946513608098
91005,F2,1,0.999962329864502,teacher_mc,1,64,0,879,6,0.0,0.0,0.6930766701698303,0.7006371840834618
91005,F2,1,0.999962329864502,teacher_mc,2,64,0,1007,7,0.0,0.0,0.6930766701698303,0.6850561313331127
91005,F2,1,0.999962329864502,teacher_mc,3,64,0,112,0,0.0,0.0,0.6930766701698303,0.6883949283510447
91005,F2,32,0.9619397521018982,on_policy,0,64,339,751,5,0.000409137224778533,0.016335878521203995,0.4711970388889313,nan
91005,F2,32,0.9619397521018982,on_policy,1,64,324,879,6,0.000388500455301255,0.015326328575611115,0.4862622916698456,nan
91005,F2,32,0.9619397521018982,on_policy,2,64,361,1007,7,0.00042765861144289374,0.014864662662148476,0.44649967551231384,nan
91005,F2,32,0.9619397521018982,on_policy,3,64,339,112,0,0.00018899589485954493,0.01039906870573759,0.4235503077507019,nan
91005,F2,32,0.9619397521018982,teacher_mc,0,64,339,751,5,0.0005238999729044735,0.016852140426635742,0.43470317125320435,0.3207629807293415
91005,F2,32,0.9619397521018982,teacher_mc,1,64,324,879,6,0.00020772620337083936,0.009465218521654606,0.40708988904953003,0.4322902736021206
91005,F2,32,0.9619397521018982,teacher_mc,2,64,361,1007,7,0.00012606805830728263,0.008447582833468914,0.39727479219436646,0.46533236326649785
91005,F2,32,0.9619397521018982,teacher_mc,3,64,339,112,0,0.0001644371368456632,0.01025160402059555,0.43526846170425415,0.5165657186880708
91005,F2,64,0.8535534143447876,on_policy,0,64,1364,751,5,6.666389526799321e-05,0.00561772845685482,0.3563929796218872,nan
91005,F2,64,0.8535534143447876,on_policy,1,64,1303,879,6,0.0001374908461002633,0.007921797223389149,0.3922696113586426,nan
91005,F2,64,0.8535534143447876,on_policy,2,64,1256,1007,7,0.00012661193613894284,0.008094733580946922,0.38950979709625244,nan
91005,F2,64,0.8535534143447876,on_policy,3,64,1363,112,0,7.188008748926222e-05,0.005904564633965492,0.3484654128551483,nan
91005,F2,64,0.8535534143447876,teacher_mc,0,64,1364,751,5,8.05987510830164e-05,0.007224787957966328,0.39889663457870483,0.31910068838624284
91005,F2,64,0.8535534143447876,teacher_mc,1,64,1303,879,6,7.677136454731226e-05,0.006087657064199448,0.35014063119888306,0.33238517976133153
91005,F2,64,0.8535534143447876,teacher_mc,2,64,1256,1007,7,6.854892853880301e-05,0.006054720841348171,0.37435656785964966,0.5614473712048493
91005,F2,64,0.8535534143447876,teacher_mc,3,64,1363,112,0,4.900571730104275e-05,0.005142710171639919,0.3408263027667999,0.2715967041440308
91005,F2,128,0.5,on_policy,0,64,4715,751,5,0.00023416048497892916,0.011662991717457771,0.37193652987480164,nan
91005,F2,128,0.5,on_policy,1,64,4534,879,6,0.00013201727415435016,0.006798895541578531,0.2686329782009125,nan
91005,F2,128,0.5,on_policy,2,64,4521,1007,7,7.19754898454994e-05,0.005627855658531189,0.2998422384262085,nan
91005,F2,128,0.5,on_policy,3,64,4590,112,0,7.72742205299437e-05,0.00622240686789155,0.3128049373626709,nan
91005,F2,128,0.5,teacher_mc,0,64,4715,751,5,0.00015044375322759151,0.007406804244965315,0.3127041757106781,0.3015355821698904
91005,F2,128,0.5,teacher_mc,1,64,4534,879,6,2.549078271840699e-05,0.0032301065512001514,0.2780769467353821,0.2188383235479705
91005,F2,128,0.5,teacher_mc,2,64,4521,1007,7,0.00010811218089656904,0.006823007948696613,0.305303692817688,0.41111908422317356
91005,F2,128,0.5,teacher_mc,3,64,4590,112,0,6.224419485079125e-05,0.004787403158843517,0.28186845779418945,0.22150925896130502
91005,F2,192,0.1464466154575348,on_policy,0,64,7944,751,5,2.7420537662692368e-05,0.0034919006284326315,0.3036251366138458,nan
91005,F2,192,0.1464466154575348,on_policy,1,64,7862,879,6,3.506311259116046e-05,0.0037255571223795414,0.27676019072532654,nan
91005,F2,192,0.1464466154575348,on_policy,2,64,7859,1007,7,3.8779446185799316e-05,0.004128515254706144,0.29948973655700684,nan
91005,F2,192,0.1464466154575348,on_policy,3,64,7888,112,0,8.595063263783231e-05,0.005366135388612747,0.29517853260040283,nan
91005,F2,192,0.1464466154575348,teacher_mc,0,64,7944,751,5,4.4422296923585236e-05,0.004058390390127897,0.29771798849105835,0.2692523103323765
91005,F2,192,0.1464466154575348,teacher_mc,1,64,7862,879,6,2.627606772875879e-05,0.0031947512179613113,0.2620706856250763,0.2925380314409267
91005,F2,192,0.1464466154575348,teacher_mc,2,64,7859,1007,7,3.499881495372392e-05,0.003558379365131259,0.2726811468601227,0.15802109299693257
91005,F2,192,0.1464466154575348,teacher_mc,3,64,7888,112,0,6.037102866685018e-05,0.004847915377467871,0.3146825432777405,0.21558561152778566
91005,F2,240,0.009999999776482582,on_policy,0,64,9126,751,5,3.339979230077006e-06,0.0010210128966718912,0.3033430278301239,nan
91005,F2,240,0.009999999776482582,on_policy,1,64,9116,879,6,4.559622539090924e-06,0.0012013610685244203,0.2820412516593933,nan
91005,F2,240,0.009999999776482582,on_policy,2,64,9142,1007,7,4.588381671055686e-06,0.0009253479656763375,0.27676406502723694,nan
91005,F2,240,0.009999999776482582,on_policy,3,64,9120,112,0,2.7740325094782747e-06,0.0009278910583816469,0.28948742151260376,nan
91005,F2,240,0.009999999776482582,teacher_mc,0,64,9126,751,5,2.778000180114759e-06,0.0010491458233445883,0.2983757257461548,0.23325107368873432
91005,F2,240,0.009999999776482582,teacher_mc,1,64,9116,879,6,4.5092697291693185e-06,0.0009231232106685638,0.2415652573108673,0.21638767365948297
91005,F2,240,0.009999999776482582,teacher_mc,2,64,9142,1007,7,8.991831236926373e-06,0.0013027710374444723,0.33347782492637634,0.32267944485647604
91005,F2,240,0.009999999776482582,teacher_mc,3,64,9120,112,0,6.9340730988187715e-06,0.0013815111014991999,0.2818009853363037,0.27949321913183667
91005,F2,1,0.999962329864502,on_policy,0,64,1,240,1,0.0029405211098492146,0.07074148207902908,0.6930758953094482,nan
91005,F2,1,0.999962329864502,on_policy,1,64,0,368,2,0.0,0.0,0.6930766701698303,nan
91005,F2,1,0.999962329864502,on_policy,2,64,1,496,3,0.004035125486552715,0.08395367115736008,0.6930289268493652,nan
91005,F2,1,0.999962329864502,on_policy,3,64,0,624,4,0.0,0.0,0.6930766701698303,nan
91005,F2,1,0.999962329864502,teacher_mc,0,64,1,240,1,0.0029405211098492146,0.07074148207902908,0.6930758953094482,0.6955951973795891
91005,F2,1,0.999962329864502,teacher_mc,1,64,0,368,2,0.0,0.0,0.6930766701698303,0.6857980862259865
91005,F2,1,0.999962329864502,teacher_mc,2,64,1,496,3,0.004035125486552715,0.08395367115736008,0.6930289268493652,0.7002540752291679
91005,F2,1,0.999962329864502,teacher_mc,3,64,0,624,4,0.0,0.0,0.6930766701698303,0.699895229190588
91005,F2,32,0.9619397521018982,on_policy,0,64,356,240,1,0.0006376529345288873,0.01854262314736843,0.4528082013130188,nan
91005,F2,32,0.9619397521018982,on_policy,1,64,370,368,2,0.00017692064284346998,0.010329288430511951,0.4487484097480774,nan
91005,F2,32,0.9619397521018982,on_policy,2,64,345,496,3,0.00039210577961057425,0.012763003818690777,0.399097740650177,nan
91005,F2,32,0.9619397521018982,on_policy,3,64,405,624,4,0.00015857780817896128,0.008657367900013924,0.40226542949676514,nan
91005,F2,32,0.9619397521018982,teacher_mc,0,64,356,240,1,0.0003008055209647864,0.012977546080946922,0.4166352152824402,0.522386941825971
91005,F2,32,0.9619397521018982,teacher_mc,1,64,370,368,2,0.000178131420398131,0.010228965431451797,0.412291944026947,0.3198395516956225
91005,F2,32,0.9619397521018982,teacher_mc,2,64,345,496,3,0.000171352963661775,0.009409384801983833,0.4357253611087799,0.479162082541734
91005,F2,32,0.9619397521018982,teacher_mc,3,64,405,624,4,0.0002735799353104085,0.012338170781731606,0.41657188534736633,0.5536288453731686
91005,F2,64,0.8535534143447876,on_policy,0,64,1384,240,1,9.134221181739122e-05,0.007318882271647453,0.40224218368530273,nan
91005,F2,64,0.8535534143447876,on_policy,1,64,1383,368,2,4.0266517316922545e-05,0.004830151330679655,0.3577158451080322,nan
91005,F2,64,0.8535534143447876,on_policy,2,64,1332,496,3,0.00015982813783921301,0.00811072252690792,0.33999818563461304,nan
91005,F2,64,0.8535534143447876,on_policy,3,64,1371,624,4,8.451652684016153e-05,0.006301448680460453,0.3433515429496765,nan
91005,F2,64,0.8535534143447876,teacher_mc,0,64,1384,240,1,6.783720891689882e-05,0.006795928813517094,0.4006279408931732,0.4948786915047094
91005,F2,64,0.8535534143447876,teacher_mc,1,64,1383,368,2,6.680678052362055e-05,0.005670086480677128,0.37371620535850525,0.4532509097480215
91005,F2,64,0.8535534143447876,teacher_mc,2,64,1332,496,3,7.12698238203302e-05,0.00556053314357996,0.35664594173431396,0.4004415405797772
91005,F2,64,0.8535534143447876,teacher_mc,3,64,1371,624,4,0.00010325335460947827,0.007627934217453003,0.37177717685699463,0.3128121529589407
91005,F2,128,0.5,on_policy,0,64,4671,240,1,0.00010643120913300663,0.006862180307507515,0.2901498079299927,nan
91005,F2,128,0.5,on_policy,1,64,4607,368,2,5.431265162769705e-05,0.004790122155100107,0.2922309935092926,nan
91005,F2,128,0.5,on_policy,2,64,4632,496,3,4.0890568925533444e-05,0.004057734273374081,0.2661920189857483,nan
91005,F2,128,0.5,on_policy,3,64,4689,624,4,8.070184412645176e-05,0.004714251961559057,0.25693291425704956,nan
91005,F2,128,0.5,teacher_mc,0,64,4671,240,1,4.931505100103095e-05,0.004751265048980713,0.30762648582458496,0.30113968171644956
91005,F2,128,0.5,teacher_mc,1,64,4607,368,2,9.884114842861891e-05,0.00652763806283474,0.2953689694404602,0.3582002077018842
91005,F2,128,0.5,teacher_mc,2,64,4632,496,3,0.00012534973211586475,0.007145062554627657,0.3148499131202698,0.3817677714396268
91005,F2,128,0.5,teacher_mc,3,64,4689,624,4,8.18199259811081e-05,0.005660606548190117,0.3105107247829437,0.3731186852674
91005,F2,192,0.1464466154575348,on_policy,0,64,7971,240,1,4.057324258610606e-05,0.004036253318190575,0.2992181181907654,nan
91005,F2,192,0.1464466154575348,on_policy,1,64,7870,368,2,2.5175337214022875e-05,0.002963064005598426,0.28884437680244446,nan
91005,F2,192,0.1464466154575348,on_policy,2,64,7939,496,3,5.486375812324695e-05,0.003952959086745977,0.2533860504627228,nan
91005,F2,192,0.1464466154575348,on_policy,3,64,7872,624,4,4.524114774540067e-05,0.003352469066157937,0.24483390152454376,nan
91005,F2,192,0.1464466154575348,teacher_mc,0,64,7971,240,1,3.699109220178798e-05,0.00409003347158432,0.3110905587673187,0.331755623803474
91005,F2,192,0.1464466154575348,teacher_mc,1,64,7870,368,2,1.8054755855700932e-05,0.002710827859118581,0.2948339879512787,0.26559850075864233
91005,F2,192,0.1464466154575348,teacher_mc,2,64,7939,496,3,2.4027336621657014e-05,0.0026632703375071287,0.24802137911319733,0.26916397840250283
91005,F2,192,0.1464466154575348,teacher_mc,3,64,7872,624,4,6.466408376581967e-05,0.005173392593860626,0.3056871294975281,0.3278632081055548
91005,F2,240,0.009999999776482582,on_policy,0,64,9125,240,1,4.688362423621584e-06,0.0013135317713022232,0.3406505882740021,nan
91005,F2,240,0.009999999776482582,on_policy,1,64,9120,368,2,4.2715500967460684e-06,0.0011770674027502537,0.28367510437965393,nan
91005,F2,240,0.009999999776482582,on_policy,2,64,9140,496,3,1.9248627722845413e-06,0.000772884814068675,0.2609292268753052,nan
91005,F2,240,0.009999999776482582,on_policy,3,64,9137,624,4,8.101850426101009e-07,0.0004894921439699829,0.25820890069007874,nan
91005,F2,240,0.009999999776482582,teacher_mc,0,64,9125,240,1,2.8956089863640955e-06,0.0010158255463466048,0.30217456817626953,0.3814232695440296
91005,F2,240,0.009999999776482582,teacher_mc,1,64,9120,368,2,1.8252120526085491e-06,0.0006927709910087287,0.25561416149139404,0.33222006613505073
91005,F2,240,0.009999999776482582,teacher_mc,2,64,9140,496,3,1.3587822422778117e-06,0.0005770660354755819,0.2665629982948303,0.1863546536769718
91005,F2,240,0.009999999776482582,teacher_mc,3,64,9137,624,4,1.3839260191161884e-06,0.0007103930693119764,0.2955085039138794,0.29663307042210363
91006,F1,1,0.999962329864502,on_policy,0,64,0,879,6,0.0,0.0,0.6930957436561584,nan
91006,F1,1,0.999962329864502,on_policy,1,64,0,1007,7,0.0,0.0,0.6930957436561584,nan
91006,F1,1,0.999962329864502,on_policy,2,64,0,112,0,0.0,0.0,0.6930957436561584,nan
91006,F1,1,0.999962329864502,on_policy,3,64,1,240,1,0.0025198976509273052,0.06695188581943512,0.6925814747810364,nan
91006,F1,1,0.999962329864502,teacher_mc,0,64,0,879,6,0.0,0.0,0.6930957436561584,0.6998475193977356
91006,F1,1,0.999962329864502,teacher_mc,1,64,0,1007,7,0.0,0.0,0.6930957436561584,0.6931985020637512
91006,F1,1,0.999962329864502,teacher_mc,2,64,0,112,0,0.0,0.0,0.6930957436561584,0.6916154026985168
91006,F1,1,0.999962329864502,teacher_mc,3,64,1,240,1,0.0025198976509273052,0.06695188581943512,0.6925814747810364,0.6811485309153795
91006,F1,32,0.9619397521018982,on_policy,0,64,363,879,6,0.0005100034177303314,0.01833212561905384,0.4401933550834656,nan
91006,F1,32,0.9619397521018982,on_policy,1,64,383,1007,7,0.000287518254481256,0.012363994494080544,0.4067612588405609,nan
91006,F1,32,0.9619397521018982,on_policy,2,64,340,112,0,0.0005923410062678158,0.019577592611312866,0.46520501375198364,nan
91006,F1,32,0.9619397521018982,on_policy,3,64,343,240,1,0.0010730389039963484,0.028249144554138184,0.4931468367576599,nan
91006,F1,32,0.9619397521018982,teacher_mc,0,64,363,879,6,0.00030110060470178723,0.013531452044844627,0.42226192355155945,0.33384953544009477
91006,F1,32,0.9619397521018982,teacher_mc,1,64,383,1007,7,0.0013604799751192331,0.03087938204407692,0.47245466709136963,0.4263086103601381
91006,F1,32,0.9619397521018982,teacher_mc,2,64,340,112,0,0.0005481637781485915,0.020188961178064346,0.45417556166648865,0.46045410446822643
91006,F1,32,0.9619397521018982,teacher_mc,3,64,343,240,1,0.0002506148302927613,0.012969646602869034,0.45605728030204773,0.40681370347738266
91006,F1,64,0.8535534143447876,on_policy,0,64,1357,879,6,0.000895861885510385,0.02323184534907341,0.3919144868850708,nan
91006,F1,64,0.8535534143447876,on_policy,1,64,1367,1007,7,0.0008417523349635303,0.020543258637189865,0.37263554334640503,nan
91006,F1,64,0.8535534143447876,on_policy,2,64,1322,112,0,0.0016152848256751895,0.026266902685165405,0.3751455843448639,nan
91006,F1,64,0.8535534143447876,on_policy,3,64,1360,240,1,0.0014816145412623882,0.029319941997528076,0.38965046405792236,nan
91006,F1,64,0.8535534143447876,teacher_mc,0,64,1357,879,6,0.0005259359022602439,0.013861911371350288,0.3312695622444153,0.42330872727325186
91006,F1,64,0.8535534143447876,teacher_mc,1,64,1367,1007,7,0.0009365855948999524,0.022739112377166748,0.3915206789970398,0.3535266141407192
91006,F1,64,0.8535534143447876,teacher_mc,2,64,1322,112,0,0.0011333341244608164,0.023884007707238197,0.39414963126182556,0.4167805242468603
91006,F1,64,0.8535534143447876,teacher_mc,3,64,1360,240,1,0.0010607147123664618,0.023978091776371002,0.365234375,0.32889083604095504
91006,F1,128,0.5,on_policy,0,64,4654,879,6,0.0005606598570011556,0.017445629462599754,0.31426799297332764,nan
91006,F1,128,0.5,on_policy,1,64,4670,1007,7,0.0008440845413133502,0.019370198249816895,0.3163219690322876,nan
91006,F1,128,0.5,on_policy,2,64,4604,112,0,0.0008491482003591955,0.022536277770996094,0.3718242645263672,nan
91006,F1,128,0.5,on_policy,3,64,4646,240,1,0.00044725238694809377,0.015048184432089329,0.32168298959732056,nan
91006,F1,128,0.5,teacher_mc,0,64,4654,879,6,0.0006640475476160645,0.0166805237531662,0.2761203944683075,0.34378079313319176
91006,F1,128,0.5,teacher_mc,1,64,4670,1007,7,0.0007723531452938914,0.020432263612747192,0.34227555990219116,0.2936234128428623
91006,F1,128,0.5,teacher_mc,2,64,4604,112,0,0.0006444630562327802,0.01951400563120842,0.32460349798202515,0.29865094082197174
91006,F1,128,0.5,teacher_mc,3,64,4646,240,1,0.000787526776548475,0.01910555548965931,0.3141920566558838,0.1981170210056007
91006,F1,192,0.1464466154575348,on_policy,0,64,7838,879,6,0.00012624627561308444,0.0074306875467300415,0.30198103189468384,nan
91006,F1,192,0.1464466154575348,on_policy,1,64,7948,1007,7,0.0001387945667374879,0.007207282818853855,0.2606203556060791,nan
91006,F1,192,0.1464466154575348,on_policy,2,64,7881,112,0,0.00017274792480748147,0.009034535847604275,0.3476291596889496,nan
91006,F1,192,0.1464466154575348,on_policy,3,64,7880,240,1,0.00017492566257715225,0.008813244290649891,0.3251004219055176,nan
91006,F1,192,0.1464466154575348,teacher_mc,0,64,7838,879,6,0.00024452642537653446,0.009998086839914322,0.2635248601436615,0.23349419893929735
91006,F1,192,0.1464466154575348,teacher_mc,1,64,7948,1007,7,0.0002783212694339454,0.011487648822367191,0.33810555934906006,0.24535670568002388
91006,F1,192,0.1464466154575348,teacher_mc,2,64,7881,112,0,0.0001984232512768358,0.007530808448791504,0.2711872160434723,0.1949833673716057
91006,F1,192,0.1464466154575348,teacher_mc,3,64,7880,240,1,0.00017700757598504424,0.008281765505671501,0.315238356590271,0.26357231847941875
91006,F1,240,0.009999999776482582,on_policy,0,64,9124,879,6,1.749508737702854e-05,0.002544046612456441,0.31712234020233154,nan
91006,F1,240,0.009999999776482582,on_policy,1,64,9135,1007,7,5.783988854091149e-06,0.0013939414639025927,0.30437588691711426,nan
91006,F1,240,0.009999999776482582,on_policy,2,64,9113,112,0,9.300261808675714e-06,0.0023812553845345974,0.34280186891555786,nan
91006,F1,240,0.009999999776482582,on_policy,3,64,9130,240,1,5.837732260260964e-06,0.0014162648003548384,0.2834059000015259,nan
91006,F1,240,0.009999999776482582,teacher_mc,0,64,9124,879,6,6.5438948695373256e-06,0.001125098904594779,0.21979063749313354,0.28951576247345656
91006,F1,240,0.009999999776482582,teacher_mc,1,64,9135,1007,7,7.217355232569389e-06,0.0016045195516198874,0.3234562277793884,0.32785448752110824
91006,F1,240,0.009999999776482582,teacher_mc,2,64,9113,112,0,1.8336359062232077e-05,0.0027814123313874006,0.28392577171325684,0.2912405877141282
91006,F1,240,0.009999999776482582,teacher_mc,3,64,9130,240,1,4.4429575609683525e-06,0.0013252516509965062,0.3047891855239868,0.3185821736988146
91006,F1,1,0.999962329864502,on_policy,0,64,0,368,2,0.0,0.0,0.6930957436561584,nan
91006,F1,1,0.999962329864502,on_policy,1,64,0,496,3,0.0,0.0,0.6930957436561584,nan
91006,F1,1,0.999962329864502,on_policy,2,64,1,624,4,0.0020372411236166954,0.060380659997463226,0.6926255226135254,nan
91006,F1,1,0.999962329864502,on_policy,3,64,1,752,5,0.0012979694874957204,0.049441128969192505,0.6927114129066467,nan
91006,F1,1,0.999962329864502,teacher_mc,0,64,0,368,2,0.0,0.0,0.6930957436561584,0.6881325840950012
91006,F1,1,0.999962329864502,teacher_mc,1,64,0,496,3,0.0,0.0,0.6930957436561584,0.7011139988899231
91006,F1,1,0.999962329864502,teacher_mc,2,64,1,624,4,0.006200480740517378,0.10842826217412949,0.6929852962493896,0.6857147067785263
91006,F1,1,0.999962329864502,teacher_mc,3,64,1,752,5,0.0043455855920910835,0.09097431600093842,0.6930707693099976,0.6859673084691167
91006,F1,32,0.9619397521018982,on_policy,0,64,361,368,2,0.0004596326616592705,0.017031803727149963,0.42346101999282837,nan
91006,F1,32,0.9619397521018982,on_policy,1,64,335,496,3,0.00041498042992316186,0.016022181138396263,0.46720024943351746,nan
91006,F1,32,0.9619397521018982,on_policy,2,64,369,624,4,0.00035667858901433647,0.014277356676757336,0.4395328462123871,nan
91006,F1,32,0.9619397521018982,on_policy,3,64,354,752,5,0.0005242995684966445,0.016698885709047318,0.42884814739227295,nan
91006,F1,32,0.9619397521018982,teacher_mc,0,64,361,368,2,0.0007361073512583971,0.022657720372080803,0.4728816747665405,0.5722310099517927
91006,F1,32,0.9619397521018982,teacher_mc,1,64,335,496,3,0.0003163929795846343,0.014584507793188095,0.46840786933898926,0.5459158583544195
91006,F1,32,0.9619397521018982,teacher_mc,2,64,369,624,4,0.000302127911709249,0.014388030394911766,0.4519697427749634,0.5631137973396108
91006,F1,32,0.9619397521018982,teacher_mc,3,64,354,752,5,0.0004863870854023844,0.013561301864683628,0.39656293392181396,0.31536574370693415
91006,F1,64,0.8535534143447876,on_policy,0,64,1327,368,2,0.0010035780724138021,0.022823791950941086,0.36993980407714844,nan
91006,F1,64,0.8535534143447876,on_policy,1,64,1383,496,3,0.0012618625769391656,0.025565030053257942,0.3922909200191498,nan
91006,F1,64,0.8535534143447876,on_policy,2,64,1316,624,4,0.0014552550856024027,0.028137527406215668,0.3620678782463074,nan
91006,F1,64,0.8535534143447876,on_policy,3,64,1311,752,5,0.0009869977366179228,0.023558393120765686,0.36446964740753174,nan
91006,F1,64,0.8535534143447876,teacher_mc,0,64,1327,368,2,0.0011802520602941513,0.025159556418657303,0.3942393958568573,0.35983838519314304
91006,F1,64,0.8535534143447876,teacher_mc,1,64,1383,496,3,0.0012872887309640646,0.029845096170902252,0.409355103969574,0.48655178857734427
91006,F1,64,0.8535534143447876,teacher_mc,2,64,1316,624,4,0.0010913489386439323,0.025951135903596878,0.40327388048171997,0.3666384706739336
91006,F1,64,0.8535534143447876,teacher_mc,3,64,1311,752,5,0.0004884632653556764,0.014871529303491116,0.3411805331707001,0.15868449391564354
91006,F1,128,0.5,on_policy,0,64,4595,368,2,0.0006964034400880337,0.019096923992037773,0.3187944293022156,nan
91006,F1,128,0.5,on_policy,1,64,4583,496,3,0.0006015787948854268,0.01820932701230049,0.31050360202789307,nan
91006,F1,128,0.5,on_policy,2,64,4648,624,4,0.0006919779116287827,0.018265604972839355,0.2925141155719757,nan
91006,F1,128,0.5,on_policy,3,64,4626,752,5,0.0007115964544937015,0.018761152401566505,0.3387112021446228,nan
91006,F1,128,0.5,teacher_mc,0,64,4595,368,2,0.0005381894297897816,0.01586306281387806,0.3385178744792938,0.29860006854869425
91006,F1,128,0.5,teacher_mc,1,64,4583,496,3,0.00044726667692884803,0.013498342595994473,0.2979712188243866,0.2874836412956938
91006,F1,128,0.5,teacher_mc,2,64,4648,624,4,0.000505570147652179,0.01739112101495266,0.33504438400268555,0.23165216046618298
91006,F1,128,0.5,teacher_mc,3,64,4626,752,5,0.0009138576569966972,0.02141265571117401,0.3183436989784241,0.3543960843817331
91006,F1,192,0.1464466154575348,on_policy,0,64,7881,368,2,0.00010860572365345433,0.006550515070557594,0.256794810295105,nan
91006,F1,192,0.1464466154575348,on_policy,1,64,7874,496,3,0.00014115910744294524,0.006955698132514954,0.2671869099140167,nan
91006,F1,192,0.1464466154575348,on_policy,2,64,7836,624,4,0.0001832130365073681,0.007876883260905743,0.2747398912906647,nan
91006,F1,192,0.1464466154575348,on_policy,3,64,7893,752,5,0.0002373795723542571,0.009056033566594124,0.32169002294540405,nan
91006,F1,192,0.1464466154575348,teacher_mc,0,64,7881,368,2,0.0002744301746133715,0.01035050954669714,0.2689952254295349,0.19878909367253073
91006,F1,192,0.1464466154575348,teacher_mc,1,64,7874,496,3,0.0002548508928157389,0.01024538278579712,0.2907685339450836,0.3565404284163378
91006,F1,192,0.1464466154575348,teacher_mc,2,64,7836,624,4,0.00027575279818847775,0.012127462774515152,0.36795175075531006,0.22470679046818987
91006,F1,192,0.1464466154575348,teacher_mc,3,64,7893,752,5,0.0002071253547910601,0.008689027279615402,0.30118393898010254,0.3108408297994174
91006,F1,240,0.009999999776482582,on_policy,0,64,9152,368,2,0.0,0.0,0.2808590233325958,nan
91006,F1,240,0.009999999776482582,on_policy,1,64,9137,496,3,6.178491275932174e-06,0.0013744889292865992,0.256760835647583,nan
91006,F1,240,0.009999999776482582,on_policy,2,64,9133,624,4,3.298820502095623e-06,0.0009947733487933874,0.264253169298172,nan
91006,F1,240,0.009999999776482582,on_policy,3,64,9116,752,5,1.2907266864203848e-05,0.0017920815153047442,0.252128928899765,nan
91006,F1,240,0.009999999776482582,teacher_mc,0,64,9152,368,2,0.0,0.0,0.23076018691062927,0.23059634148376063
91006,F1,240,0.009999999776482582,teacher_mc,1,64,9137,496,3,2.6379391329101054e-06,0.001014415523968637,0.3013255000114441,0.26800967543385923
91006,F1,240,0.009999999776482582,teacher_mc,2,64,9133,624,4,2.3404863895848393e-06,0.0009135623695328832,0.29706647992134094,0.2912849916901905
91006,F1,240,0.009999999776482582,teacher_mc,3,64,9116,752,5,1.1851174349430948e-05,0.002158538904041052,0.293698787689209,0.23342386525473557
91006,F2,1,0.999962329864502,on_policy,0,64,0,879,6,0.0,0.0,0.6931029558181763,nan
91006,F2,1,0.999962329864502,on_policy,1,64,0,1007,7,0.0,0.0,0.6931029558181763,nan
91006,F2,1,0.999962329864502,on_policy,2,64,0,112,0,0.0,0.0,0.6931029558181763,nan
91006,F2,1,0.999962329864502,on_policy,3,64,1,240,1,0.005522614810615778,0.09998250007629395,0.6922222375869751,nan
91006,F2,1,0.999962329864502,teacher_mc,0,64,0,879,6,0.0,0.0,0.6931029558181763,0.6993597541004419
91006,F2,1,0.999962329864502,teacher_mc,1,64,0,1007,7,0.0,0.0,0.6931029558181763,0.6931913495063782
91006,F2,1,0.999962329864502,teacher_mc,2,64,0,112,0,0.0,0.0,0.6931029558181763,0.6917226817458868
91006,F2,1,0.999962329864502,teacher_mc,3,64,1,240,1,0.005522614810615778,0.09998250007629395,0.6922222375869751,0.6794447479769588
91006,F2,32,0.9619397521018982,on_policy,0,64,363,879,6,0.00019688230531755835,0.011672399938106537,0.4415626525878906,nan
91006,F2,32,0.9619397521018982,on_policy,1,64,383,1007,7,0.00012285224511288106,0.008545521646738052,0.40419113636016846,nan
91006,F2,32,0.9619397521018982,on_policy,2,64,340,112,0,0.00017006974667310715,0.011164196766912937,0.4687419533729553,nan
91006,F2,32,0.9619397521018982,on_policy,3,64,343,240,1,0.0004022798384539783,0.01795835979282856,0.5105616450309753,nan
91006,F2,32,0.9619397521018982,teacher_mc,0,64,363,879,6,0.00015136934234760702,0.00958610326051712,0.4213133454322815,0.3328831405378878
91006,F2,32,0.9619397521018982,teacher_mc,1,64,383,1007,7,0.0005309999105520546,0.019410941749811172,0.472184956073761,0.42670198646374047
91006,F2,32,0.9619397521018982,teacher_mc,2,64,340,112,0,0.00017531102639622986,0.01120960246771574,0.4469585418701172,0.4645196037599817
91006,F2,32,0.9619397521018982,teacher_mc,3,64,343,240,1,7.762106542941183e-05,0.007723942399024963,0.4531049132347107,0.40585476881824434
91006,F2,64,0.8535534143447876,on_policy,0,64,1357,879,6,0.00020167126785963774,0.01119435578584671,0.38579025864601135,nan
91006,F2,64,0.8535534143447876,on_policy,1,64,1367,1007,7,0.00019120494835078716,0.010018609464168549,0.3849099576473236,nan
91006,F2,64,0.8535534143447876,on_policy,2,64,1322,112,0,0.0003170880663674325,0.012962195090949535,0.38179928064346313,nan
91006,F2,64,0.8535534143447876,on_policy,3,64,1360,240,1,0.00021796714281663299,0.011525524780154228,0.39237114787101746,nan
91006,F2,64,0.8535534143447876,teacher_mc,0,64,1357,879,6,0.00011769677803386003,0.007364054210484028,0.3233991265296936,0.4240161977359094
91006,F2,64,0.8535534143447876,teacher_mc,1,64,1367,1007,7,0.00022699804685544223,0.011527285911142826,0.3848532736301422,0.36263688281178474
91006,F2,64,0.8535534143447876,teacher_mc,2,64,1322,112,0,0.00020859390497207642,0.010773546993732452,0.38621023297309875,0.41536040540086105
91006,F2,64,0.8535534143447876,teacher_mc,3,64,1360,240,1,0.00019584677647799253,0.010447212494909763,0.35834649205207825,0.32856874156277627
91006,F2,128,0.5,on_policy,0,64,4654,879,6,9.041885641636327e-05,0.006647920701652765,0.3014460802078247,nan
91006,F2,128,0.5,on_policy,1,64,4670,1007,7,0.00016219200915656984,0.00812199804931879,0.327403724193573,nan
91006,F2,128,0.5,on_policy,2,64,4604,112,0,0.00014372187433764338,0.009363403543829918,0.3684763014316559,nan
91006,F2,128,0.5,on_policy,3,64,4646,240,1,9.82692145043984e-05,0.0065082679502666,0.337483674287796,nan
91006,F2,128,0.5,teacher_mc,0,64,4654,879,6,0.00012048454664181918,0.00693829171359539,0.2715265452861786,0.34149096498731524
91006,F2,128,0.5,teacher_mc,1,64,4670,1007,7,0.0001365351490676403,0.008884737268090248,0.3358096480369568,0.28629248874494806
91006,F2,128,0.5,teacher_mc,2,64,4604,112,0,9.92403511190787e-05,0.0071601285599172115,0.3194381296634674,0.2889633048325777
91006,F2,128,0.5,teacher_mc,3,64,4646,240,1,0.00012979551684111357,0.007738060783594847,0.30989503860473633,0.19411751226289198
91006,F2,192,0.1464466154575348,on_policy,0,64,7838,879,6,4.6213724999688566e-05,0.004707635380327702,0.3090210258960724,nan
91006,F2,192,0.1464466154575348,on_policy,1,64,7948,1007,7,3.354633372509852e-05,0.003703502705320716,0.2729477882385254,nan
91006,F2,192,0.1464466154575348,on_policy,2,64,7881,112,0,4.491457366384566e-05,0.004596363753080368,0.34249383211135864,nan
91006,F2,192,0.1464466154575348,on_policy,3,64,7880,240,1,6.396764365490526e-05,0.005265501793473959,0.30885589122772217,nan
91006,F2,192,0.1464466154575348,teacher_mc,0,64,7838,879,6,9.691432933323085e-05,0.006007181014865637,0.257427453994751,0.23083293344825506
91006,F2,192,0.1464466154575348,teacher_mc,1,64,7948,1007,7,8.944337605498731e-05,0.006510540843009949,0.33776116371154785,0.23944035155000165
91006,F2,192,0.1464466154575348,teacher_mc,2,64,7881,112,0,5.054042048868723e-05,0.003633065614849329,0.2702672779560089,0.1938167748739943
91006,F2,192,0.1464466154575348,teacher_mc,3,64,7880,240,1,5.8845296734943986e-05,0.004580729641020298,0.31550514698028564,0.264479270670563
91006,F2,240,0.009999999776482582,on_policy,0,64,9124,879,6,1.0263825970469043e-05,0.0019937159959226847,0.3218410015106201,nan
91006,F2,240,0.009999999776482582,on_policy,1,64,9135,1007,7,3.889031631842954e-06,0.0010749567300081253,0.3096769154071808,nan
91006,F2,240,0.009999999776482582,on_policy,2,64,9113,112,0,6.809521892137127e-06,0.0016753303352743387,0.32902878522872925,nan
91006,F2,240,0.009999999776482582,on_policy,3,64,9130,240,1,5.4216852731769904e-06,0.0013050222769379616,0.27733027935028076,nan
91006,F2,240,0.009999999776482582,teacher_mc,0,64,9124,879,6,4.194801931589609e-06,0.0007622303091920912,0.21243014931678772,0.2843624703818932
91006,F2,240,0.009999999776482582,teacher_mc,1,64,9135,1007,7,4.408379027154297e-06,0.0012561886105686426,0.32065096497535706,0.32328897080151364
91006,F2,240,0.009999999776482582,teacher_mc,2,64,9113,112,0,1.3528244380722754e-05,0.0023816763423383236,0.2883225083351135,0.2873069367487915
91006,F2,240,0.009999999776482582,teacher_mc,3,64,9130,240,1,4.677648121287348e-06,0.0015037980629131198,0.3093425929546356,0.31181687526986934
91006,F2,1,0.999962329864502,on_policy,0,64,0,368,2,0.0,0.0,0.6931029558181763,nan
91006,F2,1,0.999962329864502,on_policy,1,64,0,496,3,0.0,0.0,0.6931029558181763,nan
91006,F2,1,0.999962329864502,on_policy,2,64,1,624,4,0.004689289256930351,0.09187090396881104,0.6923073530197144,nan
91006,F2,1,0.999962329864502,on_policy,3,64,1,752,5,0.002860988024622202,0.07342322170734406,0.6925549507141113,nan
91006,F2,1,0.999962329864502,teacher_mc,0,64,0,368,2,0.0,0.0,0.6931029558181763,0.6884916126728058
91006,F2,1,0.999962329864502,teacher_mc,1,64,0,496,3,0.0,0.0,0.6931029558181763,0.700534688308835
91006,F2,1,0.999962329864502,teacher_mc,2,64,1,624,4,0.006715813651680946,0.11115368455648422,0.6928284168243408,0.6835133945569396
91006,F2,1,0.999962329864502,teacher_mc,3,64,1,752,5,0.0049903299659490585,0.0970633253455162,0.6930190324783325,0.6834632139652967
91006,F2,32,0.9619397521018982,on_policy,0,64,361,368,2,0.00015418240218423307,0.009443752467632294,0.40893566608428955,nan
91006,F2,32,0.9619397521018982,on_policy,1,64,335,496,3,0.00015884818276390433,0.010300058871507645,0.4682399034500122,nan
91006,F2,32,0.9619397521018982,on_policy,2,64,369,624,4,0.0001005053854896687,0.007925566285848618,0.4610276222229004,nan
91006,F2,32,0.9619397521018982,on_policy,3,64,354,752,5,0.00012256819172762334,0.008409146219491959,0.42228007316589355,nan
91006,F2,32,0.9619397521018982,teacher_mc,0,64,361,368,2,0.0001855877781054005,0.011849245987832546,0.46740201115608215,0.5761383974459022
91006,F2,32,0.9619397521018982,teacher_mc,1,64,335,496,3,0.00012890517245978117,0.009408612735569477,0.4671996235847473,0.5468745067482814
91006,F2,32,0.9619397521018982,teacher_mc,2,64,369,624,4,0.00013519584899768233,0.009642849676311016,0.44974449276924133,0.5587320293998346
91006,F2,32,0.9619397521018982,teacher_mc,3,64,354,752,5,0.0002225635980721563,0.009397769346833229,0.3961488604545593,0.3173155930126086
91006,F2,64,0.8535534143447876,on_policy,0,64,1327,368,2,0.00013900865451432765,0.008299754932522774,0.3471221923828125,nan
91006,F2,64,0.8535534143447876,on_policy,1,64,1383,496,3,0.0003076281864196062,0.012928790412843227,0.39027419686317444,nan
91006,F2,64,0.8535534143447876,on_policy,2,64,1316,624,4,0.000236592284636572,0.010835403576493263,0.36879438161849976,nan
91006,F2,64,0.8535534143447876,on_policy,3,64,1311,752,5,0.00016042226343415678,0.009631824679672718,0.35221490263938904,nan
91006,F2,64,0.8535534143447876,teacher_mc,0,64,1327,368,2,0.00019575722399167717,0.01100601814687252,0.3873092532157898,0.3680951479473151
91006,F2,64,0.8535534143447876,teacher_mc,1,64,1383,496,3,0.0002460993127897382,0.012494546361267567,0.4022727310657501,0.4918701427523047
91006,F2,64,0.8535534143447876,teacher_mc,2,64,1316,624,4,0.00023025058908388019,0.012226194143295288,0.39474672079086304,0.3583691005478613
91006,F2,64,0.8535534143447876,teacher_mc,3,64,1311,752,5,0.00012789448373951018,0.007512459997087717,0.33795857429504395,0.1600050840061158
91006,F2,128,0.5,on_policy,0,64,4595,368,2,0.0001339307927992195,0.008166853338479996,0.3073357939720154,nan
91006,F2,128,0.5,on_policy,1,64,4583,496,3,8.36813123896718e-05,0.006132647395133972,0.2993016242980957,nan
91006,F2,128,0.5,on_policy,2,64,4648,624,4,0.00014572963118553162,0.007742679212242365,0.2957800030708313,nan
91006,F2,128,0.5,on_policy,3,64,4626,752,5,0.00011453429760877043,0.0071259429678320885,0.30796635150909424,nan
91006,F2,128,0.5,teacher_mc,0,64,4595,368,2,0.00010245509474771097,0.007056000176817179,0.33322614431381226,0.29833805706584826
91006,F2,128,0.5,teacher_mc,1,64,4583,496,3,7.175203791121021e-05,0.005403575021773577,0.29299402236938477,0.2870423194835894
91006,F2,128,0.5,teacher_mc,2,64,4648,624,4,0.00010075452883029357,0.007026920095086098,0.3302384614944458,0.2286985629471019
91006,F2,128,0.5,teacher_mc,3,64,4626,752,5,0.0001101734524127096,0.007539705373346806,0.3149563670158386,0.35104897507699206
91006,F2,192,0.1464466154575348,on_policy,0,64,7881,368,2,3.3213276765309274e-05,0.003198530524969101,0.22305943071842194,nan
91006,F2,192,0.1464466154575348,on_policy,1,64,7874,496,3,4.141361569054425e-05,0.003908421378582716,0.26474785804748535,nan
91006,F2,192,0.1464466154575348,on_policy,2,64,7836,624,4,4.496228939387947e-05,0.00418501440435648,0.2770794928073883,nan
91006,F2,192,0.1464466154575348,on_policy,3,64,7893,752,5,5.37829619133845e-05,0.004847566597163677,0.32664453983306885,nan
91006,F2,192,0.1464466154575348,teacher_mc,0,64,7881,368,2,6.985440268181264e-05,0.005127623211592436,0.26867300271987915,0.19805073278257623
91006,F2,192,0.1464466154575348,teacher_mc,1,64,7874,496,3,6.368549657054245e-05,0.005224024876952171,0.28466087579727173,0.3597037688596174
91006,F2,192,0.1464466154575348,teacher_mc,2,64,7836,624,4,7.025381637504324e-05,0.0061603449285030365,0.3601830303668976,0.22060908656567335
91006,F2,192,0.1464466154575348,teacher_mc,3,64,7893,752,5,6.089041198720224e-05,0.004739530384540558,0.29814237356185913,0.30904204648686573
91006,F2,240,0.009999999776482582,on_policy,0,64,9152,368,2,0.0,0.0,0.2532557249069214,nan
91006,F2,240,0.009999999776482582,on_policy,1,64,9137,496,3,2.6075167625094764e-06,0.0009258545469492674,0.2525479197502136,nan
91006,F2,240,0.009999999776482582,on_policy,2,64,9133,624,4,1.7309905615547905e-06,0.0008230863604694605,0.2902527153491974,nan
91006,F2,240,0.009999999776482582,on_policy,3,64,9116,752,5,1.0931544238701463e-05,0.0017609514761716127,0.2794031500816345,nan
91006,F2,240,0.009999999776482582,teacher_mc,0,64,9152,368,2,0.0,0.0,0.23217599093914032,0.22724696516525
91006,F2,240,0.009999999776482582,teacher_mc,1,64,9137,496,3,2.6380510007584235e-06,0.001047281315550208,0.2945021986961365,0.2660028590471484
91006,F2,240,0.009999999776482582,teacher_mc,2,64,9133,624,4,3.0152341423672624e-06,0.0011365581303834915,0.29375261068344116,0.2872349611716345
91006,F2,240,0.009999999776482582,teacher_mc,3,64,9116,752,5,8.642910870548803e-06,0.0018618270987644792,0.28922712802886963,0.2295920112519525
