block,contrast,metric,estimate,ci_low,ci_high,primary,family_ci_low,family_ci_high
8,mask_at_uniform,matched_continuous48/natural/sequential_kl,-0.0015879712747573784,-0.0032941627730384677,0.00014878119247993744,False,,
8,mask_at_uniform,matched_continuous48/natural/parallel_kl,-0.0018521604377184017,-0.004565419392737156,0.0011335274556665193,False,,
8,mask_at_uniform,matched_continuous48/natural/oracle_parallel_kl,0.0,0.0,0.0,False,,
8,mask_at_uniform,matched_continuous48/natural/marginal_kl,-0.0018521604377183935,-0.0045654193927371555,0.0011335274556665135,False,,
8,mask_at_uniform,matched_continuous48/natural/order_tv,-0.0013189660090779758,-0.010299045688964958,0.008079836667071055,False,,
8,mask_at_uniform,matched_continuous48/natural/geometry_probability_mae,-0.00644489928991086,-0.012621222770929509,-0.00032295848162975765,False,,
8,mask_at_uniform,matched_continuous48/natural/response_rmse,-0.012028313861390125,-0.020979083160436,-0.0033562501456346283,False,,
8,mask_at_uniform,matched_continuous96/natural/sequential_kl,-0.09746469764162986,-0.1282833297122845,-0.07331308606861896,False,,
8,mask_at_uniform,matched_continuous96/natural/parallel_kl,-0.11004837506067061,-0.13823660769694643,-0.08644965698352518,False,,
8,mask_at_uniform,matched_continuous96/natural/oracle_parallel_kl,0.0,0.0,0.0,False,,
8,mask_at_uniform,matched_continuous96/natural/marginal_kl,-0.11004837506067063,-0.13823660769694648,-0.08644965698352518,False,,
8,mask_at_uniform,matched_continuous96/natural/order_tv,-0.013949599025043741,-0.020771402961965987,-0.004540751228758303,False,,
8,mask_at_uniform,matched_continuous96/natural/geometry_probability_mae,-0.05321321612918545,-0.08026186412577477,-0.029386013834428303,False,,
8,mask_at_uniform,matched_continuous96/natural/response_rmse,-0.15280155070656926,-0.23783711649202113,-0.0805568673395157,False,,
8,mask_at_uniform,matched_continuous128/natural/sequential_kl,-0.15630082350243835,-0.1774593122600196,-0.13801230920332375,True,-0.1828384212942048,-0.13351264823777723
8,mask_at_uniform,matched_continuous128/natural/parallel_kl,-0.14877765503635867,-0.1674983179270873,-0.13094526622743086,False,,
8,mask_at_uniform,matched_continuous128/natural/oracle_parallel_kl,0.0,0.0,0.0,False,,
8,mask_at_uniform,matched_continuous128/natural/marginal_kl,-0.1487776550363587,-0.1674983179270873,-0.1309452662274308,False,,
8,mask_at_uniform,matched_continuous128/natural/order_tv,0.01419296819131949,0.0073562617832679394,0.020259143773210708,False,,
8,mask_at_uniform,matched_continuous128/natural/geometry_probability_mae,-0.07731495065276109,-0.0961655663030731,-0.05841865205615997,False,,
8,mask_at_uniform,matched_continuous128/natural/response_rmse,-0.205173187196557,-0.2502911407984463,-0.16048567305615077,False,,
8,mask_at_uniform,unequal_distance_w48/natural/sequential_kl,-0.002777876471111728,-0.005925947394542823,-7.954438329502e-05,False,,
8,mask_at_uniform,unequal_distance_w48/natural/parallel_kl,-0.0029192206696170425,-0.008365916447667108,0.0017302183494939188,False,,
8,mask_at_uniform,unequal_distance_w48/natural/oracle_parallel_kl,0.0,0.0,0.0,False,,
8,mask_at_uniform,unequal_distance_w48/natural/marginal_kl,-0.0029192206696170616,-0.008365916447667118,0.0017302183494938774,False,,
8,mask_at_uniform,unequal_distance_w48/natural/order_tv,0.003738703734939574,-0.001554117312514966,0.009455576990860245,False,,
8,mask_at_uniform,unequal_distance_w48/natural/geometry_probability_mae,-0.005769767310068941,-0.013018142055616133,0.004333583600840419,False,,
8,mask_at_uniform,unequal_distance_w48/natural/response_rmse,-0.004167060402069579,-0.017658687040624513,0.008666098667031875,False,,
8,mask_at_uniform,matched_continuous48/common/sequential_kl,-0.0011839493000500448,-0.002778887464748366,0.0004946171900872637,False,,
8,mask_at_uniform,matched_continuous48/common/parallel_kl,-0.001044116488303718,-0.0035807830469819103,0.0018480390062981084,False,,
8,mask_at_uniform,matched_continuous48/common/oracle_parallel_kl,0.0,0.0,0.0,False,,
8,mask_at_uniform,matched_continuous48/common/marginal_kl,-0.0010441164883037207,-0.003580783046981906,0.0018480390062981084,False,,
8,mask_at_uniform,matched_continuous48/common/order_tv,0.0014608653376789182,-0.006260736591044244,0.009751814871938502,False,,
8,mask_at_uniform,matched_continuous48/common/geometry_probability_mae,-0.00644489928991086,-0.012621222770929509,-0.00032295848162975765,False,,
8,mask_at_uniform,matched_continuous48/common/response_rmse,-0.012028313861390125,-0.020979083160436,-0.0033562501456346283,False,,
8,mask_at_uniform,matched_continuous96/common/sequential_kl,-0.08936389199303713,-0.1175083059671723,-0.0653756869999865,False,,
8,mask_at_uniform,matched_continuous96/common/parallel_kl,-0.10213813227343266,-0.1298210122206966,-0.07701541214557182,False,,
8,mask_at_uniform,matched_continuous96/common/oracle_parallel_kl,0.0,0.0,0.0,False,,
8,mask_at_uniform,matched_continuous96/common/marginal_kl,-0.10213813227343262,-0.12982101222069659,-0.07701541214557184,False,,
8,mask_at_uniform,matched_continuous96/common/order_tv,-0.014255971531081935,-0.019981056249862576,-0.00689404589925996,False,,
8,mask_at_uniform,matched_continuous96/common/geometry_probability_mae,-0.04699186958369994,-0.07512463635720368,-0.020616591816443854,False,,
8,mask_at_uniform,matched_continuous96/common/response_rmse,-0.13493844389801077,-0.22130855616795636,-0.05683321161680333,False,,
8,mask_at_uniform,matched_continuous128/common/sequential_kl,-0.14924476120806343,-0.1712508380138353,-0.13068529404387463,False,,
8,mask_at_uniform,matched_continuous128/common/parallel_kl,-0.14341446870781258,-0.16240479233256558,-0.12690981066900095,False,,
8,mask_at_uniform,matched_continuous128/common/oracle_parallel_kl,0.0,0.0,0.0,False,,
8,mask_at_uniform,matched_continuous128/common/marginal_kl,-0.14341446870781258,-0.1624047923325656,-0.12690981066900095,False,,
8,mask_at_uniform,matched_continuous128/common/order_tv,0.012875853777731703,0.004826431269021082,0.01943080927831632,False,,
8,mask_at_uniform,matched_continuous128/common/geometry_probability_mae,-0.07457578947690036,-0.09583445519052215,-0.055652813650854574,False,,
8,mask_at_uniform,matched_continuous128/common/response_rmse,-0.19867758993689663,-0.24983476704748536,-0.1537603528760828,False,,
8,mask_at_uniform,unequal_distance_w48/common/sequential_kl,-0.002277998107424896,-0.005349589407777769,0.00024814014010313384,False,,
8,mask_at_uniform,unequal_distance_w48/common/parallel_kl,-0.0019194639422434184,-0.0072640933722691765,0.0023593219948067484,False,,
8,mask_at_uniform,unequal_distance_w48/common/oracle_parallel_kl,0.0,0.0,0.0,False,,
8,mask_at_uniform,unequal_distance_w48/common/marginal_kl,-0.001919463942243395,-0.007264093372269179,0.0023593219948067814,False,,
8,mask_at_uniform,unequal_distance_w48/common/order_tv,0.005875391019314093,0.001633367212568907,0.01095103607603928,False,,
8,mask_at_uniform,unequal_distance_w48/common/geometry_probability_mae,-0.005769767310068941,-0.013018142055616133,0.004333583600840419,False,,
8,mask_at_uniform,unequal_distance_w48/common/response_rmse,-0.004167060402069579,-0.017658687040624513,0.008666098667031875,False,,
8,mask_at_uniform,w128_k8/CE,-0.07803889390834795,-0.10228204133427878,-0.05331730494686042,False,,
8,mask_at_uniform,w128_k32/CE,-0.007042113702599662,-0.014638904037666415,-0.0007463687653603555,False,,
8,mask_at_uniform,w128_t05/CE,9.695047532271017e-05,-0.0002339627071179365,0.00042668529970100056,False,,
8,mask_at_uniform,w128_t095/CE,0.0007480772046850048,0.0002087978490990406,0.0012963839666251815,False,,
8,mask_at_uniform,w48_t05/CE,1.1439512981936684e-05,-0.00016973858989020874,0.00018733035493964938,False,,
8,mask_at_uniform,w48_t095/CE,-2.7580433373475266e-05,-0.0003410946475530641,0.00028531050039779665,False,,
8,mask_at_uniform,continuous128/G_1_8_NRMSE,-0.01599788502132104,-0.034354991285253045,0.004924900731067762,False,,
8,mask_at_uniform,continuous128/G_9_48_NRMSE,-0.0669348989809125,-0.17104240082242342,0.04352405418539067,False,,
8,mask_at_uniform,continuous128/G_49_64_NRMSE,-0.19662551178285925,-0.3314244980616338,-0.03193307115745336,True,-0.3720840295342072,0.012975569204201292
8,mask_at_uniform,continuous128/m_bias,-0.003223419189453138,-0.1376023292541504,0.10738924344380699,False,,
8,mask_at_uniform,continuous128/m2_bias,0.10701189448850022,0.07862044146168047,0.13156694589156867,False,,
8,mask_at_uniform,continuous128/abs_m_bias,0.12386830647786459,0.09038370450337727,0.1555528163909912,False,,
8,mask_at_uniform,continuous128/energy_bias,-0.004468435586176822,-0.007292868146120432,-0.0012842587181484623,False,,
8,mask_at_uniform,continuous48/G_1_8_NRMSE,-0.004811047145456285,-0.017734715523426595,0.007850015114981129,False,,
8,mask_at_uniform,continuous48/G_9_24_NRMSE,-0.011188041951940272,-0.055832133265711945,0.037536097782103234,False,,
8,mask_at_uniform,continuous48/G_1_24_NRMSE,-0.008889110082294344,-0.04115170137163224,0.025674354345763116,False,,
8,mask_at_uniform,continuous48/m_bias,0.028453685619212986,-0.0022285178855613436,0.06787804497612848,False,,
8,mask_at_uniform,continuous48/m2_bias,0.008013126781447907,-0.010178930327725521,0.02569254406195119,False,,
8,mask_at_uniform,continuous48/abs_m_bias,0.008497450086805552,-0.013090063024450253,0.02968275282118055,False,,
8,mask_at_uniform,continuous48/energy_bias,-0.000783789524231711,-0.0026840173888149606,0.001220356826241183,False,,
8,mask_at_uniform,held_s10_w48/G_10_30_NRMSE,-0.035802557328939444,-0.06567186198687763,0.001911523270578446,False,,
8,mask_at_uniform,held_s10_w48/G_40_120_NRMSE,-0.05675918212027123,-0.16446662757287628,0.08095892263192088,False,,
8,mask_at_uniform,held_s10_w48/G_130_470_NRMSE,0.009670254259676575,-0.15843717114957373,0.20252158521129407,False,,
8,mask_at_uniform,held_s10_w48/m_bias,-0.012466995804398164,-0.10288464581524885,0.06737286603009258,False,,
8,mask_at_uniform,held_s10_w48/m2_bias,0.05638005409711674,0.042947244742279685,0.07304494665483388,False,,
8,mask_at_uniform,held_s10_w48/abs_m_bias,0.07475902416087965,0.05764747902199074,0.09451972113715279,False,,
8,mask_at_uniform,held_s10_w48/energy_bias,-0.018819028885933814,-0.030732773945404877,-0.009625835734338051,False,,
8,query_at_sparse,matched_continuous48/natural/sequential_kl,-0.00042734469660703645,-0.0012902659630322866,0.0003774794590693762,False,,
8,query_at_sparse,matched_continuous48/natural/parallel_kl,0.00047597593970413743,-0.001159766200727358,0.0018585351585727263,False,,
8,query_at_sparse,matched_continuous48/natural/oracle_parallel_kl,0.0,0.0,0.0,False,,
8,query_at_sparse,matched_continuous48/natural/marginal_kl,0.000475975939704137,-0.0011597662007273581,0.0018585351585727352,False,,
8,query_at_sparse,matched_continuous48/natural/order_tv,0.0003373086780868381,-0.001518733294117794,0.0021543891104603037,False,,
8,query_at_sparse,matched_continuous48/natural/geometry_probability_mae,-0.012243464368682651,-0.017728068374466825,-0.00744919139835279,False,,
8,query_at_sparse,matched_continuous48/natural/response_rmse,-0.02963599264241026,-0.044633985835716566,-0.015099267516102381,False,,
8,query_at_sparse,matched_continuous96/natural/sequential_kl,-0.001764753473207935,-0.0028052574563958124,-0.0009599670505274951,False,,
8,query_at_sparse,matched_continuous96/natural/parallel_kl,-0.0014688870898382639,-0.0033981637214937394,0.00017504472377251974,False,,
8,query_at_sparse,matched_continuous96/natural/oracle_parallel_kl,0.0,0.0,0.0,False,,
8,query_at_sparse,matched_continuous96/natural/marginal_kl,-0.0014688870898382643,-0.0033981637214937385,0.00017504472377252476,False,,
8,query_at_sparse,matched_continuous96/natural/order_tv,-0.005790118998644851,-0.008225413321983698,-0.0032681872379053956,False,,
8,query_at_sparse,matched_continuous96/natural/geometry_probability_mae,-0.012221587671515374,-0.023454692539585147,-0.002524464784725657,False,,
8,query_at_sparse,matched_continuous96/natural/response_rmse,-0.019255667272804783,-0.05409644327560539,0.013738130288701534,False,,
8,query_at_sparse,matched_continuous128/natural/sequential_kl,-0.014931685531440052,-0.02231769463924012,-0.007505254033304689,True,-0.0241459036451058,-0.005470276653945373
8,query_at_sparse,matched_continuous128/natural/parallel_kl,-0.018174416297235547,-0.02676439386236302,-0.009248179949165285,False,,
8,query_at_sparse,matched_continuous128/natural/oracle_parallel_kl,0.0,0.0,0.0,False,,
8,query_at_sparse,matched_continuous128/natural/marginal_kl,-0.018174416297235554,-0.02676439386236304,-0.009248179949165282,False,,
8,query_at_sparse,matched_continuous128/natural/order_tv,-0.00015819906772464656,-0.0029312909504314658,0.0020987519828986403,False,,
8,query_at_sparse,matched_continuous128/natural/geometry_probability_mae,-0.036328382122343406,-0.050260042279640905,-0.02163494941235678,False,,
8,query_at_sparse,matched_continuous128/natural/response_rmse,-0.1021076505485814,-0.13252379382852225,-0.0662438771702982,False,,
8,query_at_sparse,unequal_distance_w48/natural/sequential_kl,-0.00047402827696518173,-0.0014954183415955909,0.0006663713111883154,False,,
8,query_at_sparse,unequal_distance_w48/natural/parallel_kl,0.0005962576483963811,-0.0013723321134870958,0.0024402900308399577,False,,
8,query_at_sparse,unequal_distance_w48/natural/oracle_parallel_kl,0.0,0.0,0.0,False,,
8,query_at_sparse,unequal_distance_w48/natural/marginal_kl,0.0005962576483964036,-0.0013723321134871105,0.0024402900308399898,False,,
8,query_at_sparse,unequal_distance_w48/natural/order_tv,0.0003737355052505914,-0.001463553663632343,0.0023906546167805354,False,,
8,query_at_sparse,unequal_distance_w48/natural/geometry_probability_mae,-0.008508147726938552,-0.011377278198250199,-0.005929533152301813,False,,
8,query_at_sparse,unequal_distance_w48/natural/response_rmse,-0.025814447265665175,-0.03803399723363482,-0.016683832990132593,False,,
8,query_at_sparse,matched_continuous48/common/sequential_kl,-0.0003955284388556528,-0.0013162488461612512,0.00046813954777722035,False,,
8,query_at_sparse,matched_continuous48/common/parallel_kl,0.0005396084552068969,-0.0011514157756255434,0.002048054366699722,False,,
8,query_at_sparse,matched_continuous48/common/oracle_parallel_kl,0.0,0.0,0.0,False,,
8,query_at_sparse,matched_continuous48/common/marginal_kl,0.0005396084552069039,-0.0011514157756255287,0.002048054366699722,False,,
8,query_at_sparse,matched_continuous48/common/order_tv,0.0005308290054428996,-0.001069142619614799,0.002108996247252342,False,,
8,query_at_sparse,matched_continuous48/common/geometry_probability_mae,-0.012243464368682651,-0.017728068374466825,-0.00744919139835279,False,,
8,query_at_sparse,matched_continuous48/common/response_rmse,-0.02963599264241026,-0.044633985835716566,-0.015099267516102381,False,,
8,query_at_sparse,matched_continuous96/common/sequential_kl,-0.0017816942922532879,-0.0027855827263111037,-0.0010194864037595152,False,,
8,query_at_sparse,matched_continuous96/common/parallel_kl,-0.0015106997134209932,-0.0033753214009667088,7.717916066077788e-05,False,,
8,query_at_sparse,matched_continuous96/common/oracle_parallel_kl,0.0,0.0,0.0,False,,
8,query_at_sparse,matched_continuous96/common/marginal_kl,-0.001510699713420995,-0.0033753214009667127,7.717916066077792e-05,False,,
8,query_at_sparse,matched_continuous96/common/order_tv,-0.0059239049111477725,-0.008368276681074236,-0.0033559899223833956,False,,
8,query_at_sparse,matched_continuous96/common/geometry_probability_mae,-0.012373459703296352,-0.02399885609238776,-0.0024193612993266725,False,,
8,query_at_sparse,matched_continuous96/common/response_rmse,-0.020578605627054034,-0.056456078987872624,0.0127262029879807,False,,
8,query_at_sparse,matched_continuous128/common/sequential_kl,-0.013561154322804136,-0.02045493495226835,-0.006660250611972738,False,,
8,query_at_sparse,matched_continuous128/common/parallel_kl,-0.016483505222222545,-0.024501316797836282,-0.00813753442686974,False,,
8,query_at_sparse,matched_continuous128/common/oracle_parallel_kl,0.0,0.0,0.0,False,,
8,query_at_sparse,matched_continuous128/common/marginal_kl,-0.01648350522222255,-0.024501316797836296,-0.008137534426869743,False,,
8,query_at_sparse,matched_continuous128/common/order_tv,-0.00018396975233126583,-0.0029595815156656822,0.0021900745013877336,False,,
8,query_at_sparse,matched_continuous128/common/geometry_probability_mae,-0.033290856588272064,-0.047473986102526074,-0.01941239207203093,False,,
8,query_at_sparse,matched_continuous128/common/response_rmse,-0.09372356940182416,-0.12406042807593885,-0.06073042458694822,False,,
8,query_at_sparse,unequal_distance_w48/common/sequential_kl,-0.00047266475103212736,-0.0015316353040833728,0.0007492440704595153,False,,
8,query_at_sparse,unequal_distance_w48/common/parallel_kl,0.0005989847002625115,-0.0014499774240525707,0.002581461933583869,False,,
8,query_at_sparse,unequal_distance_w48/common/oracle_parallel_kl,0.0,0.0,0.0,False,,
8,query_at_sparse,unequal_distance_w48/common/marginal_kl,0.0005989847002625072,-0.0014499774240525612,0.0025814619335838697,False,,
8,query_at_sparse,unequal_distance_w48/common/order_tv,0.0003436858743871424,-0.001727870731477977,0.0024813373001634983,False,,
8,query_at_sparse,unequal_distance_w48/common/geometry_probability_mae,-0.008508147726938552,-0.011377278198250199,-0.005929533152301813,False,,
8,query_at_sparse,unequal_distance_w48/common/response_rmse,-0.025814447265665175,-0.03803399723363482,-0.016683832990132593,False,,
8,query_at_sparse,w128_k8/CE,-0.005656003810583676,-0.009056991314298386,-0.002543426507727442,False,,
8,query_at_sparse,w128_k32/CE,-0.002558944464255364,-0.005633688255270377,0.00021101935826904375,False,,
8,query_at_sparse,w128_t05/CE,0.00011231092133245912,-1.4393858474275045e-05,0.00024037913801186475,False,,
8,query_at_sparse,w128_t095/CE,-2.2478740677345233e-05,-0.0003762600549127498,0.0003766155220450235,False,,
8,query_at_sparse,w48_t05/CE,3.1321167542675e-05,-4.211936276289213e-05,0.00011340051765923177,False,,
8,query_at_sparse,w48_t095/CE,-2.745931296788129e-06,-0.00027724823215148354,0.0002578327971575506,False,,
8,query_at_sparse,continuous128/G_1_8_NRMSE,0.0009199981040058092,-0.0034931979977039745,0.006146623080097455,False,,
8,query_at_sparse,continuous128/G_9_48_NRMSE,-0.004234267447033591,-0.04880885455103461,0.03538934572632844,False,,
8,query_at_sparse,continuous128/G_49_64_NRMSE,0.000796521832920366,-0.06806855201942286,0.061107922862653874,True,-0.09067708055610622,0.07698523392538542
8,query_at_sparse,continuous128/m_bias,0.018261591593424477,-0.011674070358276374,0.044950575298733204,False,,
8,query_at_sparse,continuous128/m2_bias,-0.00784636607083181,-0.022991444891603246,0.00799983372045163,False,,
8,query_at_sparse,continuous128/abs_m_bias,-0.005842208862304705,-0.022523413764105913,0.011411952972412152,False,,
8,query_at_sparse,continuous128/energy_bias,0.001204896995297522,-0.00046881194294081155,0.0031582382615991736,False,,
8,query_at_sparse,continuous48/G_1_8_NRMSE,0.002938441414709822,-0.008401959158375416,0.01355085438731995,False,,
8,query_at_sparse,continuous48/G_9_24_NRMSE,0.0037501217095785716,-0.020619319312466796,0.02907454013953104,False,,
8,query_at_sparse,continuous48/G_1_24_NRMSE,0.00329414452455324,-0.01497624131163993,0.022575525589912583,False,,
8,query_at_sparse,continuous48/m_bias,-0.0069331416377314825,-0.027667971010561322,0.014912979691116893,False,,
8,query_at_sparse,continuous48/m2_bias,-0.00021458260806990134,-0.011102503121144445,0.011161368177751478,False,,
8,query_at_sparse,continuous48/abs_m_bias,0.0002599645543981399,-0.010988984284577629,0.01191615351924187,False,,
8,query_at_sparse,continuous48/energy_bias,0.0002724216903073713,-0.0014741649582594926,0.0023733585438830006,False,,
8,query_at_sparse,held_s10_w48/G_10_30_NRMSE,-0.0015744584060467387,-0.01134555683076072,0.006839276241573491,False,,
8,query_at_sparse,held_s10_w48/G_40_120_NRMSE,0.0010918718594688515,-0.022838749074122294,0.017530228194649836,False,,
8,query_at_sparse,held_s10_w48/G_130_470_NRMSE,-0.0019214698903882999,-0.034625188914589274,0.029291970789826365,False,,
8,query_at_sparse,held_s10_w48/m_bias,-0.0012433087384259127,-0.03187431052879052,0.026062294288917834,False,,
8,query_at_sparse,held_s10_w48/m2_bias,-0.006232544227882655,-0.012401490937535148,-0.0007838579362311826,False,,
8,query_at_sparse,held_s10_w48/abs_m_bias,-0.008897569444444428,-0.017598865650318284,-0.0020592583550347204,False,,
8,query_at_sparse,held_s10_w48/energy_bias,0.00048366393321512026,-0.003176915955599874,0.0038532374316637267,False,,
8,query_at_ordinary,matched_continuous48/natural/sequential_kl,-0.0011027859869479806,-0.0023285503298776026,0.00024040329439303402,False,,
8,query_at_ordinary,matched_continuous48/natural/parallel_kl,-0.0022845656418206545,-0.004165276241954775,-0.00039291810424343216,False,,
8,query_at_ordinary,matched_continuous48/natural/oracle_parallel_kl,0.0,0.0,0.0,False,,
8,query_at_ordinary,matched_continuous48/natural/marginal_kl,-0.0022845656418206497,-0.0041652762419547695,-0.0003929181042434323,False,,
8,query_at_ordinary,matched_continuous48/natural/order_tv,-0.005283112127824376,-0.00830106880338322,-0.0022169264354304982,False,,
8,query_at_ordinary,matched_continuous48/natural/geometry_probability_mae,0.003465633269602867,-0.0028754539886380794,0.011090125351874851,False,,
8,query_at_ordinary,matched_continuous48/natural/response_rmse,0.0003666385127494981,-0.01131894005731164,0.010819157960558585,False,,
8,query_at_ordinary,matched_continuous96/natural/sequential_kl,-0.03206083496590573,-0.04487973792517781,-0.01934053282377725,False,,
8,query_at_ordinary,matched_continuous96/natural/parallel_kl,-0.03390095295713308,-0.04610763784722374,-0.020779804145321334,False,,
8,query_at_ordinary,matched_continuous96/natural/oracle_parallel_kl,0.0,0.0,0.0,False,,
8,query_at_ordinary,matched_continuous96/natural/marginal_kl,-0.03390095295713309,-0.04610763784722376,-0.02077980414532143,False,,
8,query_at_ordinary,matched_continuous96/natural/order_tv,0.0043245666688165735,0.0008665945556621257,0.008927777710119475,False,,
8,query_at_ordinary,matched_continuous96/natural/geometry_probability_mae,-0.029827373191582428,-0.04181617463671184,-0.01859497239749603,False,,
8,query_at_ordinary,matched_continuous96/natural/response_rmse,-0.09106609056944588,-0.11774698934926299,-0.06237046594422086,False,,
8,query_at_ordinary,matched_continuous128/natural/sequential_kl,-0.03889114813304845,-0.05545598208136673,-0.022351219594218406,False,,
8,query_at_ordinary,matched_continuous128/natural/parallel_kl,-0.03695273719647213,-0.053562242084511276,-0.020776447156567807,False,,
8,query_at_ordinary,matched_continuous128/natural/oracle_parallel_kl,0.0,0.0,0.0,False,,
8,query_at_ordinary,matched_continuous128/natural/marginal_kl,-0.03695273719647216,-0.053562242084511234,-0.020776447156567755,False,,
8,query_at_ordinary,matched_continuous128/natural/order_tv,0.00403229216577654,0.0016894890181506361,0.006966460495815301,False,,
8,query_at_ordinary,matched_continuous128/natural/geometry_probability_mae,-0.03471125850181374,-0.05225109391845606,-0.018494556929685123,False,,
8,query_at_ordinary,matched_continuous128/natural/response_rmse,-0.09219040944496623,-0.13875472176695058,-0.049051959471838165,False,,
8,query_at_ordinary,unequal_distance_w48/natural/sequential_kl,-0.0011955282314419675,-0.0025553294121302235,0.00014951225431732336,False,,
8,query_at_ordinary,unequal_distance_w48/natural/parallel_kl,-0.0017671391761970023,-0.00376300305060089,-1.7644491432348695e-05,False,,
8,query_at_ordinary,unequal_distance_w48/natural/oracle_parallel_kl,0.0,0.0,0.0,False,,
8,query_at_ordinary,unequal_distance_w48/natural/marginal_kl,-0.001767139176197005,-0.0037630030506008746,-1.7644491432372588e-05,False,,
8,query_at_ordinary,unequal_distance_w48/natural/order_tv,-0.0032892393821373316,-0.00680632879695884,-0.00018636370902371644,False,,
8,query_at_ordinary,unequal_distance_w48/natural/geometry_probability_mae,0.001641698412463373,-0.0007139515022318161,0.003818515876697035,False,,
8,query_at_ordinary,unequal_distance_w48/natural/response_rmse,0.004486367088261015,8.921554659546316e-05,0.009754653115133146,False,,
8,query_at_ordinary,matched_continuous48/common/sequential_kl,-0.0009669768942212509,-0.002154096199734675,0.0003250249750899434,False,,
8,query_at_ordinary,matched_continuous48/common/parallel_kl,-0.002012947456367181,-0.00395435091165025,-0.00012895180728333331,False,,
8,query_at_ordinary,matched_continuous48/common/oracle_parallel_kl,0.0,0.0,0.0,False,,
8,query_at_ordinary,matched_continuous48/common/marginal_kl,-0.0020129474563671842,-0.0039543509116502455,-0.0001289518072833333,False,,
8,query_at_ordinary,matched_continuous48/common/order_tv,-0.004693902525396244,-0.0075162416850576876,-0.001901727983953036,False,,
8,query_at_ordinary,matched_continuous48/common/geometry_probability_mae,0.003465633269602867,-0.0028754539886380794,0.011090125351874851,False,,
8,query_at_ordinary,matched_continuous48/common/response_rmse,0.0003666385127494981,-0.01131894005731164,0.010819157960558585,False,,
8,query_at_ordinary,matched_continuous96/common/sequential_kl,-0.02948701442502101,-0.041965297178216295,-0.018210934664694572,False,,
8,query_at_ordinary,matched_continuous96/common/parallel_kl,-0.031277914649674984,-0.044120654731832486,-0.019550089386397178,False,,
8,query_at_ordinary,matched_continuous96/common/oracle_parallel_kl,0.0,0.0,0.0,False,,
8,query_at_ordinary,matched_continuous96/common/marginal_kl,-0.03127791464967494,-0.044120654731832465,-0.01955008938639711,False,,
8,query_at_ordinary,matched_continuous96/common/order_tv,0.004798586290406089,0.0018860468172805505,0.007911954824411531,False,,
8,query_at_ordinary,matched_continuous96/common/geometry_probability_mae,-0.026404364681528035,-0.039616991266903365,-0.012590599736588774,False,,
8,query_at_ordinary,matched_continuous96/common/response_rmse,-0.08320740813134593,-0.10955450914599835,-0.058199806632628005,False,,
8,query_at_ordinary,matched_continuous128/common/sequential_kl,-0.03741623818540796,-0.050839418496117304,-0.023718887486174085,False,,
8,query_at_ordinary,matched_continuous128/common/parallel_kl,-0.0361990432696829,-0.05008530423772838,-0.0225566135884138,False,,
8,query_at_ordinary,matched_continuous128/common/oracle_parallel_kl,0.0,0.0,0.0,False,,
8,query_at_ordinary,matched_continuous128/common/marginal_kl,-0.0361990432696829,-0.0500853042377284,-0.022556613588413797,False,,
8,query_at_ordinary,matched_continuous128/common/order_tv,0.0030378869528614166,-0.0013624005726884728,0.007585830856128666,False,,
8,query_at_ordinary,matched_continuous128/common/geometry_probability_mae,-0.03510157787872707,-0.0513273615100621,-0.02013867693200629,False,,
8,query_at_ordinary,matched_continuous128/common/response_rmse,-0.0930670714352308,-0.13628098728271038,-0.05339548846646072,False,,
8,query_at_ordinary,unequal_distance_w48/common/sequential_kl,-0.0010424217513834494,-0.002205767337584648,0.00016878045397624995,False,,
8,query_at_ordinary,unequal_distance_w48/common/parallel_kl,-0.0014609262160799885,-0.002913695958906357,-5.584239006135468e-06,False,,
8,query_at_ordinary,unequal_distance_w48/common/oracle_parallel_kl,0.0,0.0,0.0,False,,
8,query_at_ordinary,unequal_distance_w48/common/marginal_kl,-0.0014609262160799694,-0.0029136959589063233,-5.584239006107333e-06,False,,
8,query_at_ordinary,unequal_distance_w48/common/order_tv,-0.002606312245627903,-0.0054540994365363145,0.00014417547946736888,False,,
8,query_at_ordinary,unequal_distance_w48/common/geometry_probability_mae,0.001641698412463373,-0.0007139515022318161,0.003818515876697035,False,,
8,query_at_ordinary,unequal_distance_w48/common/response_rmse,0.004486367088261015,8.921554659546316e-05,0.009754653115133146,False,,
8,query_at_ordinary,w128_k8/CE,-0.025348385094925874,-0.03605840314216738,-0.015670628489326367,False,,
8,query_at_ordinary,w128_k32/CE,-0.006090333338166998,-0.01104403143105776,-0.002274316824269341,False,,
8,query_at_ordinary,w128_t05/CE,-0.00017271048218453489,-0.0006211988842845558,0.00023381992373115176,False,,
8,query_at_ordinary,w128_t095/CE,-0.00011407365104704192,-0.0005299772524092611,0.0003002016318216256,False,,
8,query_at_ordinary,w48_t05/CE,3.321449054782821e-05,-0.00014355898039054572,0.00021412280787214832,False,,
8,query_at_ordinary,w48_t095/CE,-1.5175916427800917e-05,-0.0002818856987872348,0.00026713563181444136,False,,
8,query_at_ordinary,continuous128/G_1_8_NRMSE,-0.00820877353848707,-0.014427510820510846,-0.0020636864664915168,False,,
8,query_at_ordinary,continuous128/G_9_48_NRMSE,-0.024165954241643195,-0.051025055238739916,0.0020107269320157064,False,,
8,query_at_ordinary,continuous128/G_49_64_NRMSE,-0.037419431248354396,-0.08704466956624338,0.009947799247384006,False,,
8,query_at_ordinary,continuous128/m_bias,0.021682951185438358,-0.011696211496988951,0.06287411583794489,False,,
8,query_at_ordinary,continuous128/m2_bias,0.009550125364007206,-0.002127560144031615,0.021419973025978034,False,,
8,query_at_ordinary,continuous128/abs_m_bias,0.011308670043945312,-0.002874845928615986,0.02630984518263074,False,,
8,query_at_ordinary,continuous128/energy_bias,-0.002600962721456712,-0.003605893486336693,-0.0016722431333046355,False,,
8,query_at_ordinary,continuous48/G_1_8_NRMSE,0.0014662612310027898,-0.009100032802046368,0.00857465005792897,False,,
8,query_at_ordinary,continuous48/G_9_24_NRMSE,0.005062172563382608,-0.013347666518730988,0.021767066671649238,False,,
8,query_at_ordinary,continuous48/G_1_24_NRMSE,0.0035200587496366093,-0.010561037254450706,0.015594252889296736,False,,
8,query_at_ordinary,continuous48/m_bias,-0.0032258210358796086,-0.02713199191623263,0.026488636158130824,False,,
8,query_at_ordinary,continuous48/m2_bias,0.00028104939087918515,-0.006409653861826835,0.00752002810254509,False,,
8,query_at_ordinary,continuous48/abs_m_bias,0.0009471752025462868,-0.008228895399305559,0.01009374547887725,False,,
8,query_at_ordinary,continuous48/energy_bias,-0.0006279550827423628,-0.0020802166445035935,0.0007953616744237421,False,,
8,query_at_ordinary,held_s10_w48/G_10_30_NRMSE,0.009235587092384728,-0.0021821062166233842,0.01995942831586323,False,,
8,query_at_ordinary,held_s10_w48/G_40_120_NRMSE,0.01631744505905086,-0.015254000634970873,0.04321586281814342,False,,
8,query_at_ordinary,held_s10_w48/G_130_470_NRMSE,0.007161267076221667,-0.026594151837013073,0.040873095237641134,False,,
8,query_at_ordinary,held_s10_w48/m_bias,0.009826660156249997,-0.03308438901548031,0.06807601363570605,False,,
8,query_at_ordinary,held_s10_w48/m2_bias,-0.0073585647614404365,-0.01430542768274313,0.0006296805884121991,False,,
8,query_at_ordinary,held_s10_w48/abs_m_bias,-0.011083532262731483,-0.02194863778573493,0.0021275273075810537,False,,
8,query_at_ordinary,held_s10_w48/energy_bias,0.0030809046247044962,-0.0008742600749852428,0.006853310154403053,False,,
8,mask_at_near,matched_continuous48/natural/sequential_kl,-0.0009125299844164343,-0.0027075106907623716,0.0009072603485503438,False,,
8,mask_at_near,matched_continuous48/natural/parallel_kl,0.0009083811438063902,-0.0018014682676073515,0.00344168327330517,False,,
8,mask_at_near,matched_continuous48/natural/oracle_parallel_kl,0.0,0.0,0.0,False,,
8,mask_at_near,matched_continuous48/natural/marginal_kl,0.0009083811438063932,-0.0018014682676073563,0.003441683273305167,False,,
8,mask_at_near,matched_continuous48/natural/order_tv,0.004301454796833238,-0.00380850415616071,0.011789696535982823,False,,
8,mask_at_near,matched_continuous48/natural/geometry_probability_mae,-0.022153996928196376,-0.033654465897908825,-0.011843460606387923,False,,
8,mask_at_near,matched_continuous48/natural/response_rmse,-0.04203094501654989,-0.06023316061113006,-0.025262070929731473,False,,
8,mask_at_near,matched_continuous96/natural/sequential_kl,-0.06716861614893208,-0.10472607137464753,-0.041530090758319975,False,,
8,mask_at_near,matched_continuous96/natural/parallel_kl,-0.0776163091933758,-0.1148118856891252,-0.051427746098446386,False,,
8,mask_at_near,matched_continuous96/natural/oracle_parallel_kl,0.0,0.0,0.0,False,,
8,mask_at_near,matched_continuous96/natural/marginal_kl,-0.0776163091933758,-0.1148118856891252,-0.051427746098446386,False,,
8,mask_at_near,matched_continuous96/natural/order_tv,-0.024064284692505166,-0.033344777634784425,-0.014902775046275265,False,,
8,mask_at_near,matched_continuous96/natural/geometry_probability_mae,-0.03560743060911839,-0.0642869870832779,-0.016388627817664123,False,,
8,mask_at_near,matched_continuous96/natural/response_rmse,-0.08099112740992814,-0.16449762887552485,-0.027987618680564274,False,,
8,mask_at_near,matched_continuous128/natural/sequential_kl,-0.13234136090082996,-0.16485442628411986,-0.10518576035074609,False,,
8,mask_at_near,matched_continuous128/natural/parallel_kl,-0.1299993341371221,-0.1600350706564446,-0.10503070450163561,False,,
8,mask_at_near,matched_continuous128/natural/oracle_parallel_kl,0.0,0.0,0.0,False,,
8,mask_at_near,matched_continuous128/natural/marginal_kl,-0.1299993341371221,-0.16003507065644454,-0.1050307045016356,False,,
8,mask_at_near,matched_continuous128/natural/order_tv,0.010002476957818304,0.005035678613512451,0.015317982626195414,False,,
8,mask_at_near,matched_continuous128/natural/geometry_probability_mae,-0.07893207427329074,-0.10467451719821673,-0.053801241917933076,False,,
8,mask_at_near,matched_continuous128/natural/response_rmse,-0.21509042830017217,-0.29000519303219013,-0.14327564596022666,False,,
8,mask_at_near,unequal_distance_w48/natural/sequential_kl,-0.0020563765166349422,-0.00453536290612276,-8.792120269657824e-06,False,,
8,mask_at_near,unequal_distance_w48/natural/parallel_kl,-0.0005558238450236591,-0.005433835018006617,0.0035317759913711493,False,,
8,mask_at_near,unequal_distance_w48/natural/oracle_parallel_kl,0.0,0.0,0.0,False,,
8,mask_at_near,unequal_distance_w48/natural/marginal_kl,-0.000555823845023653,-0.00543383501800662,0.003531775991371157,False,,
8,mask_at_near,unequal_distance_w48/natural/order_tv,0.007401678622327497,0.002270706672118653,0.012457938614537596,False,,
8,mask_at_near,unequal_distance_w48/natural/geometry_probability_mae,-0.015919613449470866,-0.025392599738657692,-0.006431069877939666,False,,
8,mask_at_near,unequal_distance_w48/natural/response_rmse,-0.03446787475599577,-0.05470274871748363,-0.015572437207380973,False,,
8,mask_at_near,matched_continuous48/common/sequential_kl,-0.0006125008446844467,-0.002371243278095225,0.00121315771123427,False,,
8,mask_at_near,matched_continuous48/common/parallel_kl,0.00150843942327036,-0.0010770246569617576,0.004015375729109102,False,,
8,mask_at_near,matched_continuous48/common/oracle_parallel_kl,0.0,0.0,0.0,False,,
8,mask_at_near,matched_continuous48/common/marginal_kl,0.0015084394232703674,-0.001077024656961759,0.00401537572910911,False,,
8,mask_at_near,matched_continuous48/common/order_tv,0.0066855968685180615,0.00016624988801475227,0.013194857737825628,False,,
8,mask_at_near,matched_continuous48/common/geometry_probability_mae,-0.022153996928196376,-0.033654465897908825,-0.011843460606387923,False,,
8,mask_at_near,matched_continuous48/common/response_rmse,-0.04203094501654989,-0.06023316061113006,-0.025262070929731473,False,,
8,mask_at_near,matched_continuous96/common/sequential_kl,-0.06165857186026941,-0.0951423682881077,-0.038172816039855985,False,,
8,mask_at_near,matched_continuous96/common/parallel_kl,-0.07237091733717867,-0.10623795490887779,-0.0477351008463714,False,,
8,mask_at_near,matched_continuous96/common/oracle_parallel_kl,0.0,0.0,0.0,False,,
8,mask_at_near,matched_continuous96/common/marginal_kl,-0.07237091733717867,-0.10623795490887776,-0.04773510084637141,False,,
8,mask_at_near,matched_continuous96/common/order_tv,-0.024978462732635796,-0.032566841958741904,-0.017926575036458822,False,,
8,mask_at_near,matched_continuous96/common/geometry_probability_mae,-0.032960964605468254,-0.05937506380674903,-0.013396981093107342,False,,
8,mask_at_near,matched_continuous96/common/response_rmse,-0.07230964139371887,-0.14925067315930793,-0.02040222914679753,False,,
8,mask_at_near,matched_continuous128/common/sequential_kl,-0.1253896773454596,-0.1570725272100038,-0.09848744254256832,False,,
8,mask_at_near,matched_continuous128/common/parallel_kl,-0.12369893066035222,-0.1532392265411743,-0.09804334345396563,False,,
8,mask_at_near,matched_continuous128/common/oracle_parallel_kl,0.0,0.0,0.0,False,,
8,mask_at_near,matched_continuous128/common/marginal_kl,-0.12369893066035223,-0.1532392265411743,-0.0980433434539656,False,,
8,mask_at_near,matched_continuous128/common/order_tv,0.009653997072539021,0.005181689105271819,0.01453486668652713,False,,
8,mask_at_near,matched_continuous128/common/geometry_probability_mae,-0.07276506818644536,-0.09904545578681861,-0.04710921638857125,False,,
8,mask_at_near,matched_continuous128/common/response_rmse,-0.19933408790349,-0.2735466258913913,-0.12815442513481473,False,,
8,mask_at_near,unequal_distance_w48/common/sequential_kl,-0.001708241107073574,-0.0041869481299813835,0.0003345137188501541,False,,
8,mask_at_near,unequal_distance_w48/common/parallel_kl,0.00014044697409908158,-0.004686466451270467,0.004144212510886419,False,,
8,mask_at_near,unequal_distance_w48/common/oracle_parallel_kl,0.0,0.0,0.0,False,,
8,mask_at_near,unequal_distance_w48/common/marginal_kl,0.00014044697409908158,-0.004686466451270453,0.00414421251088642,False,,
8,mask_at_near,unequal_distance_w48/common/order_tv,0.008825389139329138,0.004201939319023212,0.013310214190535002,False,,
8,mask_at_near,unequal_distance_w48/common/geometry_probability_mae,-0.015919613449470866,-0.025392599738657692,-0.006431069877939666,False,,
8,mask_at_near,unequal_distance_w48/common/response_rmse,-0.03446787475599577,-0.05470274871748363,-0.015572437207380973,False,,
8,mask_at_near,w128_k8/CE,-0.05834651262400575,-0.08551399974037105,-0.03435774961668953,False,,
8,mask_at_near,w128_k32/CE,-0.0035107248286880277,-0.007248568145374473,0.00012942452588911941,False,,
8,mask_at_near,w128_t05/CE,0.0003819718788397042,7.736998307958486e-07,0.0008806251596130566,False,,
8,mask_at_near,w128_t095/CE,0.0008396721150547015,0.00023695005792269131,0.0014366507283770937,False,,
8,mask_at_near,w48_t05/CE,9.54618997678347e-06,-0.00015564457132623833,0.00017627806958592373,False,,
8,mask_at_near,w48_t095/CE,-1.5150448242462478e-05,-0.0003724457844655221,0.0003100103709335181,False,,
8,mask_at_near,continuous128/G_1_8_NRMSE,-0.006869113378828159,-0.022026864431903773,0.010736681306829603,False,,
8,mask_at_near,continuous128/G_9_48_NRMSE,-0.04700321218630289,-0.15272330133032302,0.06737029214746497,False,,
8,mask_at_near,continuous128/G_49_64_NRMSE,-0.15840955870158446,-0.3019827765814094,0.023188744256430752,False,,
8,mask_at_near,continuous128/m_bias,-0.006644778781467017,-0.13019562827216252,0.10244695875379774,False,,
8,mask_at_near,continuous128/m2_bias,0.08961540305366121,0.07369332617575614,0.10719058653727792,False,,
8,mask_at_near,continuous128/abs_m_bias,0.10671742757161458,0.08600842157999676,0.13106526798672147,False,,
8,mask_at_near,continuous128/energy_bias,-0.0006625758694225881,-0.0027417066946222,0.0014793950011619645,False,,
8,mask_at_near,continuous48/G_1_8_NRMSE,-0.0033388669617492525,-0.017217625651420192,0.010848383003171895,False,,
8,mask_at_near,continuous48/G_9_24_NRMSE,-0.012500092805744309,-0.05480899458523642,0.03890623350056477,False,,
8,mask_at_near,continuous48/G_1_24_NRMSE,-0.009115024307377713,-0.03886364905243249,0.027376230498786153,False,,
8,mask_at_near,continuous48/m_bias,0.024746365017361112,0.00796836570457176,0.041931660970052104,False,,
8,mask_at_near,continuous48/m2_bias,0.0075174947824988205,-0.013549654964556915,0.026013919944135235,False,,
8,mask_at_near,continuous48/abs_m_bias,0.007810239438657406,-0.016618403682002285,0.030953809950086786,False,,
8,mask_at_near,continuous48/energy_bias,0.00011658724881802307,-0.002515687333776576,0.002871105293291986,False,,
8,mask_at_near,held_s10_w48/G_10_30_NRMSE,-0.04661260282737091,-0.07800750609400937,-0.011797529543045738,False,,
8,mask_at_near,held_s10_w48/G_40_120_NRMSE,-0.07198475531985324,-0.1757801081819068,0.05317335849824039,False,,
8,mask_at_near,held_s10_w48/G_130_470_NRMSE,0.0005875172930666084,-0.17324920034452962,0.1990390662232009,False,,
8,mask_at_near,held_s10_w48/m_bias,-0.023536964699074073,-0.11256442599826388,0.06993323432074654,False,,
8,mask_at_near,held_s10_w48/m2_bias,0.05750607463067452,0.038814229190104264,0.07468239142570969,False,,
8,mask_at_near,held_s10_w48/abs_m_bias,0.0769449869791667,0.049595811631944445,0.10078820122612848,False,,
8,mask_at_near,held_s10_w48/energy_bias,-0.02141626957742319,-0.032738392065602806,-0.01234419441674054,False,,
8,full_bundle,matched_continuous48/natural/sequential_kl,-0.002015315971364415,-0.0044797778656750185,0.00031042215486346393,False,,
8,full_bundle,matched_continuous48/natural/parallel_kl,-0.0013761844980142643,-0.005557730236865967,0.0025150404787186455,False,,
8,full_bundle,matched_continuous48/natural/oracle_parallel_kl,0.0,0.0,0.0,False,,
8,full_bundle,matched_continuous48/natural/marginal_kl,-0.0013761844980142565,-0.0055577302368659594,0.0025150404787186516,False,,
8,full_bundle,matched_continuous48/natural/order_tv,-0.0009816573309911376,-0.011439793888282868,0.009139045040798485,False,,
8,full_bundle,matched_continuous48/natural/geometry_probability_mae,-0.018688363658593513,-0.025196588318191382,-0.012116327137584962,False,,
8,full_bundle,matched_continuous48/natural/response_rmse,-0.04166430650380039,-0.052781235784150074,-0.03088187161030522,False,,
8,full_bundle,matched_continuous96/natural/sequential_kl,-0.0992294511148378,-0.1301213778302264,-0.07442453508695754,False,,
8,full_bundle,matched_continuous96/natural/parallel_kl,-0.11151726215050888,-0.1403568022868741,-0.08671513670235205,False,,
8,full_bundle,matched_continuous96/natural/oracle_parallel_kl,0.0,0.0,0.0,False,,
8,full_bundle,matched_continuous96/natural/marginal_kl,-0.11151726215050889,-0.14035680228687414,-0.08671513670235202,False,,
8,full_bundle,matched_continuous96/natural/order_tv,-0.019739718023688593,-0.026094415098202078,-0.011477806087182445,False,,
8,full_bundle,matched_continuous96/natural/geometry_probability_mae,-0.06543480380070082,-0.08994772980961359,-0.045283206016040425,False,,
8,full_bundle,matched_continuous96/natural/response_rmse,-0.17205721797937404,-0.2388521241314376,-0.11744503474818263,False,,
8,full_bundle,matched_continuous128/natural/sequential_kl,-0.1712325090338784,-0.19046129156731928,-0.15621380107480862,False,,
8,full_bundle,matched_continuous128/natural/parallel_kl,-0.16695207133359424,-0.18357346512253458,-0.15308705375494044,False,,
8,full_bundle,matched_continuous128/natural/oracle_parallel_kl,0.0,0.0,0.0,False,,
8,full_bundle,matched_continuous128/natural/marginal_kl,-0.16695207133359427,-0.18357346512253456,-0.15308705375494047,False,,
8,full_bundle,matched_continuous128/natural/order_tv,0.014034769123594843,0.008973859870414526,0.01886710114703351,False,,
8,full_bundle,matched_continuous128/natural/geometry_probability_mae,-0.11364333277510448,-0.12587367521510037,-0.10171718011814883,False,,
8,full_bundle,matched_continuous128/natural/response_rmse,-0.30728083774513837,-0.3457286299777881,-0.26936454732091186,False,,
8,full_bundle,unequal_distance_w48/natural/sequential_kl,-0.00325190474807691,-0.006405479563994476,-0.0008391298891626219,False,,
8,full_bundle,unequal_distance_w48/natural/parallel_kl,-0.0023229630212206615,-0.007825743274989805,0.002331864492864949,False,,
8,full_bundle,unequal_distance_w48/natural/oracle_parallel_kl,0.0,0.0,0.0,False,,
8,full_bundle,unequal_distance_w48/natural/marginal_kl,-0.002322963021220658,-0.007825743274989791,0.0023318644928649454,False,,
8,full_bundle,unequal_distance_w48/natural/order_tv,0.004112439240190165,-0.0021034316564912323,0.010687275621782486,False,,
8,full_bundle,unequal_distance_w48/natural/geometry_probability_mae,-0.014277915037007493,-0.02326006123817383,-0.0037747208377049116,False,,
8,full_bundle,unequal_distance_w48/natural/response_rmse,-0.029981507667734754,-0.05157600489114176,-0.011151109516224741,False,,
8,full_bundle,matched_continuous48/common/sequential_kl,-0.0015794777389056976,-0.003953915610895396,0.0007157489603973587,False,,
8,full_bundle,matched_continuous48/common/parallel_kl,-0.0005045080330968212,-0.004434789697863557,0.0032246223214841157,False,,
8,full_bundle,matched_continuous48/common/oracle_parallel_kl,0.0,0.0,0.0,False,,
8,full_bundle,matched_continuous48/common/marginal_kl,-0.0005045080330968168,-0.004434789697863555,0.0032246223214841253,False,,
8,full_bundle,matched_continuous48/common/order_tv,0.001991694343121818,-0.006528261155144328,0.010915567699879072,False,,
8,full_bundle,matched_continuous48/common/geometry_probability_mae,-0.018688363658593513,-0.025196588318191382,-0.012116327137584962,False,,
8,full_bundle,matched_continuous48/common/response_rmse,-0.04166430650380039,-0.052781235784150074,-0.03088187161030522,False,,
8,full_bundle,matched_continuous96/common/sequential_kl,-0.09114558628529042,-0.11972876477765057,-0.06657088919584493,False,,
8,full_bundle,matched_continuous96/common/parallel_kl,-0.10364883198685365,-0.13264740248064097,-0.07725839246528461,False,,
8,full_bundle,matched_continuous96/common/oracle_parallel_kl,0.0,0.0,0.0,False,,
8,full_bundle,matched_continuous96/common/marginal_kl,-0.10364883198685361,-0.13264740248064094,-0.0772583924652846,False,,
8,full_bundle,matched_continuous96/common/order_tv,-0.020179876442229707,-0.026105984071696137,-0.014114825323986061,False,,
8,full_bundle,matched_continuous96/common/geometry_probability_mae,-0.059365329286996296,-0.08374342989633043,-0.03875722335607611,False,,
8,full_bundle,matched_continuous96/common/response_rmse,-0.1555170495250648,-0.22277733974525382,-0.09892969576379537,False,,
8,full_bundle,matched_continuous128/common/sequential_kl,-0.16280591553086757,-0.1829520298662872,-0.14621443554596208,False,,
8,full_bundle,matched_continuous128/common/parallel_kl,-0.15989797393003513,-0.177016250141074,-0.14685321155227948,False,,
8,full_bundle,matched_continuous128/common/oracle_parallel_kl,0.0,0.0,0.0,False,,
8,full_bundle,matched_continuous128/common/marginal_kl,-0.15989797393003513,-0.17701625014107406,-0.14685321155227957,False,,
8,full_bundle,matched_continuous128/common/order_tv,0.012691884025400437,0.006733934338519661,0.01780603863360198,False,,
8,full_bundle,matched_continuous128/common/geometry_probability_mae,-0.10786664606517243,-0.12058158016205174,-0.09618584635549808,False,,
8,full_bundle,matched_continuous128/common/response_rmse,-0.2924011593387208,-0.33082073619543434,-0.25526911312221573,False,,
8,full_bundle,unequal_distance_w48/common/sequential_kl,-0.0027506628584570234,-0.005908765337217469,-0.000376253991222389,False,,
8,full_bundle,unequal_distance_w48/common/parallel_kl,-0.001320479241980907,-0.006886810243251298,0.0032361352981159896,False,,
8,full_bundle,unequal_distance_w48/common/oracle_parallel_kl,0.0,0.0,0.0,False,,
8,full_bundle,unequal_distance_w48/common/marginal_kl,-0.0013204792419808879,-0.006886810243251297,0.0032361352981160095,False,,
8,full_bundle,unequal_distance_w48/common/order_tv,0.006219076893701235,0.0009462946057042856,0.012076463506779649,False,,
8,full_bundle,unequal_distance_w48/common/geometry_probability_mae,-0.014277915037007493,-0.02326006123817383,-0.0037747208377049116,False,,
8,full_bundle,unequal_distance_w48/common/response_rmse,-0.029981507667734754,-0.05157600489114176,-0.011151109516224741,False,,
8,full_bundle,w128_k8/CE,-0.08369489771893163,-0.10838226394517066,-0.05842919517924825,False,,
8,full_bundle,w128_k32/CE,-0.009601058166855025,-0.017037196051285272,-0.0039644921969769755,False,,
8,full_bundle,w128_t05/CE,0.0002092613966551693,-0.00013586031878226877,0.0005424782308213042,False,,
8,full_bundle,w128_t095/CE,0.0007255984640076596,0.00017161484670852185,0.0013357210152385752,False,,
8,full_bundle,w48_t05/CE,4.276068052461168e-05,-0.00014467819669333748,0.00023193549451473033,False,,
8,full_bundle,w48_t095/CE,-3.0326364670263395e-05,-0.00037038706850922446,0.0003137131451048354,False,,
8,full_bundle,continuous128/G_1_8_NRMSE,-0.01507788691731523,-0.030816503193174787,0.0048534119814390006,False,,
8,full_bundle,continuous128/G_9_48_NRMSE,-0.07116916642794609,-0.16967352670116886,0.0362634395283094,False,,
8,full_bundle,continuous128/G_49_64_NRMSE,-0.19582898994993886,-0.3234344409768088,-0.03898308500511542,False,,
8,full_bundle,continuous128/m_bias,0.01503817240397134,-0.11089821921454539,0.11979578336079916,False,,
8,full_bundle,continuous128/m2_bias,0.09916552841766842,0.07799737113075227,0.12165889689996323,False,,
8,full_bundle,continuous128/abs_m_bias,0.11802609761555989,0.09373104307386608,0.144821204079522,False,,
8,full_bundle,continuous128/energy_bias,-0.0032635385908793,-0.005722822855150917,-0.0008877384589622163,False,,
8,full_bundle,continuous48/G_1_8_NRMSE,-0.0018726057307464627,-0.016314122713300624,0.008895068476125997,False,,
8,full_bundle,continuous48/G_9_24_NRMSE,-0.007437920242361701,-0.045973375281390845,0.035850178188014926,False,,
8,full_bundle,continuous48/G_1_24_NRMSE,-0.005594965557741104,-0.0332888793487812,0.0242947565454208,False,,
8,full_bundle,continuous48/m_bias,0.021520543981481503,-0.007953276457609949,0.05657552083333333,False,,
8,full_bundle,continuous48/m2_bias,0.007798544173378006,-0.010827374163969089,0.023175050594188555,False,,
8,full_bundle,continuous48/abs_m_bias,0.008757414641203692,-0.013932630750868012,0.029220072428385424,False,,
8,full_bundle,continuous48/energy_bias,-0.0005113678339243397,-0.0026215104628398585,0.001701683242833852,False,,
8,full_bundle,held_s10_w48/G_10_30_NRMSE,-0.03737701573498618,-0.06810901407027199,-0.003020335606771035,False,,
8,full_bundle,held_s10_w48/G_40_120_NRMSE,-0.05566731026080238,-0.1602933136956282,0.0665575592181958,False,,
8,full_bundle,held_s10_w48/G_130_470_NRMSE,0.007748784369288275,-0.14105262411834404,0.18048813267556482,False,,
8,full_bundle,held_s10_w48/m_bias,-0.013710304542824077,-0.10574035644531248,0.07337810375072336,False,,
8,full_bundle,held_s10_w48/m2_bias,0.05014750986923408,0.03613965467170433,0.06648152389644105,False,,
8,full_bundle,held_s10_w48/abs_m_bias,0.06586145471643522,0.04757464373553238,0.08669281005859378,False,,
8,full_bundle,held_s10_w48/energy_bias,-0.018335364952718695,-0.0282040715499409,-0.010542719414893589,False,,
8,interaction,matched_continuous48/natural/sequential_kl,0.0006754412903409441,-0.00033235482182987426,0.0017856209205994523,False,,
8,interaction,matched_continuous48/natural/parallel_kl,0.002760541581524792,0.0013963396356936296,0.004218051328161979,False,,
8,interaction,matched_continuous48/natural/oracle_parallel_kl,0.0,0.0,0.0,False,,
8,interaction,matched_continuous48/natural/marginal_kl,0.0027605415815247867,0.0013963396356936242,0.004218051328161975,False,,
8,interaction,matched_continuous48/natural/order_tv,0.005620420805911214,0.003220202946443873,0.0076839589392674705,False,,
8,interaction,matched_continuous48/natural/geometry_probability_mae,-0.015709097638285516,-0.024222144825381105,-0.00760725242843018,False,,
8,interaction,matched_continuous48/natural/response_rmse,-0.030002631155159762,-0.0516384201318577,-0.011091850451580922,False,,
8,interaction,matched_continuous96/natural/sequential_kl,0.030296081492697788,0.0177764033194178,0.04294676024633319,False,,
8,interaction,matched_continuous96/natural/parallel_kl,0.032432065867294815,0.019593875223706238,0.044460479427655575,False,,
8,interaction,matched_continuous96/natural/oracle_parallel_kl,0.0,0.0,0.0,False,,
8,interaction,matched_continuous96/natural/marginal_kl,0.03243206586729483,0.019593875223706265,0.04446047942765555,False,,
8,interaction,matched_continuous96/natural/order_tv,-0.010114685667461425,-0.016361481359180814,-0.004859236376645133,False,,
8,interaction,matched_continuous96/natural/geometry_probability_mae,0.017605785520067058,-0.0015327022621149137,0.03513983876549636,False,,
8,interaction,matched_continuous96/natural/response_rmse,0.07181042329664111,0.03409340354465936,0.10465045471027458,False,,
8,interaction,matched_continuous128/natural/sequential_kl,0.02395946260160839,0.003977965384924377,0.044557638409852225,False,,
8,interaction,matched_continuous128/natural/parallel_kl,0.01877832089923656,-0.0018164980223542616,0.04050651599013195,False,,
8,interaction,matched_continuous128/natural/oracle_parallel_kl,0.0,0.0,0.0,False,,
8,interaction,matched_continuous128/natural/marginal_kl,0.01877832089923659,-0.0018164980223542722,0.04050651599013188,False,,
8,interaction,matched_continuous128/natural/order_tv,-0.0041904912335011864,-0.009746262599754696,-0.00019231797137958875,False,,
8,interaction,matched_continuous128/natural/geometry_probability_mae,-0.0016171236205296535,-0.02413001236538468,0.026362991135740952,False,,
8,interaction,matched_continuous128/natural/response_rmse,-0.009917241103615165,-0.06332339581885642,0.06123177907675186,False,,
8,interaction,unequal_distance_w48/natural/sequential_kl,0.0007214999544767858,-0.0013367617191529823,0.0030068802294307014,False,,
8,interaction,unequal_distance_w48/natural/parallel_kl,0.0023633968245933834,-0.0006820153658690833,0.005904144500299676,False,,
8,interaction,unequal_distance_w48/natural/oracle_parallel_kl,0.0,0.0,0.0,False,,
8,interaction,unequal_distance_w48/natural/marginal_kl,0.0023633968245934086,-0.0006820153658690532,0.005904144500299685,False,,
8,interaction,unequal_distance_w48/natural/order_tv,0.003662974887387923,0.0002706233312356754,0.008458214899453826,False,,
8,interaction,unequal_distance_w48/natural/geometry_probability_mae,-0.010149846139401925,-0.014584187211643835,-0.005504820279153206,False,,
8,interaction,unequal_distance_w48/natural/response_rmse,-0.03030081435392619,-0.042636874937775814,-0.019196862592316358,False,,
8,interaction,matched_continuous48/common/sequential_kl,0.0005714484553655981,-0.00037703905591904676,0.0015820574362414791,False,,
8,interaction,matched_continuous48/common/parallel_kl,0.002552555911574078,0.0013254197814540187,0.0038407777052917266,False,,
8,interaction,matched_continuous48/common/oracle_parallel_kl,0.0,0.0,0.0,False,,
8,interaction,matched_continuous48/common/marginal_kl,0.002552555911574088,0.0013254197814540156,0.0038407777052917235,False,,
8,interaction,matched_continuous48/common/order_tv,0.005224731530839143,0.002942663457066206,0.006955962275729315,False,,
8,interaction,matched_continuous48/common/geometry_probability_mae,-0.015709097638285516,-0.024222144825381105,-0.00760725242843018,False,,
8,interaction,matched_continuous48/common/response_rmse,-0.030002631155159762,-0.0516384201318577,-0.011091850451580922,False,,
8,interaction,matched_continuous96/common/sequential_kl,0.02770532013276772,0.01662820004291105,0.04002535262504063,False,,
8,interaction,matched_continuous96/common/parallel_kl,0.02976721493625399,0.01814211212411982,0.04212376707068102,False,,
8,interaction,matched_continuous96/common/oracle_parallel_kl,0.0,0.0,0.0,False,,
8,interaction,matched_continuous96/common/marginal_kl,0.02976721493625395,0.018142112124119817,0.04212376707068102,False,,
8,interaction,matched_continuous96/common/order_tv,-0.010722491201553861,-0.015043067504491438,-0.007008063623994649,False,,
8,interaction,matched_continuous96/common/geometry_probability_mae,0.014030904978231687,-0.009753671347966085,0.03409246335386268,False,,
8,interaction,matched_continuous96/common/response_rmse,0.0626288025042919,0.012674801607850082,0.10278632885015547,False,,
8,interaction,matched_continuous128/common/sequential_kl,0.02385508386260382,0.007265509899132482,0.042007904557520105,False,,
8,interaction,matched_continuous128/common/parallel_kl,0.01971553804746036,0.001784963621095875,0.03899354820157107,False,,
8,interaction,matched_continuous128/common/oracle_parallel_kl,0.0,0.0,0.0,False,,
8,interaction,matched_continuous128/common/marginal_kl,0.019715538047460346,0.0017849636210959495,0.03899354820157113,False,,
8,interaction,matched_continuous128/common/order_tv,-0.0032218567051926824,-0.010496808143902626,0.003472701956516097,False,,
8,interaction,matched_continuous128/common/geometry_probability_mae,0.0018107212904549946,-0.019619155828394186,0.028045360841120897,False,,
8,interaction,matched_continuous128/common/response_rmse,-0.0006564979665933668,-0.04823006924099957,0.065009860010959,False,,
8,interaction,unequal_distance_w48/common/sequential_kl,0.000569757000351322,-0.0013597488992839026,0.002657572220059078,False,,
8,interaction,unequal_distance_w48/common/parallel_kl,0.0020599109163425,-0.0007378844006753162,0.005141917116420725,False,,
8,interaction,unequal_distance_w48/common/oracle_parallel_kl,0.0,0.0,0.0,False,,
8,interaction,unequal_distance_w48/common/marginal_kl,0.0020599109163424766,-0.0007378844006753223,0.005141917116420704,False,,
8,interaction,unequal_distance_w48/common/order_tv,0.0029499981200150453,-0.00016327926600850578,0.0069050414565192545,False,,
8,interaction,unequal_distance_w48/common/geometry_probability_mae,-0.010149846139401925,-0.014584187211643835,-0.005504820279153206,False,,
8,interaction,unequal_distance_w48/common/response_rmse,-0.03030081435392619,-0.042636874937775814,-0.019196862592316358,False,,
8,interaction,w128_k8/CE,0.019692381284342197,0.00880003146488824,0.03160080440209116,False,,
8,interaction,w128_k32/CE,0.003531388873911634,-0.0014869509079469987,0.009131432066842991,False,,
8,interaction,w128_t05/CE,0.000285021403516994,-0.00013698851132032256,0.0007639002478282435,False,,
8,interaction,w128_t095/CE,9.159491036969669e-05,-0.00032087880256588677,0.0004932927078962715,False,,
8,interaction,w48_t05/CE,-1.8933230051532135e-06,-0.00019297261052344665,0.00019619470846766207,False,,
8,interaction,w48_t095/CE,1.2429985131012788e-05,-0.0003091428981514599,0.00036883882073663335,False,,
8,interaction,continuous128/G_1_8_NRMSE,0.00912877164249288,0.00148070000529157,0.01728470629964939,False,,
8,interaction,continuous128/G_9_48_NRMSE,0.019931686794609604,-0.022118333767441434,0.06696358350417995,False,,
8,interaction,continuous128/G_49_64_NRMSE,0.03821595308127479,-0.03942971424118231,0.1197375918175122,False,,
8,interaction,continuous128/m_bias,-0.0034213595920138786,-0.04293511708577474,0.03483546574910481,False,,
8,interaction,continuous128/m2_bias,-0.017396491434839012,-0.03654269565659991,0.0027431669806699385,False,,
8,interaction,continuous128/abs_m_bias,-0.017150878906250014,-0.0385397328270806,0.00514782269795737,False,,
8,interaction,continuous128/energy_bias,0.003805859716754234,0.0017716375235809967,0.0061699494289287875,False,,
8,interaction,continuous48/G_1_8_NRMSE,0.0014721801837070322,-0.010362980708378412,0.013258679115851886,False,,
8,interaction,continuous48/G_9_24_NRMSE,-0.0013120508538040365,-0.03359923620793112,0.027148993710638343,False,,
8,interaction,continuous48/G_1_24_NRMSE,-0.00022591422508336928,-0.024003156415157306,0.02106941440203119,False,,
8,interaction,continuous48/m_bias,-0.003707320601851874,-0.03718939887152778,0.02473444055627891,False,,
8,interaction,continuous48/m2_bias,-0.0004956319989490865,-0.013120611214343363,0.015761049392292042,False,,
8,interaction,continuous48/abs_m_bias,-0.0006872106481481469,-0.016308367693865743,0.018375198929398144,False,,
8,interaction,continuous48/energy_bias,0.0009003767730497341,-0.0016658701795211803,0.0032692045748374432,False,,
8,interaction,held_s10_w48/G_10_30_NRMSE,-0.010810045498431467,-0.028000299510752082,0.005501211582641991,False,,
8,interaction,held_s10_w48/G_40_120_NRMSE,-0.01522557319958201,-0.05503152313532258,0.02277551534863016,False,,
8,interaction,held_s10_w48/G_130_470_NRMSE,-0.009082736966609967,-0.045069486637789806,0.024787359089385067,False,,
8,interaction,held_s10_w48/m_bias,-0.01106996889467591,-0.08538417109736689,0.04759634512442131,False,,
8,interaction,held_s10_w48/m2_bias,0.0011260205335577814,-0.008313250247343081,0.009600444880042077,False,,
8,interaction,held_s10_w48/abs_m_bias,0.002185962818287054,-0.013997734917534721,0.015937070493344883,False,,
8,interaction,held_s10_w48/energy_bias,-0.002597240691489375,-0.006255598496601694,0.0019162730404107028,False,,
4,mask_at_uniform,matched_continuous48/natural/sequential_kl,-0.0015879712747573784,-0.0035036945131283878,0.00012220546001396904,False,,
4,mask_at_uniform,matched_continuous48/natural/parallel_kl,-0.0018521604377184017,-0.00459167712370486,0.0011207285572418378,False,,
4,mask_at_uniform,matched_continuous48/natural/oracle_parallel_kl,0.0,0.0,0.0,False,,
4,mask_at_uniform,matched_continuous48/natural/marginal_kl,-0.0018521604377183935,-0.004591677123704851,0.001120728557241842,False,,
4,mask_at_uniform,matched_continuous48/natural/order_tv,-0.0013189660090779758,-0.011002348548548516,0.007854445851034899,False,,
4,mask_at_uniform,matched_continuous48/natural/geometry_probability_mae,-0.00644489928991086,-0.01271103394668147,-0.00028238804143568627,False,,
4,mask_at_uniform,matched_continuous48/natural/response_rmse,-0.012028313861390125,-0.02096546032690494,-0.0032189017198825704,False,,
4,mask_at_uniform,matched_continuous96/natural/sequential_kl,-0.09746469764162986,-0.12846890865649666,-0.07470005091739834,False,,
4,mask_at_uniform,matched_continuous96/natural/parallel_kl,-0.11004837506067061,-0.13907568143186808,-0.08743842639773629,False,,
4,mask_at_uniform,matched_continuous96/natural/oracle_parallel_kl,0.0,0.0,0.0,False,,
4,mask_at_uniform,matched_continuous96/natural/marginal_kl,-0.11004837506067063,-0.1390756814318681,-0.08743842639773629,False,,
4,mask_at_uniform,matched_continuous96/natural/order_tv,-0.013949599025043741,-0.020606526912276348,-0.004344409213793142,False,,
4,mask_at_uniform,matched_continuous96/natural/geometry_probability_mae,-0.05321321612918545,-0.08124131055185409,-0.029305992776799773,False,,
4,mask_at_uniform,matched_continuous96/natural/response_rmse,-0.15280155070656926,-0.24636562799657155,-0.07971564372769507,False,,
4,mask_at_uniform,matched_continuous128/natural/sequential_kl,-0.15630082350243835,-0.17737517350210116,-0.1372279017539709,True,-0.18201090675724904,-0.13209209707732736
4,mask_at_uniform,matched_continuous128/natural/parallel_kl,-0.14877765503635867,-0.16892279976297778,-0.13056196220014762,False,,
4,mask_at_uniform,matched_continuous128/natural/oracle_parallel_kl,0.0,0.0,0.0,False,,
4,mask_at_uniform,matched_continuous128/natural/marginal_kl,-0.1487776550363587,-0.16892279976297778,-0.13056196220014768,False,,
4,mask_at_uniform,matched_continuous128/natural/order_tv,0.01419296819131949,0.008408040303819711,0.020248982276782953,False,,
4,mask_at_uniform,matched_continuous128/natural/geometry_probability_mae,-0.07731495065276109,-0.09589015143465107,-0.05849747397157694,False,,
4,mask_at_uniform,matched_continuous128/natural/response_rmse,-0.205173187196557,-0.250572309829503,-0.16079390708307384,False,,
4,mask_at_uniform,unequal_distance_w48/natural/sequential_kl,-0.002777876471111728,-0.006080155139255339,-0.00020788348412415652,False,,
4,mask_at_uniform,unequal_distance_w48/natural/parallel_kl,-0.0029192206696170425,-0.00865731830532273,0.0016588466243859725,False,,
4,mask_at_uniform,unequal_distance_w48/natural/oracle_parallel_kl,0.0,0.0,0.0,False,,
4,mask_at_uniform,unequal_distance_w48/natural/marginal_kl,-0.0029192206696170616,-0.008657318305322736,0.001658846624385961,False,,
4,mask_at_uniform,unequal_distance_w48/natural/order_tv,0.003738703734939574,-0.0016836179242310308,0.00913253830431118,False,,
4,mask_at_uniform,unequal_distance_w48/natural/geometry_probability_mae,-0.005769767310068941,-0.013003010477027083,0.004378902324818851,False,,
4,mask_at_uniform,unequal_distance_w48/natural/response_rmse,-0.004167060402069579,-0.01747825793509513,0.010125419248841163,False,,
4,mask_at_uniform,matched_continuous48/common/sequential_kl,-0.0011839493000500448,-0.002901579490901486,0.000509689626509506,False,,
4,mask_at_uniform,matched_continuous48/common/parallel_kl,-0.001044116488303718,-0.003590675000670711,0.0017805559553074873,False,,
4,mask_at_uniform,matched_continuous48/common/oracle_parallel_kl,0.0,0.0,0.0,False,,
4,mask_at_uniform,matched_continuous48/common/marginal_kl,-0.0010441164883037207,-0.0035906750006707154,0.0017805559553074899,False,,
4,mask_at_uniform,matched_continuous48/common/order_tv,0.0014608653376789182,-0.00672272786237231,0.009751814871938495,False,,
4,mask_at_uniform,matched_continuous48/common/geometry_probability_mae,-0.00644489928991086,-0.01271103394668147,-0.00028238804143568627,False,,
4,mask_at_uniform,matched_continuous48/common/response_rmse,-0.012028313861390125,-0.02096546032690494,-0.0032189017198825704,False,,
4,mask_at_uniform,matched_continuous96/common/sequential_kl,-0.08936389199303713,-0.11836180202971877,-0.06732052304661168,False,,
4,mask_at_uniform,matched_continuous96/common/parallel_kl,-0.10213813227343266,-0.131137572274867,-0.07859266674433643,False,,
4,mask_at_uniform,matched_continuous96/common/oracle_parallel_kl,0.0,0.0,0.0,False,,
4,mask_at_uniform,matched_continuous96/common/marginal_kl,-0.10213813227343262,-0.13113757227486703,-0.07859266674433643,False,,
4,mask_at_uniform,matched_continuous96/common/order_tv,-0.014255971531081935,-0.019938476073324454,-0.006108261217940846,False,,
4,mask_at_uniform,matched_continuous96/common/geometry_probability_mae,-0.04699186958369994,-0.07596062422555831,-0.022115826753508504,False,,
4,mask_at_uniform,matched_continuous96/common/response_rmse,-0.13493844389801077,-0.22755877970132954,-0.05862430132297811,False,,
4,mask_at_uniform,matched_continuous128/common/sequential_kl,-0.14924476120806343,-0.17133478789830606,-0.13087137574403573,False,,
4,mask_at_uniform,matched_continuous128/common/parallel_kl,-0.14341446870781258,-0.1632420148749051,-0.12686493752581016,False,,
4,mask_at_uniform,matched_continuous128/common/oracle_parallel_kl,0.0,0.0,0.0,False,,
4,mask_at_uniform,matched_continuous128/common/marginal_kl,-0.14341446870781258,-0.1632420148749051,-0.1268649375258102,False,,
4,mask_at_uniform,matched_continuous128/common/order_tv,0.012875853777731703,0.005957010570336339,0.019318499474863846,False,,
4,mask_at_uniform,matched_continuous128/common/geometry_probability_mae,-0.07457578947690036,-0.09551538703920352,-0.05553364413722313,False,,
4,mask_at_uniform,matched_continuous128/common/response_rmse,-0.19867758993689663,-0.24945745618873658,-0.153661770634483,False,,
4,mask_at_uniform,unequal_distance_w48/common/sequential_kl,-0.002277998107424896,-0.005522638331189204,0.00015072724139647477,False,,
4,mask_at_uniform,unequal_distance_w48/common/parallel_kl,-0.0019194639422434184,-0.007665150474326509,0.0023642732794448944,False,,
4,mask_at_uniform,unequal_distance_w48/common/oracle_parallel_kl,0.0,0.0,0.0,False,,
4,mask_at_uniform,unequal_distance_w48/common/marginal_kl,-0.001919463942243395,-0.00766515047432649,0.002364273279444899,False,,
4,mask_at_uniform,unequal_distance_w48/common/order_tv,0.005875391019314093,0.0015428193657865154,0.010801881780656952,False,,
4,mask_at_uniform,unequal_distance_w48/common/geometry_probability_mae,-0.005769767310068941,-0.013003010477027083,0.004378902324818851,False,,
4,mask_at_uniform,unequal_distance_w48/common/response_rmse,-0.004167060402069579,-0.01747825793509513,0.010125419248841163,False,,
4,mask_at_uniform,w128_k8/CE,-0.07803889390834795,-0.10276523502934429,-0.055729063014897454,False,,
4,mask_at_uniform,w128_k32/CE,-0.007042113702599662,-0.014749769435077246,-0.0008821018492448631,False,,
4,mask_at_uniform,w128_t05/CE,9.695047532271017e-05,-0.00023161625159916902,0.000413234177934324,False,,
4,mask_at_uniform,w128_t095/CE,0.0007480772046850048,0.00017067591759685892,0.0013151662109182171,False,,
4,mask_at_uniform,w48_t05/CE,1.1439512981936684e-05,-0.0001814819704118703,0.00019337720229918584,False,,
4,mask_at_uniform,w48_t095/CE,-2.7580433373475266e-05,-0.00031748130397210166,0.0002918001833167621,False,,
4,mask_at_uniform,continuous128/G_1_8_NRMSE,-0.01599788502132104,-0.03435624674034416,0.005916230941650615,False,,
4,mask_at_uniform,continuous128/G_9_48_NRMSE,-0.0669348989809125,-0.18358268032192168,0.03886724376673059,False,,
4,mask_at_uniform,continuous128/G_49_64_NRMSE,-0.19662551178285925,-0.3390432785102002,-0.02772236148165977,True,-0.3816437872037052,0.023191768249461453
4,mask_at_uniform,continuous128/m_bias,-0.003223419189453138,-0.1435046090020074,0.10147704018486871,False,,
4,mask_at_uniform,continuous128/m2_bias,0.10701189448850022,0.07756896216435252,0.13106276528754582,False,,
4,mask_at_uniform,continuous128/abs_m_bias,0.12386830647786459,0.0887005805969238,0.15329264534844295,False,,
4,mask_at_uniform,continuous128/energy_bias,-0.004468435586176822,-0.007450048358212989,-0.001222865788016704,False,,
4,mask_at_uniform,continuous48/G_1_8_NRMSE,-0.004811047145456285,-0.018066465872592686,0.008018815076922583,False,,
4,mask_at_uniform,continuous48/G_9_24_NRMSE,-0.011188041951940272,-0.059126878778628225,0.03613615760641571,False,,
4,mask_at_uniform,continuous48/G_1_24_NRMSE,-0.008889110082294344,-0.04342692630360829,0.024584121668985066,False,,
4,mask_at_uniform,continuous48/m_bias,0.028453685619212986,-0.0048175953052662064,0.07006378173828122,False,,
4,mask_at_uniform,continuous48/m2_bias,0.008013126781447907,-0.011016698433047967,0.027490560851469965,False,,
4,mask_at_uniform,continuous48/abs_m_bias,0.008497450086805552,-0.01293091950593171,0.03127509223090292,False,,
4,mask_at_uniform,continuous48/energy_bias,-0.000783789524231711,-0.002796391336066795,0.0012975814494681128,False,,
4,mask_at_uniform,held_s10_w48/G_10_30_NRMSE,-0.035802557328939444,-0.06717642338109252,0.0026788701861606514,False,,
4,mask_at_uniform,held_s10_w48/G_40_120_NRMSE,-0.05675918212027123,-0.16498289258530027,0.08986517126969824,False,,
4,mask_at_uniform,held_s10_w48/G_130_470_NRMSE,0.009670254259676575,-0.16666057874714932,0.21522727678239548,False,,
4,mask_at_uniform,held_s10_w48/m_bias,-0.012466995804398164,-0.109078131781684,0.06544754593460646,False,,
4,mask_at_uniform,held_s10_w48/m2_bias,0.05638005409711674,0.043495740664839286,0.07347212343058959,False,,
4,mask_at_uniform,held_s10_w48/abs_m_bias,0.07475902416087965,0.05820521601924189,0.09543875235098379,False,,
4,mask_at_uniform,held_s10_w48/energy_bias,-0.018819028885933814,-0.031005541934471064,-0.009599372737514772,False,,
4,query_at_sparse,matched_continuous48/natural/sequential_kl,-0.00042734469660703645,-0.0014593491398209022,0.0003553080340513568,False,,
4,query_at_sparse,matched_continuous48/natural/parallel_kl,0.00047597593970413743,-0.0013702255257429558,0.001883608783238656,False,,
4,query_at_sparse,matched_continuous48/natural/oracle_parallel_kl,0.0,0.0,0.0,False,,
4,query_at_sparse,matched_continuous48/natural/marginal_kl,0.000475975939704137,-0.0013702255257429501,0.0018836087832386703,False,,
4,query_at_sparse,matched_continuous48/natural/order_tv,0.0003373086780868381,-0.0015261640302070784,0.002194242807216911,False,,
4,query_at_sparse,matched_continuous48/natural/geometry_probability_mae,-0.012243464368682651,-0.01832380603640234,-0.007494984950840834,False,,
4,query_at_sparse,matched_continuous48/natural/response_rmse,-0.02963599264241026,-0.04536402869245663,-0.015222268710767319,False,,
4,query_at_sparse,matched_continuous96/natural/sequential_kl,-0.001764753473207935,-0.002823016448085485,-0.0009737336105746951,False,,
4,query_at_sparse,matched_continuous96/natural/parallel_kl,-0.0014688870898382639,-0.003391080752384467,0.00014789338637504057,False,,
4,query_at_sparse,matched_continuous96/natural/oracle_parallel_kl,0.0,0.0,0.0,False,,
4,query_at_sparse,matched_continuous96/natural/marginal_kl,-0.0014688870898382643,-0.003391080752384464,0.00014789338637503973,False,,
4,query_at_sparse,matched_continuous96/natural/order_tv,-0.005790118998644851,-0.00809752887250922,-0.0033546970512325627,False,,
4,query_at_sparse,matched_continuous96/natural/geometry_probability_mae,-0.012221587671515374,-0.023307412348152163,-0.002395030286851424,False,,
4,query_at_sparse,matched_continuous96/natural/response_rmse,-0.019255667272804783,-0.05477075331873361,0.014442351021723586,False,,
4,query_at_sparse,matched_continuous128/natural/sequential_kl,-0.014931685531440052,-0.022531092849634077,-0.007844161934116597,True,-0.024011203651090593,-0.005171094413345892
4,query_at_sparse,matched_continuous128/natural/parallel_kl,-0.018174416297235547,-0.02690146104923633,-0.009395908541613792,False,,
4,query_at_sparse,matched_continuous128/natural/oracle_parallel_kl,0.0,0.0,0.0,False,,
4,query_at_sparse,matched_continuous128/natural/marginal_kl,-0.018174416297235554,-0.02690146104923635,-0.009395908541613788,False,,
4,query_at_sparse,matched_continuous128/natural/order_tv,-0.00015819906772464656,-0.0028025396449467836,0.002000767356995746,False,,
4,query_at_sparse,matched_continuous128/natural/geometry_probability_mae,-0.036328382122343406,-0.051529603696209826,-0.022051517304286488,False,,
4,query_at_sparse,matched_continuous128/natural/response_rmse,-0.1021076505485814,-0.13192998522570473,-0.06748137756645334,False,,
4,query_at_sparse,unequal_distance_w48/natural/sequential_kl,-0.00047402827696518173,-0.0014674845827179002,0.0006246726597434086,False,,
4,query_at_sparse,unequal_distance_w48/natural/parallel_kl,0.0005962576483963811,-0.0013318917856871353,0.0023341924944519014,False,,
4,query_at_sparse,unequal_distance_w48/natural/oracle_parallel_kl,0.0,0.0,0.0,False,,
4,query_at_sparse,unequal_distance_w48/natural/marginal_kl,0.0005962576483964036,-0.0013318917856871516,0.0023341924944519144,False,,
4,query_at_sparse,unequal_distance_w48/natural/order_tv,0.0003737355052505914,-0.0013654724563935544,0.0022656781790529393,False,,
4,query_at_sparse,unequal_distance_w48/natural/geometry_probability_mae,-0.008508147726938552,-0.011365118392463834,-0.0058417432370863635,False,,
4,query_at_sparse,unequal_distance_w48/natural/response_rmse,-0.025814447265665175,-0.03849337625709965,-0.01659259811328115,False,,
4,query_at_sparse,matched_continuous48/common/sequential_kl,-0.0003955284388556528,-0.0014922698725784117,0.00045199455887483237,False,,
4,query_at_sparse,matched_continuous48/common/parallel_kl,0.0005396084552068969,-0.0014437400428566583,0.002070472410567432,False,,
4,query_at_sparse,matched_continuous48/common/oracle_parallel_kl,0.0,0.0,0.0,False,,
4,query_at_sparse,matched_continuous48/common/marginal_kl,0.0005396084552069039,-0.0014437400428566607,0.002070472410567439,False,,
4,query_at_sparse,matched_continuous48/common/order_tv,0.0005308290054428996,-0.0011125151812773626,0.0021091088008933084,False,,
4,query_at_sparse,matched_continuous48/common/geometry_probability_mae,-0.012243464368682651,-0.01832380603640234,-0.007494984950840834,False,,
4,query_at_sparse,matched_continuous48/common/response_rmse,-0.02963599264241026,-0.04536402869245663,-0.015222268710767319,False,,
4,query_at_sparse,matched_continuous96/common/sequential_kl,-0.0017816942922532879,-0.0028063817434431453,-0.0010600034101884025,False,,
4,query_at_sparse,matched_continuous96/common/parallel_kl,-0.0015106997134209932,-0.003398324614968264,2.9366135151999513e-05,False,,
4,query_at_sparse,matched_continuous96/common/oracle_parallel_kl,0.0,0.0,0.0,False,,
4,query_at_sparse,matched_continuous96/common/marginal_kl,-0.001510699713420995,-0.003398324614968265,2.9366135152002138e-05,False,,
4,query_at_sparse,matched_continuous96/common/order_tv,-0.0059239049111477725,-0.008317795133156704,-0.003501332627107997,False,,
4,query_at_sparse,matched_continuous96/common/geometry_probability_mae,-0.012373459703296352,-0.02392858315382896,-0.0022833229303762183,False,,
4,query_at_sparse,matched_continuous96/common/response_rmse,-0.020578605627054034,-0.056809675440550565,0.013175751810725389,False,,
4,query_at_sparse,matched_continuous128/common/sequential_kl,-0.013561154322804136,-0.020754076767071566,-0.007022393222103168,False,,
4,query_at_sparse,matched_continuous128/common/parallel_kl,-0.016483505222222545,-0.024504711171112116,-0.008693349651660912,False,,
4,query_at_sparse,matched_continuous128/common/oracle_parallel_kl,0.0,0.0,0.0,False,,
4,query_at_sparse,matched_continuous128/common/marginal_kl,-0.01648350522222255,-0.024504711171112147,-0.008693349651660907,False,,
4,query_at_sparse,matched_continuous128/common/order_tv,-0.00018396975233126583,-0.002849418231772108,0.00213228286966976,False,,
4,query_at_sparse,matched_continuous128/common/geometry_probability_mae,-0.033290856588272064,-0.04880614827372635,-0.019633668931504523,False,,
4,query_at_sparse,matched_continuous128/common/response_rmse,-0.09372356940182416,-0.12333031148878164,-0.06212897328768235,False,,
4,query_at_sparse,unequal_distance_w48/common/sequential_kl,-0.00047266475103212736,-0.001504793883936978,0.0007069809683748719,False,,
4,query_at_sparse,unequal_distance_w48/common/parallel_kl,0.0005989847002625115,-0.001462667280434184,0.002441232357611794,False,,
4,query_at_sparse,unequal_distance_w48/common/oracle_parallel_kl,0.0,0.0,0.0,False,,
4,query_at_sparse,unequal_distance_w48/common/marginal_kl,0.0005989847002625072,-0.0014626672804341858,0.0024412323576118084,False,,
4,query_at_sparse,unequal_distance_w48/common/order_tv,0.0003436858743871424,-0.0015669652621177785,0.0022906528681515717,False,,
4,query_at_sparse,unequal_distance_w48/common/geometry_probability_mae,-0.008508147726938552,-0.011365118392463834,-0.0058417432370863635,False,,
4,query_at_sparse,unequal_distance_w48/common/response_rmse,-0.025814447265665175,-0.03849337625709965,-0.01659259811328115,False,,
4,query_at_sparse,w128_k8/CE,-0.005656003810583676,-0.009324509200903539,-0.002406089515350787,False,,
4,query_at_sparse,w128_k32/CE,-0.002558944464255364,-0.006050516570652677,7.081459107918915e-05,False,,
4,query_at_sparse,w128_t05/CE,0.00011231092133245912,-6.641673894472455e-06,0.00025174113651311715,False,,
4,query_at_sparse,w128_t095/CE,-2.2478740677345233e-05,-0.00036831015672489364,0.0003923406083134127,False,,
4,query_at_sparse,w48_t05/CE,3.1321167542675e-05,-4.690542045248935e-05,0.00010445274757436558,False,,
4,query_at_sparse,w48_t095/CE,-2.745931296788129e-06,-0.0002809254649397713,0.00025203193891791266,False,,
4,query_at_sparse,continuous128/G_1_8_NRMSE,0.0009199981040058092,-0.00358322544426105,0.00623170080197099,False,,
4,query_at_sparse,continuous128/G_9_48_NRMSE,-0.004234267447033591,-0.05009083237630859,0.034477729989790956,False,,
4,query_at_sparse,continuous128/G_49_64_NRMSE,0.000796521832920366,-0.07433509342090497,0.05921962996392772,True,-0.08835565023369425,0.0753445584283225
4,query_at_sparse,continuous128/m_bias,0.018261591593424477,-0.013296927346123588,0.04433160887824163,False,,
4,query_at_sparse,continuous128/m2_bias,-0.00784636607083181,-0.022543848961100198,0.0070593558006092245,False,,
4,query_at_sparse,continuous128/abs_m_bias,-0.005842208862304705,-0.02223991817898223,0.010823551813761444,False,,
4,query_at_sparse,continuous128/energy_bias,0.001204896995297522,-0.0004157225708114291,0.0032125958620406823,False,,
4,query_at_sparse,continuous48/G_1_8_NRMSE,0.002938441414709822,-0.008591582189304373,0.01406830343599526,False,,
4,query_at_sparse,continuous48/G_9_24_NRMSE,0.0037501217095785716,-0.021590221246996447,0.03066658491542672,False,,
4,query_at_sparse,continuous48/G_1_24_NRMSE,0.00329414452455324,-0.01614621259351852,0.023968190185402763,False,,
4,query_at_sparse,continuous48/m_bias,-0.0069331416377314825,-0.026443368417245393,0.017776941370081033,False,,
4,query_at_sparse,continuous48/m2_bias,-0.00021458260806990134,-0.011678395251678346,0.011348191063099896,False,,
4,query_at_sparse,continuous48/abs_m_bias,0.0002599645543981399,-0.010975138346354156,0.012427831579137705,False,,
4,query_at_sparse,continuous48/energy_bias,0.0002724216903073713,-0.0015722829399379612,0.0023364488678339454,False,,
4,query_at_sparse,held_s10_w48/G_10_30_NRMSE,-0.0015744584060467387,-0.011887532814517444,0.006106511371873018,False,,
4,query_at_sparse,held_s10_w48/G_40_120_NRMSE,0.0010918718594688515,-0.024027041476211746,0.016550493965928066,False,,
4,query_at_sparse,held_s10_w48/G_130_470_NRMSE,-0.0019214698903882999,-0.03623927994088935,0.02836015336338298,False,,
4,query_at_sparse,held_s10_w48/m_bias,-0.0012433087384259127,-0.03285143816912616,0.025340892650462965,False,,
4,query_at_sparse,held_s10_w48/m2_bias,-0.006232544227882655,-0.011884756932042748,-0.0006918772748468427,False,,
4,query_at_sparse,held_s10_w48/abs_m_bias,-0.008897569444444428,-0.016846494321469868,-0.0021241364655671118,False,,
4,query_at_sparse,held_s10_w48/energy_bias,0.00048366393321512026,-0.0027892633532801817,0.003881114481752326,False,,
4,query_at_ordinary,matched_continuous48/natural/sequential_kl,-0.0011027859869479806,-0.0023417034862510296,0.0001735792528329124,False,,
4,query_at_ordinary,matched_continuous48/natural/parallel_kl,-0.0022845656418206545,-0.004241006859627504,-0.0004422821281371959,False,,
4,query_at_ordinary,matched_continuous48/natural/oracle_parallel_kl,0.0,0.0,0.0,False,,
4,query_at_ordinary,matched_continuous48/natural/marginal_kl,-0.0022845656418206497,-0.0042410068596275005,-0.0004422821281371887,False,,
4,query_at_ordinary,matched_continuous48/natural/order_tv,-0.005283112127824376,-0.008441093531278861,-0.002265948028707148,False,,
4,query_at_ordinary,matched_continuous48/natural/geometry_probability_mae,0.003465633269602867,-0.003196049066160619,0.010796298724491178,False,,
4,query_at_ordinary,matched_continuous48/natural/response_rmse,0.0003666385127494981,-0.011293257457677546,0.010761556830721454,False,,
4,query_at_ordinary,matched_continuous96/natural/sequential_kl,-0.03206083496590573,-0.0445395889235171,-0.019290141836882,False,,
4,query_at_ordinary,matched_continuous96/natural/parallel_kl,-0.03390095295713308,-0.04564639991777054,-0.020487053893510694,False,,
4,query_at_ordinary,matched_continuous96/natural/oracle_parallel_kl,0.0,0.0,0.0,False,,
4,query_at_ordinary,matched_continuous96/natural/marginal_kl,-0.03390095295713309,-0.04564639991777054,-0.020487053893510708,False,,
4,query_at_ordinary,matched_continuous96/natural/order_tv,0.0043245666688165735,0.0008665945556621188,0.008927777710119475,False,,
4,query_at_ordinary,matched_continuous96/natural/geometry_probability_mae,-0.029827373191582428,-0.04155943476817317,-0.01871779152117232,False,,
4,query_at_ordinary,matched_continuous96/natural/response_rmse,-0.09106609056944588,-0.11678451121522926,-0.06038581713499977,False,,
4,query_at_ordinary,matched_continuous128/natural/sequential_kl,-0.03889114813304845,-0.05593306701220913,-0.020595299426500274,False,,
4,query_at_ordinary,matched_continuous128/natural/parallel_kl,-0.03695273719647213,-0.05479797413152763,-0.019642942881240175,False,,
4,query_at_ordinary,matched_continuous128/natural/oracle_parallel_kl,0.0,0.0,0.0,False,,
4,query_at_ordinary,matched_continuous128/natural/marginal_kl,-0.03695273719647216,-0.054797974131527614,-0.01964294288124023,False,,
4,query_at_ordinary,matched_continuous128/natural/order_tv,0.00403229216577654,0.0016374708364835545,0.007015083072673506,False,,
4,query_at_ordinary,matched_continuous128/natural/geometry_probability_mae,-0.03471125850181374,-0.052732527433889904,-0.018109811304218057,False,,
4,query_at_ordinary,matched_continuous128/natural/response_rmse,-0.09219040944496623,-0.13925222272853816,-0.04792872204413729,False,,
4,query_at_ordinary,unequal_distance_w48/natural/sequential_kl,-0.0011955282314419675,-0.0026388624354571327,9.226998560262501e-05,False,,
4,query_at_ordinary,unequal_distance_w48/natural/parallel_kl,-0.0017671391761970023,-0.0037991967689394923,-9.963001566461496e-05,False,,
4,query_at_ordinary,unequal_distance_w48/natural/oracle_parallel_kl,0.0,0.0,0.0,False,,
4,query_at_ordinary,unequal_distance_w48/natural/marginal_kl,-0.001767139176197005,-0.003799196768939511,-9.963001566460411e-05,False,,
4,query_at_ordinary,unequal_distance_w48/natural/order_tv,-0.0032892393821373316,-0.006806134412838397,-0.00040339679174525387,False,,
4,query_at_ordinary,unequal_distance_w48/natural/geometry_probability_mae,0.001641698412463373,-0.0007688731068575891,0.0038595043230600064,False,,
4,query_at_ordinary,unequal_distance_w48/natural/response_rmse,0.004486367088261015,0.00018458826728635984,0.009726915131813589,False,,
4,query_at_ordinary,matched_continuous48/common/sequential_kl,-0.0009669768942212509,-0.002147458107887866,0.00027029025048138836,False,,
4,query_at_ordinary,matched_continuous48/common/parallel_kl,-0.002012947456367181,-0.003994792421737823,-0.00028797272639466176,False,,
4,query_at_ordinary,matched_continuous48/common/oracle_parallel_kl,0.0,0.0,0.0,False,,
4,query_at_ordinary,matched_continuous48/common/marginal_kl,-0.0020129474563671842,-0.0039947924217378274,-0.0002879727263946602,False,,
4,query_at_ordinary,matched_continuous48/common/order_tv,-0.004693902525396244,-0.007611720674365767,-0.0019973262066117943,False,,
4,query_at_ordinary,matched_continuous48/common/geometry_probability_mae,0.003465633269602867,-0.003196049066160619,0.010796298724491178,False,,
4,query_at_ordinary,matched_continuous48/common/response_rmse,0.0003666385127494981,-0.011293257457677546,0.010761556830721454,False,,
4,query_at_ordinary,matched_continuous96/common/sequential_kl,-0.02948701442502101,-0.041870856622882736,-0.018128025376157337,False,,
4,query_at_ordinary,matched_continuous96/common/parallel_kl,-0.031277914649674984,-0.04317381649026193,-0.019537240443523174,False,,
4,query_at_ordinary,matched_continuous96/common/oracle_parallel_kl,0.0,0.0,0.0,False,,
4,query_at_ordinary,matched_continuous96/common/marginal_kl,-0.03127791464967494,-0.043173816490261904,-0.019537240443523268,False,,
4,query_at_ordinary,matched_continuous96/common/order_tv,0.004798586290406089,0.001807636810920193,0.008067017152980568,False,,
4,query_at_ordinary,matched_continuous96/common/geometry_probability_mae,-0.026404364681528035,-0.040138121987480006,-0.013259416272843142,False,,
4,query_at_ordinary,matched_continuous96/common/response_rmse,-0.08320740813134593,-0.10877573952122777,-0.05819492386536687,False,,
4,query_at_ordinary,matched_continuous128/common/sequential_kl,-0.03741623818540796,-0.05152052671481756,-0.022648954018070936,False,,
4,query_at_ordinary,matched_continuous128/common/parallel_kl,-0.0361990432696829,-0.0505993079306248,-0.02147524428169538,False,,
4,query_at_ordinary,matched_continuous128/common/oracle_parallel_kl,0.0,0.0,0.0,False,,
4,query_at_ordinary,matched_continuous128/common/marginal_kl,-0.0361990432696829,-0.05059930793062479,-0.021475244281695404,False,,
4,query_at_ordinary,matched_continuous128/common/order_tv,0.0030378869528614166,-0.0013624005726884728,0.0075965702996207245,False,,
4,query_at_ordinary,matched_continuous128/common/geometry_probability_mae,-0.03510157787872707,-0.05229736532287165,-0.019667844363456657,False,,
4,query_at_ordinary,matched_continuous128/common/response_rmse,-0.0930670714352308,-0.13819344973669448,-0.05228976630740979,False,,
4,query_at_ordinary,unequal_distance_w48/common/sequential_kl,-0.0010424217513834494,-0.0023242659120153433,0.00011785184733633187,False,,
4,query_at_ordinary,unequal_distance_w48/common/parallel_kl,-0.0014609262160799885,-0.003065001924025549,-7.211475858752191e-05,False,,
4,query_at_ordinary,unequal_distance_w48/common/oracle_parallel_kl,0.0,0.0,0.0,False,,
4,query_at_ordinary,unequal_distance_w48/common/marginal_kl,-0.0014609262160799694,-0.0030650019240255327,-7.211475858752133e-05,False,,
4,query_at_ordinary,unequal_distance_w48/common/order_tv,-0.002606312245627903,-0.005466917139270026,-0.00023587954315287818,False,,
4,query_at_ordinary,unequal_distance_w48/common/geometry_probability_mae,0.001641698412463373,-0.0007688731068575891,0.0038595043230600064,False,,
4,query_at_ordinary,unequal_distance_w48/common/response_rmse,0.004486367088261015,0.00018458826728635984,0.009726915131813589,False,,
4,query_at_ordinary,w128_k8/CE,-0.025348385094925874,-0.03531389578677215,-0.014774158482441138,False,,
4,query_at_ordinary,w128_k32/CE,-0.006090333338166998,-0.010785817205608355,-0.002264833941422659,False,,
4,query_at_ordinary,w128_t05/CE,-0.00017271048218453489,-0.000645407079212712,0.00026189438194275383,False,,
4,query_at_ordinary,w128_t095/CE,-0.00011407365104704192,-0.0005062599753365385,0.00029845748646026694,False,,
4,query_at_ordinary,w48_t05/CE,3.321449054782821e-05,-0.0001464698383976351,0.00022936145336065748,False,,
4,query_at_ordinary,w48_t095/CE,-1.5175916427800917e-05,-0.0002908813774242347,0.0002696758242697855,False,,
4,query_at_ordinary,continuous128/G_1_8_NRMSE,-0.00820877353848707,-0.014374032786524545,-0.0018672837596414992,False,,
4,query_at_ordinary,continuous128/G_9_48_NRMSE,-0.024165954241643195,-0.05137117832188937,0.0011720467354300506,False,,
4,query_at_ordinary,continuous128/G_49_64_NRMSE,-0.037419431248354396,-0.08845036604005105,0.009816425200462664,False,,
4,query_at_ordinary,continuous128/m_bias,0.021682951185438358,-0.012973917855156796,0.06409642431471083,False,,
4,query_at_ordinary,continuous128/m2_bias,0.009550125364007206,-0.0024467491596523315,0.021523383175048753,False,,
4,query_at_ordinary,continuous128/abs_m_bias,0.011308670043945312,-0.0034070332845052083,0.02619044515821669,False,,
4,query_at_ordinary,continuous128/energy_bias,-0.002600962721456712,-0.003615035410002282,-0.0016971538073121497,False,,
4,query_at_ordinary,continuous48/G_1_8_NRMSE,0.0014662612310027898,-0.008629901715347858,0.008482036918485779,False,,
4,query_at_ordinary,continuous48/G_9_24_NRMSE,0.005062172563382608,-0.011994128653794876,0.023241356667545128,False,,
4,query_at_ordinary,continuous48/G_1_24_NRMSE,0.0035200587496366093,-0.00959628267541785,0.016667939301466057,False,,
4,query_at_ordinary,continuous48/m_bias,-0.0032258210358796086,-0.02745463053385417,0.02769131130642358,False,,
4,query_at_ordinary,continuous48/m2_bias,0.00028104939087918515,-0.006664194638836996,0.007427385461673819,False,,
4,query_at_ordinary,continuous48/abs_m_bias,0.0009471752025462868,-0.009572347005208339,0.010554391366464086,False,,
4,query_at_ordinary,continuous48/energy_bias,-0.0006279550827423628,-0.0020643734762854585,0.0007564607805111692,False,,
4,query_at_ordinary,held_s10_w48/G_10_30_NRMSE,0.009235587092384728,-0.0026616194701819433,0.020114522791345988,False,,
4,query_at_ordinary,held_s10_w48/G_40_120_NRMSE,0.01631744505905086,-0.014680663826191561,0.0442030171422086,False,,
4,query_at_ordinary,held_s10_w48/G_130_470_NRMSE,0.007161267076221667,-0.02694045261691804,0.04468104227642044,False,,
4,query_at_ordinary,held_s10_w48/m_bias,0.009826660156249997,-0.03266075981987847,0.07592321325231477,False,,
4,query_at_ordinary,held_s10_w48/m2_bias,-0.0073585647614404365,-0.014370453553925779,0.00022396648862234802,False,,
4,query_at_ordinary,held_s10_w48/abs_m_bias,-0.011083532262731483,-0.022003117314091422,0.0012282194914640845,False,,
4,query_at_ordinary,held_s10_w48/energy_bias,0.0030809046247044962,-0.0006176238364361833,0.007052431940750577,False,,
4,mask_at_near,matched_continuous48/natural/sequential_kl,-0.0009125299844164343,-0.002722799233782832,0.0009430556282617084,False,,
4,mask_at_near,matched_continuous48/natural/parallel_kl,0.0009083811438063902,-0.0017574559174610574,0.0033116571091149297,False,,
4,mask_at_near,matched_continuous48/natural/oracle_parallel_kl,0.0,0.0,0.0,False,,
4,mask_at_near,matched_continuous48/natural/marginal_kl,0.0009083811438063932,-0.001757455917461072,0.003311657109114938,False,,
4,mask_at_near,matched_continuous48/natural/order_tv,0.004301454796833238,-0.004560507515589552,0.011155886458370469,False,,
4,mask_at_near,matched_continuous48/natural/geometry_probability_mae,-0.022153996928196376,-0.033239572057237134,-0.011468925031070477,False,,
4,mask_at_near,matched_continuous48/natural/response_rmse,-0.04203094501654989,-0.06287341807327018,-0.025496572535277574,False,,
4,mask_at_near,matched_continuous96/natural/sequential_kl,-0.06716861614893208,-0.10799524860085517,-0.04153114639993267,False,,
4,mask_at_near,matched_continuous96/natural/parallel_kl,-0.0776163091933758,-0.11798326759234946,-0.05101149557175364,False,,
4,mask_at_near,matched_continuous96/natural/oracle_parallel_kl,0.0,0.0,0.0,False,,
4,mask_at_near,matched_continuous96/natural/marginal_kl,-0.0776163091933758,-0.11798326759234948,-0.051011495571753655,False,,
4,mask_at_near,matched_continuous96/natural/order_tv,-0.024064284692505166,-0.033356162825616195,-0.014418463298525464,False,,
4,mask_at_near,matched_continuous96/natural/geometry_probability_mae,-0.03560743060911839,-0.06519181320178878,-0.016729246831408848,False,,
4,mask_at_near,matched_continuous96/natural/response_rmse,-0.08099112740992814,-0.16539164083705585,-0.028177275377751096,False,,
4,mask_at_near,matched_continuous128/natural/sequential_kl,-0.13234136090082996,-0.16859820551894084,-0.10499808395208475,False,,
4,mask_at_near,matched_continuous128/natural/parallel_kl,-0.1299993341371221,-0.16327435668597592,-0.10480493043495152,False,,
4,mask_at_near,matched_continuous128/natural/oracle_parallel_kl,0.0,0.0,0.0,False,,
4,mask_at_near,matched_continuous128/natural/marginal_kl,-0.1299993341371221,-0.16327435668597587,-0.10480493043495148,False,,
4,mask_at_near,matched_continuous128/natural/order_tv,0.010002476957818304,0.005033709522800711,0.01594609986754682,False,,
4,mask_at_near,matched_continuous128/natural/geometry_probability_mae,-0.07893207427329074,-0.10668157006166852,-0.053156020416140995,False,,
4,mask_at_near,matched_continuous128/natural/response_rmse,-0.21509042830017217,-0.29270446063042094,-0.14144318180965723,False,,
4,mask_at_near,unequal_distance_w48/natural/sequential_kl,-0.0020563765166349422,-0.004626328859846297,-0.0001364958841488268,False,,
4,mask_at_near,unequal_distance_w48/natural/parallel_kl,-0.0005558238450236591,-0.005410110744831494,0.003212861273095914,False,,
4,mask_at_near,unequal_distance_w48/natural/oracle_parallel_kl,0.0,0.0,0.0,False,,
4,mask_at_near,unequal_distance_w48/natural/marginal_kl,-0.000555823845023653,-0.005410110744831482,0.003212861273095924,False,,
4,mask_at_near,unequal_distance_w48/natural/order_tv,0.007401678622327497,0.0018327811111956936,0.012024950730384757,False,,
4,mask_at_near,unequal_distance_w48/natural/geometry_probability_mae,-0.015919613449470866,-0.02558755447412883,-0.004988171175840909,False,,
4,mask_at_near,unequal_distance_w48/natural/response_rmse,-0.03446787475599577,-0.055025614609865645,-0.01576136350472563,False,,
4,mask_at_near,matched_continuous48/common/sequential_kl,-0.0006125008446844467,-0.002366834471551613,0.0012043379754558595,False,,
4,mask_at_near,matched_continuous48/common/parallel_kl,0.00150843942327036,-0.0009549894694311761,0.0039026344960898965,False,,
4,mask_at_near,matched_continuous48/common/oracle_parallel_kl,0.0,0.0,0.0,False,,
4,mask_at_near,matched_continuous48/common/marginal_kl,0.0015084394232703674,-0.0009549894694311784,0.00390263449608989,False,,
4,mask_at_near,matched_continuous48/common/order_tv,0.0066855968685180615,0.00012030782294038757,0.01277964821275062,False,,
4,mask_at_near,matched_continuous48/common/geometry_probability_mae,-0.022153996928196376,-0.033239572057237134,-0.011468925031070477,False,,
4,mask_at_near,matched_continuous48/common/response_rmse,-0.04203094501654989,-0.06287341807327018,-0.025496572535277574,False,,
4,mask_at_near,matched_continuous96/common/sequential_kl,-0.06165857186026941,-0.09792558623107256,-0.038316331984119094,False,,
4,mask_at_near,matched_continuous96/common/parallel_kl,-0.07237091733717867,-0.1091826348858143,-0.047457680867004026,False,,
4,mask_at_near,matched_continuous96/common/oracle_parallel_kl,0.0,0.0,0.0,False,,
4,mask_at_near,matched_continuous96/common/marginal_kl,-0.07237091733717867,-0.10918263488581426,-0.04745768086700404,False,,
4,mask_at_near,matched_continuous96/common/order_tv,-0.024978462732635796,-0.032818649951803405,-0.01738123769701899,False,,
4,mask_at_near,matched_continuous96/common/geometry_probability_mae,-0.032960964605468254,-0.060822026585910655,-0.014098364790798687,False,,
4,mask_at_near,matched_continuous96/common/response_rmse,-0.07230964139371887,-0.14974669886491665,-0.021927411348217324,False,,
4,mask_at_near,matched_continuous128/common/sequential_kl,-0.1253896773454596,-0.1610230807029818,-0.09796666336645124,False,,
4,mask_at_near,matched_continuous128/common/parallel_kl,-0.12369893066035222,-0.15674122075187086,-0.09730772808782162,False,,
4,mask_at_near,matched_continuous128/common/oracle_parallel_kl,0.0,0.0,0.0,False,,
4,mask_at_near,matched_continuous128/common/marginal_kl,-0.12369893066035223,-0.15674122075187083,-0.09730772808782161,False,,
4,mask_at_near,matched_continuous128/common/order_tv,0.009653997072539021,0.005060680065375259,0.014909923401347468,False,,
4,mask_at_near,matched_continuous128/common/geometry_probability_mae,-0.07276506818644536,-0.1015910973582377,-0.046903498701094753,False,,
4,mask_at_near,matched_continuous128/common/response_rmse,-0.19933408790349,-0.27885131916533173,-0.12759483005412858,False,,
4,mask_at_near,unequal_distance_w48/common/sequential_kl,-0.001708241107073574,-0.004213390118115803,0.00024111518482827912,False,,
4,mask_at_near,unequal_distance_w48/common/parallel_kl,0.00014044697409908158,-0.004587995734527265,0.003771210166333507,False,,
4,mask_at_near,unequal_distance_w48/common/oracle_parallel_kl,0.0,0.0,0.0,False,,
4,mask_at_near,unequal_distance_w48/common/marginal_kl,0.00014044697409908158,-0.004587995734527269,0.0037712101663335343,False,,
4,mask_at_near,unequal_distance_w48/common/order_tv,0.008825389139329138,0.004290910589649696,0.012993186992796786,False,,
4,mask_at_near,unequal_distance_w48/common/geometry_probability_mae,-0.015919613449470866,-0.02558755447412883,-0.004988171175840909,False,,
4,mask_at_near,unequal_distance_w48/common/response_rmse,-0.03446787475599577,-0.055025614609865645,-0.01576136350472563,False,,
4,mask_at_near,w128_k8/CE,-0.05834651262400575,-0.08689307247581762,-0.03574172119785021,False,,
4,mask_at_near,w128_k32/CE,-0.0035107248286880277,-0.007343322006215949,0.00018378080423387224,False,,
4,mask_at_near,w128_t05/CE,0.0003819718788397042,7.994914337330907e-06,0.0008470598268906777,False,,
4,mask_at_near,w128_t095/CE,0.0008396721150547015,0.0002060937761206097,0.0014590718815419234,False,,
4,mask_at_near,w48_t05/CE,9.54618997678347e-06,-0.00015938050815617194,0.00018821650865492723,False,,
4,mask_at_near,w48_t095/CE,-1.5150448242462478e-05,-0.0003438170716553765,0.00032345800951267395,False,,
4,mask_at_near,continuous128/G_1_8_NRMSE,-0.006869113378828159,-0.022747530984044306,0.011211885981975705,False,,
4,mask_at_near,continuous128/G_9_48_NRMSE,-0.04700321218630289,-0.15015491067751247,0.06742655652830777,False,,
4,mask_at_near,continuous128/G_49_64_NRMSE,-0.15840955870158446,-0.30283351332441766,0.017107625410686684,False,,
4,mask_at_near,continuous128/m_bias,-0.006644778781467017,-0.13594497574700248,0.09782885975307887,False,,
4,mask_at_near,continuous128/m2_bias,0.08961540305366121,0.07272285599287392,0.10694098744424992,False,,
4,mask_at_near,continuous128/abs_m_bias,0.10671742757161458,0.0866764015621609,0.12952317131890193,False,,
4,mask_at_near,continuous128/energy_bias,-0.0006625758694225881,-0.002669999730868592,0.0014219375837298306,False,,
4,mask_at_near,continuous48/G_1_8_NRMSE,-0.0033388669617492525,-0.017667425940130724,0.010092732083711796,False,,
4,mask_at_near,continuous48/G_9_24_NRMSE,-0.012500092805744309,-0.05739362176959636,0.03533055456335602,False,,
4,mask_at_near,continuous48/G_1_24_NRMSE,-0.009115024307377713,-0.03992194009672367,0.02558289406513664,False,,
4,mask_at_near,continuous48/m_bias,0.024746365017361112,0.005735100640190968,0.04068479184751157,False,,
4,mask_at_near,continuous48/m2_bias,0.0075174947824988205,-0.013667145727102634,0.026578259615250545,False,,
4,mask_at_near,continuous48/abs_m_bias,0.007810239438657406,-0.017806102611400497,0.031837067780671274,False,,
4,mask_at_near,continuous48/energy_bias,0.00011658724881802307,-0.002508184194001228,0.0027150111277335592,False,,
4,mask_at_near,held_s10_w48/G_10_30_NRMSE,-0.04661260282737091,-0.07995487646459777,-0.012984227416648356,False,,
4,mask_at_near,held_s10_w48/G_40_120_NRMSE,-0.07198475531985324,-0.1840643619865099,0.0607408724212656,False,,
4,mask_at_near,held_s10_w48/G_130_470_NRMSE,0.0005875172930666084,-0.1800700821200088,0.21052117943490714,False,,
4,mask_at_near,held_s10_w48/m_bias,-0.023536964699074073,-0.11757693820529512,0.06732816342954279,False,,
4,mask_at_near,held_s10_w48/m2_bias,0.05750607463067452,0.039564242039197756,0.07490609786147444,False,,
4,mask_at_near,held_s10_w48/abs_m_bias,0.0769449869791667,0.05134819878472224,0.10110846625434025,False,,
4,mask_at_near,held_s10_w48/energy_bias,-0.02141626957742319,-0.03326436216385935,-0.012032121518543168,False,,
4,full_bundle,matched_continuous48/natural/sequential_kl,-0.002015315971364415,-0.0046750272577943544,0.0003259277644535235,False,,
4,full_bundle,matched_continuous48/natural/parallel_kl,-0.0013761844980142643,-0.005618029848768451,0.002489422616915195,False,,
4,full_bundle,matched_continuous48/natural/oracle_parallel_kl,0.0,0.0,0.0,False,,
4,full_bundle,matched_continuous48/natural/marginal_kl,-0.0013761844980142565,-0.005618029848768445,0.0024894226169151997,False,,
4,full_bundle,matched_continuous48/natural/order_tv,-0.0009816573309911376,-0.012003050071418806,0.008673359557766876,False,,
4,full_bundle,matched_continuous48/natural/geometry_probability_mae,-0.018688363658593513,-0.02564204397108324,-0.011904286619105883,False,,
4,full_bundle,matched_continuous48/natural/response_rmse,-0.04166430650380039,-0.05353179290872445,-0.03086822371918681,False,,
4,full_bundle,matched_continuous96/natural/sequential_kl,-0.0992294511148378,-0.13035597444414077,-0.07613603168297549,False,,
4,full_bundle,matched_continuous96/natural/parallel_kl,-0.11151726215050888,-0.14138626039575775,-0.08791867348927342,False,,
4,full_bundle,matched_continuous96/natural/oracle_parallel_kl,0.0,0.0,0.0,False,,
4,full_bundle,matched_continuous96/natural/marginal_kl,-0.11151726215050889,-0.14138626039575772,-0.0879186734892734,False,,
4,full_bundle,matched_continuous96/natural/order_tv,-0.019739718023688593,-0.026305522374050913,-0.011167022945952785,False,,
4,full_bundle,matched_continuous96/natural/geometry_probability_mae,-0.06543480380070082,-0.08944754965643793,-0.045857728028149164,False,,
4,full_bundle,matched_continuous96/natural/response_rmse,-0.17205721797937404,-0.23759997820730583,-0.1187285024983401,False,,
4,full_bundle,matched_continuous128/natural/sequential_kl,-0.1712325090338784,-0.19085499533691871,-0.1560711284516784,False,,
4,full_bundle,matched_continuous128/natural/parallel_kl,-0.16695207133359424,-0.184227834975245,-0.15310094414796907,False,,
4,full_bundle,matched_continuous128/natural/oracle_parallel_kl,0.0,0.0,0.0,False,,
4,full_bundle,matched_continuous128/natural/marginal_kl,-0.16695207133359427,-0.18422783497524503,-0.15310094414796907,False,,
4,full_bundle,matched_continuous128/natural/order_tv,0.014034769123594843,0.009347878272335826,0.018869689988493338,False,,
4,full_bundle,matched_continuous128/natural/geometry_probability_mae,-0.11364333277510448,-0.1263132849989517,-0.10197450004065899,False,,
4,full_bundle,matched_continuous128/natural/response_rmse,-0.30728083774513837,-0.3460817681241043,-0.2694795009416042,False,,
4,full_bundle,unequal_distance_w48/natural/sequential_kl,-0.00325190474807691,-0.006556233998415247,-0.0009194304370378176,False,,
4,full_bundle,unequal_distance_w48/natural/parallel_kl,-0.0023229630212206615,-0.007940797347099411,0.0021836988432864944,False,,
4,full_bundle,unequal_distance_w48/natural/oracle_parallel_kl,0.0,0.0,0.0,False,,
4,full_bundle,unequal_distance_w48/natural/marginal_kl,-0.002322963021220658,-0.007940797347099408,0.002183698843286505,False,,
4,full_bundle,unequal_distance_w48/natural/order_tv,0.004112439240190165,-0.001966455977160626,0.010769760428741827,False,,
4,full_bundle,unequal_distance_w48/natural/geometry_probability_mae,-0.014277915037007493,-0.023472372517060608,-0.0033190329516374997,False,,
4,full_bundle,unequal_distance_w48/natural/response_rmse,-0.029981507667734754,-0.05168453389228213,-0.009912068896763902,False,,
4,full_bundle,matched_continuous48/common/sequential_kl,-0.0015794777389056976,-0.004129848242470217,0.0007483042173986822,False,,
4,full_bundle,matched_continuous48/common/parallel_kl,-0.0005045080330968212,-0.004562384543191097,0.0032000764536240923,False,,
4,full_bundle,matched_continuous48/common/oracle_parallel_kl,0.0,0.0,0.0,False,,
4,full_bundle,matched_continuous48/common/marginal_kl,-0.0005045080330968168,-0.004562384543191097,0.0032000764536240997,False,,
4,full_bundle,matched_continuous48/common/order_tv,0.001991694343121818,-0.0071783509614872405,0.010422922893768245,False,,
4,full_bundle,matched_continuous48/common/geometry_probability_mae,-0.018688363658593513,-0.02564204397108324,-0.011904286619105883,False,,
4,full_bundle,matched_continuous48/common/response_rmse,-0.04166430650380039,-0.05353179290872445,-0.03086822371918681,False,,
4,full_bundle,matched_continuous96/common/sequential_kl,-0.09114558628529042,-0.12048565923538393,-0.06841038988056526,False,,
4,full_bundle,matched_continuous96/common/parallel_kl,-0.10364883198685365,-0.13274916556845778,-0.07854981120956045,False,,
4,full_bundle,matched_continuous96/common/oracle_parallel_kl,0.0,0.0,0.0,False,,
4,full_bundle,matched_continuous96/common/marginal_kl,-0.10364883198685361,-0.13274916556845784,-0.07854981120956046,False,,
4,full_bundle,matched_continuous96/common/order_tv,-0.020179876442229707,-0.026221235600596565,-0.013942106177822166,False,,
4,full_bundle,matched_continuous96/common/geometry_probability_mae,-0.059365329286996296,-0.08283177179807531,-0.04023876254325533,False,,
4,full_bundle,matched_continuous96/common/response_rmse,-0.1555170495250648,-0.22202404894825714,-0.10169778513738557,False,,
4,full_bundle,matched_continuous128/common/sequential_kl,-0.16280591553086757,-0.18341221936235452,-0.14656836403035872,False,,
4,full_bundle,matched_continuous128/common/parallel_kl,-0.15989797393003513,-0.17774649703897566,-0.1465115373823964,False,,
4,full_bundle,matched_continuous128/common/oracle_parallel_kl,0.0,0.0,0.0,False,,
4,full_bundle,matched_continuous128/common/marginal_kl,-0.15989797393003513,-0.17774649703897566,-0.1465115373823964,False,,
4,full_bundle,matched_continuous128/common/order_tv,0.012691884025400437,0.0074760897516182034,0.017907678299182668,False,,
4,full_bundle,matched_continuous128/common/geometry_probability_mae,-0.10786664606517243,-0.12126212122414616,-0.09609127684118723,False,,
4,full_bundle,matched_continuous128/common/response_rmse,-0.2924011593387208,-0.33306950353088194,-0.25437650886817803,False,,
4,full_bundle,unequal_distance_w48/common/sequential_kl,-0.0027506628584570234,-0.005988508521212176,-0.0005297469138299964,False,,
4,full_bundle,unequal_distance_w48/common/parallel_kl,-0.001320479241980907,-0.007001483401086574,0.002999462096664906,False,,
4,full_bundle,unequal_distance_w48/common/oracle_parallel_kl,0.0,0.0,0.0,False,,
4,full_bundle,unequal_distance_w48/common/marginal_kl,-0.0013204792419808879,-0.00700148340108656,0.0029994620966649374,False,,
4,full_bundle,unequal_distance_w48/common/order_tv,0.006219076893701235,0.0009458615115728829,0.012178392325868941,False,,
4,full_bundle,unequal_distance_w48/common/geometry_probability_mae,-0.014277915037007493,-0.023472372517060608,-0.0033190329516374997,False,,
4,full_bundle,unequal_distance_w48/common/response_rmse,-0.029981507667734754,-0.05168453389228213,-0.009912068896763902,False,,
4,full_bundle,w128_k8/CE,-0.08369489771893163,-0.10984240270555112,-0.06117876954162185,False,,
4,full_bundle,w128_k32/CE,-0.009601058166855025,-0.017229683450412994,-0.003811600094720731,False,,
4,full_bundle,w128_t05/CE,0.0002092613966551693,-0.00012741043527705886,0.0005446638350965524,False,,
4,full_bundle,w128_t095/CE,0.0007255984640076596,0.00015817960077133125,0.0013672313913706477,False,,
4,full_bundle,w48_t05/CE,4.276068052461168e-05,-0.00016213989336361784,0.00022408971252437792,False,,
4,full_bundle,w48_t095/CE,-3.0326364670263395e-05,-0.00035418471509809647,0.0003166250102705562,False,,
4,full_bundle,continuous128/G_1_8_NRMSE,-0.01507788691731523,-0.031185541730297313,0.005527661349018899,False,,
4,full_bundle,continuous128/G_9_48_NRMSE,-0.07116916642794609,-0.16844778655452017,0.03576156036946205,False,,
4,full_bundle,continuous128/G_49_64_NRMSE,-0.19582898994993886,-0.32577544834699446,-0.03617377064076317,False,,
4,full_bundle,continuous128/m_bias,0.01503817240397134,-0.11657614707946777,0.11544286410013835,False,,
4,full_bundle,continuous128/m2_bias,0.09916552841766842,0.07668509705108592,0.12243791335818563,False,,
4,full_bundle,continuous128/abs_m_bias,0.11802609761555989,0.09124840100606284,0.1433141920301649,False,,
4,full_bundle,continuous128/energy_bias,-0.0032635385908793,-0.005657555821269428,-0.0008421302988982319,False,,
4,full_bundle,continuous48/G_1_8_NRMSE,-0.0018726057307464627,-0.01619195437919034,0.008470349233212797,False,,
4,full_bundle,continuous48/G_9_24_NRMSE,-0.007437920242361701,-0.04700749553445795,0.033553436492202035,False,,
4,full_bundle,continuous48/G_1_24_NRMSE,-0.005594965557741104,-0.03413120807786198,0.022614373718019633,False,,
4,full_bundle,continuous48/m_bias,0.021520543981481503,-0.00924818250868056,0.05907604076244209,False,,
4,full_bundle,continuous48/m2_bias,0.007798544173378006,-0.011435918209484058,0.023347444396941266,False,,
4,full_bundle,continuous48/abs_m_bias,0.008757414641203692,-0.013806265371817103,0.030125314218026618,False,,
4,full_bundle,continuous48/energy_bias,-0.0005113678339243397,-0.0025844853538711555,0.001551995604314418,False,,
4,full_bundle,held_s10_w48/G_10_30_NRMSE,-0.03737701573498618,-0.06979215278726056,-0.002829289088035586,False,,
4,full_bundle,held_s10_w48/G_40_120_NRMSE,-0.05566731026080238,-0.16134385632201598,0.07559145421627046,False,,
4,full_bundle,held_s10_w48/G_130_470_NRMSE,0.007748784369288275,-0.1429639522956027,0.1906972633518827,False,,
4,full_bundle,held_s10_w48/m_bias,-0.013710304542824077,-0.109807049786603,0.06473224781177664,False,,
4,full_bundle,held_s10_w48/m2_bias,0.05014750986923408,0.03695720041730276,0.06637449347923811,False,,
4,full_bundle,held_s10_w48/abs_m_bias,0.06586145471643522,0.04860986780237267,0.08665302417896409,False,,
4,full_bundle,held_s10_w48/energy_bias,-0.018335364952718695,-0.028487228501773067,-0.010433086999482838,False,,
4,interaction,matched_continuous48/natural/sequential_kl,0.0006754412903409441,-0.0003131240656039579,0.001784822516056426,False,,
4,interaction,matched_continuous48/natural/parallel_kl,0.002760541581524792,0.0014490430820143718,0.004216592089022907,False,,
4,interaction,matched_continuous48/natural/oracle_parallel_kl,0.0,0.0,0.0,False,,
4,interaction,matched_continuous48/natural/marginal_kl,0.0027605415815247867,0.0014490430820143579,0.004216592089022907,False,,
4,interaction,matched_continuous48/natural/order_tv,0.005620420805911214,0.003220202946443873,0.007537313894695965,False,,
4,interaction,matched_continuous48/natural/geometry_probability_mae,-0.015709097638285516,-0.024265778508055176,-0.007903723651916786,False,,
4,interaction,matched_continuous48/natural/response_rmse,-0.030002631155159762,-0.053134191149125445,-0.012192217984404738,False,,
4,interaction,matched_continuous96/natural/sequential_kl,0.030296081492697788,0.01758351073708229,0.04303753329537774,False,,
4,interaction,matched_continuous96/natural/parallel_kl,0.032432065867294815,0.019150509850362207,0.044153780995892254,False,,
4,interaction,matched_continuous96/natural/oracle_parallel_kl,0.0,0.0,0.0,False,,
4,interaction,matched_continuous96/natural/marginal_kl,0.03243206586729483,0.019150509850362273,0.044153780995892226,False,,
4,interaction,matched_continuous96/natural/order_tv,-0.010114685667461425,-0.015967445709906325,-0.004933063444089388,False,,
4,interaction,matched_continuous96/natural/geometry_probability_mae,0.017605785520067058,-0.0013391233318134,0.03501275521518509,False,,
4,interaction,matched_continuous96/natural/response_rmse,0.07181042329664111,0.03462714882276733,0.1045125749660898,False,,
4,interaction,matched_continuous128/natural/sequential_kl,0.02395946260160839,0.0033861352881379312,0.04540659503176958,False,,
4,interaction,matched_continuous128/natural/parallel_kl,0.01877832089923656,-0.002417596297811236,0.04114270339160978,False,,
4,interaction,matched_continuous128/natural/oracle_parallel_kl,0.0,0.0,0.0,False,,
4,interaction,matched_continuous128/natural/marginal_kl,0.01877832089923659,-0.002417596297811155,0.0411427033916098,False,,
4,interaction,matched_continuous128/natural/order_tv,-0.0041904912335011864,-0.009709364992857182,-0.00027505104509303776,False,,
4,interaction,matched_continuous128/natural/geometry_probability_mae,-0.0016171236205296535,-0.024670358234840824,0.02634340946676385,False,,
4,interaction,matched_continuous128/natural/response_rmse,-0.009917241103615165,-0.06572176140589069,0.06311617931553729,False,,
4,interaction,unequal_distance_w48/natural/sequential_kl,0.0007214999544767858,-0.0012856755951478661,0.0029908091111492683,False,,
4,interaction,unequal_distance_w48/natural/parallel_kl,0.0023633968245933834,-0.0006660810613569639,0.005815025606996303,False,,
4,interaction,unequal_distance_w48/natural/oracle_parallel_kl,0.0,0.0,0.0,False,,
4,interaction,unequal_distance_w48/natural/marginal_kl,0.0023633968245934086,-0.000666081061356932,0.00581502560699631,False,,
4,interaction,unequal_distance_w48/natural/order_tv,0.003662974887387923,0.0004850143115455406,0.008414295161751063,False,,
4,interaction,unequal_distance_w48/natural/geometry_probability_mae,-0.010149846139401925,-0.01452748784501771,-0.005301308141203679,False,,
4,interaction,unequal_distance_w48/natural/response_rmse,-0.03030081435392619,-0.04329921051819788,-0.019200064074570034,False,,
4,interaction,matched_continuous48/common/sequential_kl,0.0005714484553655981,-0.0003388522187398921,0.001596958661802033,False,,
4,interaction,matched_continuous48/common/parallel_kl,0.002552555911574078,0.0013913958445982088,0.00387160418020402,False,,
4,interaction,matched_continuous48/common/oracle_parallel_kl,0.0,0.0,0.0,False,,
4,interaction,matched_continuous48/common/marginal_kl,0.002552555911574088,0.0013913958445982155,0.003871604180204022,False,,
4,interaction,matched_continuous48/common/order_tv,0.005224731530839143,0.002962333025514233,0.006974830247922625,False,,
4,interaction,matched_continuous48/common/geometry_probability_mae,-0.015709097638285516,-0.024265778508055176,-0.007903723651916786,False,,
4,interaction,matched_continuous48/common/response_rmse,-0.030002631155159762,-0.053134191149125445,-0.012192217984404738,False,,
4,interaction,matched_continuous96/common/sequential_kl,0.02770532013276772,0.016370291777068786,0.03995438850105236,False,,
4,interaction,matched_continuous96/common/parallel_kl,0.02976721493625399,0.01817325040303302,0.04192482256233026,False,,
4,interaction,matched_continuous96/common/oracle_parallel_kl,0.0,0.0,0.0,False,,
4,interaction,matched_continuous96/common/marginal_kl,0.02976721493625395,0.01817325040303305,0.041924822562330294,False,,
4,interaction,matched_continuous96/common/order_tv,-0.010722491201553861,-0.014780388736043214,-0.006839413584080963,False,,
4,interaction,matched_continuous96/common/geometry_probability_mae,0.014030904978231687,-0.00930808503502666,0.034257471306617986,False,,
4,interaction,matched_continuous96/common/response_rmse,0.0626288025042919,0.014059743793377797,0.1028206352114749,False,,
4,interaction,matched_continuous128/common/sequential_kl,0.02385508386260382,0.00701793132812289,0.043040149445343456,False,,
4,interaction,matched_continuous128/common/parallel_kl,0.01971553804746036,0.001529933641776694,0.039708929731504077,False,,
4,interaction,matched_continuous128/common/oracle_parallel_kl,0.0,0.0,0.0,False,,
4,interaction,matched_continuous128/common/marginal_kl,0.019715538047460346,0.001529933641776663,0.03970892973150402,False,,
4,interaction,matched_continuous128/common/order_tv,-0.0032218567051926824,-0.010500015085975483,0.003456147918832361,False,,
4,interaction,matched_continuous128/common/geometry_probability_mae,0.0018107212904549946,-0.020426763043609433,0.028025829421848808,False,,
4,interaction,matched_continuous128/common/response_rmse,-0.0006564979665933668,-0.0496892464596255,0.06491879848366479,False,,
4,interaction,unequal_distance_w48/common/sequential_kl,0.000569757000351322,-0.0013207027583737095,0.002610571506001377,False,,
4,interaction,unequal_distance_w48/common/parallel_kl,0.0020599109163425,-0.000735625363433378,0.005088208170502802,False,,
4,interaction,unequal_distance_w48/common/oracle_parallel_kl,0.0,0.0,0.0,False,,
4,interaction,unequal_distance_w48/common/marginal_kl,0.0020599109163424766,-0.0007356253634333785,0.005088208170502802,False,,
4,interaction,unequal_distance_w48/common/order_tv,0.0029499981200150453,5.435653378570428e-05,0.006825899009547099,False,,
4,interaction,unequal_distance_w48/common/geometry_probability_mae,-0.010149846139401925,-0.01452748784501771,-0.005301308141203679,False,,
4,interaction,unequal_distance_w48/common/response_rmse,-0.03030081435392619,-0.04329921051819788,-0.019200064074570034,False,,
4,interaction,w128_k8/CE,0.019692381284342197,0.008714506990094871,0.03059549613428888,False,,
4,interaction,w128_k32/CE,0.003531388873911634,-0.0010009487308483805,0.008843974832177061,False,,
4,interaction,w128_t05/CE,0.000285021403516994,-0.00016807679998679937,0.0008035241340993064,False,,
4,interaction,w128_t095/CE,9.159491036969669e-05,-0.000313213272748504,0.0005091314015290488,False,,
4,interaction,w48_t05/CE,-1.8933230051532135e-06,-0.0002036398420506097,0.00019219110552065458,False,,
4,interaction,w48_t095/CE,1.2429985131012788e-05,-0.0003398573521180601,0.0003448777091565366,False,,
4,interaction,continuous128/G_1_8_NRMSE,0.00912877164249288,0.0016428105644518524,0.01756676865777171,False,,
4,interaction,continuous128/G_9_48_NRMSE,0.019931686794609604,-0.02387322071605006,0.06648770767674471,False,,
4,interaction,continuous128/G_49_64_NRMSE,0.03821595308127479,-0.04428999279021359,0.11990296693579254,False,,
4,interaction,continuous128/m_bias,-0.0034213595920138786,-0.0459260834587945,0.03811338212754991,False,,
4,interaction,continuous128/m2_bias,-0.017396491434839012,-0.03653984799942311,0.0033209755208291423,False,,
4,interaction,continuous128/abs_m_bias,-0.017150878906250014,-0.038913387722439255,0.0057266182369655775,False,,
4,interaction,continuous128/energy_bias,0.003805859716754234,0.0018372356318008126,0.006318842102745125,False,,
4,interaction,continuous48/G_1_8_NRMSE,0.0014721801837070322,-0.009526281829703165,0.01306804406126909,False,,
4,interaction,continuous48/G_9_24_NRMSE,-0.0013120508538040365,-0.03183314349124158,0.026345136330045378,False,,
4,interaction,continuous48/G_1_24_NRMSE,-0.00022591422508336928,-0.021879424799022783,0.021112033453601433,False,,
4,interaction,continuous48/m_bias,-0.003707320601851874,-0.039489407009548616,0.024443562825520803,False,,
4,interaction,continuous48/m2_bias,-0.0004956319989490865,-0.012550500096607619,0.016901770884117515,False,,
4,interaction,continuous48/abs_m_bias,-0.0006872106481481469,-0.015296709979021949,0.019681294759114527,False,,
4,interaction,continuous48/energy_bias,0.0009003767730497341,-0.0018056017287234008,0.0031207578402038614,False,,
4,interaction,held_s10_w48/G_10_30_NRMSE,-0.010810045498431467,-0.027394786617575072,0.0050285615448199955,False,,
4,interaction,held_s10_w48/G_40_120_NRMSE,-0.01522557319958201,-0.05425451211045679,0.02245767553282137,False,,
4,interaction,held_s10_w48/G_130_470_NRMSE,-0.009082736966609967,-0.04637932279248335,0.02218133599119888,False,,
4,interaction,held_s10_w48/m_bias,-0.01106996889467591,-0.09497884114583333,0.04134911431206599,False,,
4,interaction,held_s10_w48/m2_bias,0.0011260205335577814,-0.008222791000648788,0.009960495738826153,False,,
4,interaction,held_s10_w48/abs_m_bias,0.002185962818287054,-0.0130820945457176,0.01694053367332169,False,,
4,interaction,held_s10_w48/energy_bias,-0.002597240691489375,-0.006471746638593384,0.0018483119089834157,False,,
16,mask_at_uniform,matched_continuous48/natural/sequential_kl,-0.0015879712747573784,-0.0033114523810368083,0.0001160647913001398,False,,
16,mask_at_uniform,matched_continuous48/natural/parallel_kl,-0.0018521604377184017,-0.0047978185253614095,0.0010008965710231648,False,,
16,mask_at_uniform,matched_continuous48/natural/oracle_parallel_kl,0.0,0.0,0.0,False,,
16,mask_at_uniform,matched_continuous48/natural/marginal_kl,-0.0018521604377183935,-0.004797818525361406,0.0010008965710231615,False,,
16,mask_at_uniform,matched_continuous48/natural/order_tv,-0.0013189660090779758,-0.010529151924031012,0.007849730432005004,False,,
16,mask_at_uniform,matched_continuous48/natural/geometry_probability_mae,-0.00644489928991086,-0.012701774489524482,-0.0008383640354591898,False,,
16,mask_at_uniform,matched_continuous48/natural/response_rmse,-0.012028313861390125,-0.021036977965931195,-0.0032607625978776033,False,,
16,mask_at_uniform,matched_continuous96/natural/sequential_kl,-0.09746469764162986,-0.12920068965002854,-0.07476754841587321,False,,
16,mask_at_uniform,matched_continuous96/natural/parallel_kl,-0.11004837506067061,-0.1392590481949752,-0.08742900404377411,False,,
16,mask_at_uniform,matched_continuous96/natural/oracle_parallel_kl,0.0,0.0,0.0,False,,
16,mask_at_uniform,matched_continuous96/natural/marginal_kl,-0.11004837506067063,-0.13925904819497523,-0.0874290040437741,False,,
16,mask_at_uniform,matched_continuous96/natural/order_tv,-0.013949599025043741,-0.02060291691363939,-0.004002148570676052,False,,
16,mask_at_uniform,matched_continuous96/natural/geometry_probability_mae,-0.05321321612918545,-0.08122024007844247,-0.030641929910552056,False,,
16,mask_at_uniform,matched_continuous96/natural/response_rmse,-0.15280155070656926,-0.24182022702939532,-0.08375467270422415,False,,
16,mask_at_uniform,matched_continuous128/natural/sequential_kl,-0.15630082350243835,-0.17835260812440176,-0.13765267589757885,True,-0.18402331447424625,-0.1349366220370423
16,mask_at_uniform,matched_continuous128/natural/parallel_kl,-0.14877765503635867,-0.16821150898859377,-0.13138703489204526,False,,
16,mask_at_uniform,matched_continuous128/natural/oracle_parallel_kl,0.0,0.0,0.0,False,,
16,mask_at_uniform,matched_continuous128/natural/marginal_kl,-0.1487776550363587,-0.16821150898859377,-0.13138703489204528,False,,
16,mask_at_uniform,matched_continuous128/natural/order_tv,0.01419296819131949,0.00769465584353432,0.020248982276782953,False,,
16,mask_at_uniform,matched_continuous128/natural/geometry_probability_mae,-0.07731495065276109,-0.09687368442446484,-0.05898637069535821,False,,
16,mask_at_uniform,matched_continuous128/natural/response_rmse,-0.205173187196557,-0.2507833923870561,-0.16090466529120637,False,,
16,mask_at_uniform,unequal_distance_w48/natural/sequential_kl,-0.002777876471111728,-0.005817078678690337,-0.00018036916800920276,False,,
16,mask_at_uniform,unequal_distance_w48/natural/parallel_kl,-0.0029192206696170425,-0.008256841591593738,0.0015572104005211762,False,,
16,mask_at_uniform,unequal_distance_w48/natural/oracle_parallel_kl,0.0,0.0,0.0,False,,
16,mask_at_uniform,unequal_distance_w48/natural/marginal_kl,-0.0029192206696170616,-0.008256841591593757,0.0015572104005211627,False,,
16,mask_at_uniform,unequal_distance_w48/natural/order_tv,0.003738703734939574,-0.0016856072380757384,0.00905419351834215,False,,
16,mask_at_uniform,unequal_distance_w48/natural/geometry_probability_mae,-0.005769767310068941,-0.012989736051585453,0.0029301800791250803,False,,
16,mask_at_uniform,unequal_distance_w48/natural/response_rmse,-0.004167060402069579,-0.017347664143052104,0.008368252198929635,False,,
16,mask_at_uniform,matched_continuous48/common/sequential_kl,-0.0011839493000500448,-0.0027942553784146445,0.0004928994125489791,False,,
16,mask_at_uniform,matched_continuous48/common/parallel_kl,-0.001044116488303718,-0.0038467563505067436,0.0016354198510227034,False,,
16,mask_at_uniform,matched_continuous48/common/oracle_parallel_kl,0.0,0.0,0.0,False,,
16,mask_at_uniform,matched_continuous48/common/marginal_kl,-0.0010441164883037207,-0.0038467563505067393,0.0016354198510227,False,,
16,mask_at_uniform,matched_continuous48/common/order_tv,0.0014608653376789182,-0.006260736591044244,0.00975249950239242,False,,
16,mask_at_uniform,matched_continuous48/common/geometry_probability_mae,-0.00644489928991086,-0.012701774489524482,-0.0008383640354591898,False,,
16,mask_at_uniform,matched_continuous48/common/response_rmse,-0.012028313861390125,-0.021036977965931195,-0.0032607625978776033,False,,
16,mask_at_uniform,matched_continuous96/common/sequential_kl,-0.08936389199303713,-0.1186293293463966,-0.06692419764215797,False,,
16,mask_at_uniform,matched_continuous96/common/parallel_kl,-0.10213813227343266,-0.13082477491595815,-0.07873289441716835,False,,
16,mask_at_uniform,matched_continuous96/common/oracle_parallel_kl,0.0,0.0,0.0,False,,
16,mask_at_uniform,matched_continuous96/common/marginal_kl,-0.10213813227343262,-0.1308247749159582,-0.07873289441716835,False,,
16,mask_at_uniform,matched_continuous96/common/order_tv,-0.014255971531081935,-0.019981056249862576,-0.006149776890065515,False,,
16,mask_at_uniform,matched_continuous96/common/geometry_probability_mae,-0.04699186958369994,-0.07603941610590331,-0.022716547259290582,False,,
16,mask_at_uniform,matched_continuous96/common/response_rmse,-0.13493844389801077,-0.22467998765675148,-0.06082862913278806,False,,
16,mask_at_uniform,matched_continuous128/common/sequential_kl,-0.14924476120806343,-0.17200777886367472,-0.131093945583175,False,,
16,mask_at_uniform,matched_continuous128/common/parallel_kl,-0.14341446870781258,-0.1638508100116504,-0.12709108242099015,False,,
16,mask_at_uniform,matched_continuous128/common/oracle_parallel_kl,0.0,0.0,0.0,False,,
16,mask_at_uniform,matched_continuous128/common/marginal_kl,-0.14341446870781258,-0.16385081001165044,-0.12709108242099018,False,,
16,mask_at_uniform,matched_continuous128/common/order_tv,0.012875853777731703,0.005355180347369495,0.019357728133697887,False,,
16,mask_at_uniform,matched_continuous128/common/geometry_probability_mae,-0.07457578947690036,-0.09593185436918505,-0.05588022335163746,False,,
16,mask_at_uniform,matched_continuous128/common/response_rmse,-0.19867758993689663,-0.24997342607019313,-0.1537892301434447,False,,
16,mask_at_uniform,unequal_distance_w48/common/sequential_kl,-0.002277998107424896,-0.005281722805605146,0.00014755544082030984,False,,
16,mask_at_uniform,unequal_distance_w48/common/parallel_kl,-0.0019194639422434184,-0.007079941761229594,0.0021952113451971654,False,,
16,mask_at_uniform,unequal_distance_w48/common/oracle_parallel_kl,0.0,0.0,0.0,False,,
16,mask_at_uniform,unequal_distance_w48/common/marginal_kl,-0.001919463942243395,-0.007079941761229611,0.002195211345197156,False,,
16,mask_at_uniform,unequal_distance_w48/common/order_tv,0.005875391019314093,0.0015670108435429755,0.010586970334540268,False,,
16,mask_at_uniform,unequal_distance_w48/common/geometry_probability_mae,-0.005769767310068941,-0.012989736051585453,0.0029301800791250803,False,,
16,mask_at_uniform,unequal_distance_w48/common/response_rmse,-0.004167060402069579,-0.017347664143052104,0.008368252198929635,False,,
16,mask_at_uniform,w128_k8/CE,-0.07803889390834795,-0.10016545541887777,-0.05425291258274724,False,,
16,mask_at_uniform,w128_k32/CE,-0.007042113702599662,-0.014551535901434886,-0.0006697814100206545,False,,
16,mask_at_uniform,w128_t05/CE,9.695047532271017e-05,-0.00025291030633528555,0.0004203624385503077,False,,
16,mask_at_uniform,w128_t095/CE,0.0007480772046850048,0.00017869636919352062,0.0012879389379923847,False,,
16,mask_at_uniform,w48_t05/CE,1.1439512981936684e-05,-0.00016387083804330764,0.00018338034695746796,False,,
16,mask_at_uniform,w48_t095/CE,-2.7580433373475266e-05,-0.00032829870723735666,0.00026756585369764187,False,,
16,mask_at_uniform,continuous128/G_1_8_NRMSE,-0.01599788502132104,-0.03481265320043272,0.004653441157575187,False,,
16,mask_at_uniform,continuous128/G_9_48_NRMSE,-0.0669348989809125,-0.1710930264495709,0.04719028936131071,False,,
16,mask_at_uniform,continuous128/G_49_64_NRMSE,-0.19662551178285925,-0.3354952856972794,-0.025362495599219107,True,-0.36277279383783206,0.015994992949081226
16,mask_at_uniform,continuous128/m_bias,-0.003223419189453138,-0.1427441067165799,0.10159284273783367,False,,
16,mask_at_uniform,continuous128/m2_bias,0.10701189448850022,0.07752710262817951,0.13266718285287626,False,,
16,mask_at_uniform,continuous128/abs_m_bias,0.12386830647786459,0.08989180988735623,0.1543325424194336,False,,
16,mask_at_uniform,continuous128/energy_bias,-0.004468435586176822,-0.007135642544803983,-0.0010582657728087543,False,,
16,mask_at_uniform,continuous48/G_1_8_NRMSE,-0.004811047145456285,-0.017195215874997886,0.007990154525555532,False,,
16,mask_at_uniform,continuous48/G_9_24_NRMSE,-0.011188041951940272,-0.055746740606184744,0.03666506216399131,False,,
16,mask_at_uniform,continuous48/G_1_24_NRMSE,-0.008889110082294344,-0.04125428405307894,0.02623817043055501,False,,
16,mask_at_uniform,continuous48/m_bias,0.028453685619212986,-0.0009068241825810212,0.06899866174768518,False,,
16,mask_at_uniform,continuous48/m2_bias,0.008013126781447907,-0.010341981065616691,0.026618280283217544,False,,
16,mask_at_uniform,continuous48/abs_m_bias,0.008497450086805552,-0.011522250705295087,0.030406584563078678,False,,
16,mask_at_uniform,continuous48/energy_bias,-0.000783789524231711,-0.0027173775025856445,0.0013782979185135971,False,,
16,mask_at_uniform,held_s10_w48/G_10_30_NRMSE,-0.035802557328939444,-0.06638092236783764,0.0009523891497654265,False,,
16,mask_at_uniform,held_s10_w48/G_40_120_NRMSE,-0.05675918212027123,-0.1709220387027453,0.0770975505868471,False,,
16,mask_at_uniform,held_s10_w48/G_130_470_NRMSE,0.009670254259676575,-0.1666230751875719,0.20339625190454866,False,,
16,mask_at_uniform,held_s10_w48/m_bias,-0.012466995804398164,-0.10566033257378472,0.0647611829969618,False,,
16,mask_at_uniform,held_s10_w48/m2_bias,0.05638005409711674,0.04314271378419039,0.07241196622573791,False,,
16,mask_at_uniform,held_s10_w48/abs_m_bias,0.07475902416087965,0.05776101571542244,0.09362883391203705,False,,
16,mask_at_uniform,held_s10_w48/energy_bias,-0.018819028885933814,-0.03166509677895984,-0.009827641336066792,False,,
16,query_at_sparse,matched_continuous48/natural/sequential_kl,-0.00042734469660703645,-0.0013132677031015966,0.0003502264632257282,False,,
16,query_at_sparse,matched_continuous48/natural/parallel_kl,0.00047597593970413743,-0.0011793026668042003,0.0018493687773474875,False,,
16,query_at_sparse,matched_continuous48/natural/oracle_parallel_kl,0.0,0.0,0.0,False,,
16,query_at_sparse,matched_continuous48/natural/marginal_kl,0.000475975939704137,-0.0011793026668042016,0.001849368777347491,False,,
16,query_at_sparse,matched_continuous48/natural/order_tv,0.0003373086780868381,-0.001599680328131008,0.00219335065029147,False,,
16,query_at_sparse,matched_continuous48/natural/geometry_probability_mae,-0.012243464368682651,-0.017917773489859287,-0.007507193295490624,False,,
16,query_at_sparse,matched_continuous48/natural/response_rmse,-0.02963599264241026,-0.0444985129795796,-0.015470312743318197,False,,
16,query_at_sparse,matched_continuous96/natural/sequential_kl,-0.001764753473207935,-0.002714062289356765,-0.0009753055971070296,False,,
16,query_at_sparse,matched_continuous96/natural/parallel_kl,-0.0014688870898382639,-0.0032194672534117423,3.910553097295592e-05,False,,
16,query_at_sparse,matched_continuous96/natural/oracle_parallel_kl,0.0,0.0,0.0,False,,
16,query_at_sparse,matched_continuous96/natural/marginal_kl,-0.0014688870898382643,-0.0032194672534117414,3.9105530972952664e-05,False,,
16,query_at_sparse,matched_continuous96/natural/order_tv,-0.005790118998644851,-0.008222484977604937,-0.0033527863634444472,False,,
16,query_at_sparse,matched_continuous96/natural/geometry_probability_mae,-0.012221587671515374,-0.02216005500365529,-0.002745009879060335,False,,
16,query_at_sparse,matched_continuous96/natural/response_rmse,-0.019255667272804783,-0.05232278511216459,0.013955493154632547,False,,
16,query_at_sparse,matched_continuous128/natural/sequential_kl,-0.014931685531440052,-0.022430743932179434,-0.007734881206257136,True,-0.023921405213971174,-0.005397894353199646
16,query_at_sparse,matched_continuous128/natural/parallel_kl,-0.018174416297235547,-0.026768486434335194,-0.009436658034599579,False,,
16,query_at_sparse,matched_continuous128/natural/oracle_parallel_kl,0.0,0.0,0.0,False,,
16,query_at_sparse,matched_continuous128/natural/marginal_kl,-0.018174416297235554,-0.026768486434335208,-0.00943665803459959,False,,
16,query_at_sparse,matched_continuous128/natural/order_tv,-0.00015819906772464656,-0.003140790973822312,0.002184702735834456,False,,
16,query_at_sparse,matched_continuous128/natural/geometry_probability_mae,-0.036328382122343406,-0.05125424746600928,-0.021700813372681496,False,,
16,query_at_sparse,matched_continuous128/natural/response_rmse,-0.1021076505485814,-0.13267605112568812,-0.06487422466136969,False,,
16,query_at_sparse,unequal_distance_w48/natural/sequential_kl,-0.00047402827696518173,-0.0014661928138237548,0.0006114985393932067,False,,
16,query_at_sparse,unequal_distance_w48/natural/parallel_kl,0.0005962576483963811,-0.0013993937519358492,0.002320812905888222,False,,
16,query_at_sparse,unequal_distance_w48/natural/oracle_parallel_kl,0.0,0.0,0.0,False,,
16,query_at_sparse,unequal_distance_w48/natural/marginal_kl,0.0005962576483964036,-0.0013993937519358292,0.002320812905888217,False,,
16,query_at_sparse,unequal_distance_w48/natural/order_tv,0.0003737355052505914,-0.0014654495621862357,0.0022123599927169986,False,,
16,query_at_sparse,unequal_distance_w48/natural/geometry_probability_mae,-0.008508147726938552,-0.011402565112524085,-0.005858875639402399,False,,
16,query_at_sparse,unequal_distance_w48/natural/response_rmse,-0.025814447265665175,-0.038753425361914604,-0.016558877550055723,False,,
16,query_at_sparse,matched_continuous48/common/sequential_kl,-0.0003955284388556528,-0.001327179287820182,0.0004405522014670722,False,,
16,query_at_sparse,matched_continuous48/common/parallel_kl,0.0005396084552068969,-0.0012111413278404503,0.0020351769792513606,False,,
16,query_at_sparse,matched_continuous48/common/oracle_parallel_kl,0.0,0.0,0.0,False,,
16,query_at_sparse,matched_continuous48/common/marginal_kl,0.0005396084552069039,-0.001211141327840446,0.0020351769792513598,False,,
16,query_at_sparse,matched_continuous48/common/order_tv,0.0005308290054428996,-0.0011125151812773626,0.002082802272006398,False,,
16,query_at_sparse,matched_continuous48/common/geometry_probability_mae,-0.012243464368682651,-0.017917773489859287,-0.007507193295490624,False,,
16,query_at_sparse,matched_continuous48/common/response_rmse,-0.02963599264241026,-0.0444985129795796,-0.015470312743318197,False,,
16,query_at_sparse,matched_continuous96/common/sequential_kl,-0.0017816942922532879,-0.002691329560615333,-0.0010209541278771571,False,,
16,query_at_sparse,matched_continuous96/common/parallel_kl,-0.0015106997134209932,-0.00317952744029748,-1.9811512188974858e-05,False,,
16,query_at_sparse,matched_continuous96/common/oracle_parallel_kl,0.0,0.0,0.0,False,,
16,query_at_sparse,matched_continuous96/common/marginal_kl,-0.001510699713420995,-0.003179527440297479,-1.9811512188969786e-05,False,,
16,query_at_sparse,matched_continuous96/common/order_tv,-0.0059239049111477725,-0.008369105340682297,-0.003510718261640837,False,,
16,query_at_sparse,matched_continuous96/common/geometry_probability_mae,-0.012373459703296352,-0.022831803887014196,-0.002504859284261933,False,,
16,query_at_sparse,matched_continuous96/common/response_rmse,-0.020578605627054034,-0.05403252837436842,0.012673302293599161,False,,
16,query_at_sparse,matched_continuous128/common/sequential_kl,-0.013561154322804136,-0.020406942409227483,-0.007034355367327501,False,,
16,query_at_sparse,matched_continuous128/common/parallel_kl,-0.016483505222222545,-0.02434879041990367,-0.008428558160501596,False,,
16,query_at_sparse,matched_continuous128/common/oracle_parallel_kl,0.0,0.0,0.0,False,,
16,query_at_sparse,matched_continuous128/common/marginal_kl,-0.01648350522222255,-0.024348790419903676,-0.008428558160501599,False,,
16,query_at_sparse,matched_continuous128/common/order_tv,-0.00018396975233126583,-0.0032413186820988795,0.002401061407091648,False,,
16,query_at_sparse,matched_continuous128/common/geometry_probability_mae,-0.033290856588272064,-0.04855625768205565,-0.019613837405702352,False,,
16,query_at_sparse,matched_continuous128/common/response_rmse,-0.09372356940182416,-0.12414368407040713,-0.060515936212148,False,,
16,query_at_sparse,unequal_distance_w48/common/sequential_kl,-0.00047266475103212736,-0.0015151390622046923,0.0006919084568115905,False,,
16,query_at_sparse,unequal_distance_w48/common/parallel_kl,0.0005989847002625115,-0.0014833230707146559,0.002495682748922791,False,,
16,query_at_sparse,unequal_distance_w48/common/oracle_parallel_kl,0.0,0.0,0.0,False,,
16,query_at_sparse,unequal_distance_w48/common/marginal_kl,0.0005989847002625072,-0.0014833230707146335,0.0024956827489228174,False,,
16,query_at_sparse,unequal_distance_w48/common/order_tv,0.0003436858743871424,-0.0016615368378167944,0.002248056511347389,False,,
16,query_at_sparse,unequal_distance_w48/common/geometry_probability_mae,-0.008508147726938552,-0.011402565112524085,-0.005858875639402399,False,,
16,query_at_sparse,unequal_distance_w48/common/response_rmse,-0.025814447265665175,-0.038753425361914604,-0.016558877550055723,False,,
16,query_at_sparse,w128_k8/CE,-0.005656003810583676,-0.009067049420402677,-0.002484434965413779,False,,
16,query_at_sparse,w128_k32/CE,-0.002558944464255364,-0.005936005533110834,0.000240139205893329,False,,
16,query_at_sparse,w128_t05/CE,0.00011231092133245912,-8.464597432698838e-06,0.00023297682451381974,False,,
16,query_at_sparse,w128_t095/CE,-2.2478740677345233e-05,-0.0003784585283777411,0.0003788661657325137,False,,
16,query_at_sparse,w48_t05/CE,3.1321167542675e-05,-4.475011054004274e-05,0.00011368426011958004,False,,
16,query_at_sparse,w48_t095/CE,-2.745931296788129e-06,-0.0002787917052009911,0.00024979840050760453,False,,
16,query_at_sparse,continuous128/G_1_8_NRMSE,0.0009199981040058092,-0.0038137289755000546,0.00605978050290104,False,,
16,query_at_sparse,continuous128/G_9_48_NRMSE,-0.004234267447033591,-0.04759810637979673,0.03402100775451483,False,,
16,query_at_sparse,continuous128/G_49_64_NRMSE,0.000796521832920366,-0.06536470271216543,0.059564395216989106,True,-0.08561636700632774,0.07446767949110328
16,query_at_sparse,continuous128/m_bias,0.018261591593424477,-0.010651922225952149,0.04589391814337836,False,,
16,query_at_sparse,continuous128/m2_bias,-0.00784636607083181,-0.023044120280408423,0.007996910044069742,False,,
16,query_at_sparse,continuous128/abs_m_bias,-0.005842208862304705,-0.02213097678290476,0.011424234178331187,False,,
16,query_at_sparse,continuous128/energy_bias,0.001204896995297522,-0.0005669968439002165,0.003143190398929637,False,,
16,query_at_sparse,continuous48/G_1_8_NRMSE,0.002938441414709822,-0.00894184341958033,0.013509446868749773,False,,
16,query_at_sparse,continuous48/G_9_24_NRMSE,0.0037501217095785716,-0.021130114134104896,0.02948869390057857,False,,
16,query_at_sparse,continuous48/G_1_24_NRMSE,0.00329414452455324,-0.015613080597770708,0.023096449069040764,False,,
16,query_at_sparse,continuous48/m_bias,-0.0069331416377314825,-0.02779507107204863,0.01697935881438079,False,,
16,query_at_sparse,continuous48/m2_bias,-0.00021458260806990134,-0.01086789021276152,0.01061732160701673,False,,
16,query_at_sparse,continuous48/abs_m_bias,0.0002599645543981399,-0.010773722330729178,0.01049940321180559,False,,
16,query_at_sparse,continuous48/energy_bias,0.0002724216903073713,-0.0014292904107565123,0.0024359231863179463,False,,
16,query_at_sparse,held_s10_w48/G_10_30_NRMSE,-0.0015744584060467387,-0.011641527217901251,0.006340750661625682,False,,
16,query_at_sparse,held_s10_w48/G_40_120_NRMSE,0.0010918718594688515,-0.022062532060953936,0.017110499778172698,False,,
16,query_at_sparse,held_s10_w48/G_130_470_NRMSE,-0.0019214698903882999,-0.036302534326271785,0.027943119317973237,False,,
16,query_at_sparse,held_s10_w48/m_bias,-0.0012433087384259127,-0.032647365993923615,0.025417186595775465,False,,
16,query_at_sparse,held_s10_w48/m2_bias,-0.006232544227882655,-0.011882368429207512,-0.0007894237836202141,False,,
16,query_at_sparse,held_s10_w48/abs_m_bias,-0.008897569444444428,-0.01690430817780669,-0.002033827039930538,False,,
16,query_at_sparse,held_s10_w48/energy_bias,0.00048366393321512026,-0.0028560412972813334,0.003955164699689738,False,,
16,query_at_ordinary,matched_continuous48/natural/sequential_kl,-0.0011027859869479806,-0.0023316044553649065,0.0002289464412948356,False,,
16,query_at_ordinary,matched_continuous48/natural/parallel_kl,-0.0022845656418206545,-0.004167906942563768,-0.00037489687145426557,False,,
16,query_at_ordinary,matched_continuous48/natural/oracle_parallel_kl,0.0,0.0,0.0,False,,
16,query_at_ordinary,matched_continuous48/natural/marginal_kl,-0.0022845656418206497,-0.004167906942563769,-0.00037489687145426633,False,,
16,query_at_ordinary,matched_continuous48/natural/order_tv,-0.005283112127824376,-0.008440320769248276,-0.0024067653330444166,False,,
16,query_at_ordinary,matched_continuous48/natural/geometry_probability_mae,0.003465633269602867,-0.0029037466893383984,0.011606423083233092,False,,
16,query_at_ordinary,matched_continuous48/natural/response_rmse,0.0003666385127494981,-0.00988554145440782,0.010642554440921465,False,,
16,query_at_ordinary,matched_continuous96/natural/sequential_kl,-0.03206083496590573,-0.04493067419151563,-0.019302842666330342,False,,
16,query_at_ordinary,matched_continuous96/natural/parallel_kl,-0.03390095295713308,-0.04590090104209791,-0.020843876801210776,False,,
16,query_at_ordinary,matched_continuous96/natural/oracle_parallel_kl,0.0,0.0,0.0,False,,
16,query_at_ordinary,matched_continuous96/natural/marginal_kl,-0.03390095295713309,-0.045900901042097916,-0.02084387680121079,False,,
16,query_at_ordinary,matched_continuous96/natural/order_tv,0.0043245666688165735,0.000866435266733764,0.008963464483751717,False,,
16,query_at_ordinary,matched_continuous96/natural/geometry_probability_mae,-0.029827373191582428,-0.04106191039574493,-0.01810334374560362,False,,
16,query_at_ordinary,matched_continuous96/natural/response_rmse,-0.09106609056944588,-0.11743411429757897,-0.06224444631432849,False,,
16,query_at_ordinary,matched_continuous128/natural/sequential_kl,-0.03889114813304845,-0.05525065176445123,-0.022050852349428097,False,,
16,query_at_ordinary,matched_continuous128/natural/parallel_kl,-0.03695273719647213,-0.05292864007602349,-0.020538946245584326,False,,
16,query_at_ordinary,matched_continuous128/natural/oracle_parallel_kl,0.0,0.0,0.0,False,,
16,query_at_ordinary,matched_continuous128/natural/marginal_kl,-0.03695273719647216,-0.052928640076023416,-0.02053894624558446,False,,
16,query_at_ordinary,matched_continuous128/natural/order_tv,0.00403229216577654,0.0016374708364835545,0.007067101254340584,False,,
16,query_at_ordinary,matched_continuous128/natural/geometry_probability_mae,-0.03471125850181374,-0.05131203752139263,-0.018433290016653045,False,,
16,query_at_ordinary,matched_continuous128/natural/response_rmse,-0.09219040944496623,-0.1365784678718102,-0.04900513347725585,False,,
16,query_at_ordinary,unequal_distance_w48/natural/sequential_kl,-0.0011955282314419675,-0.0025803012444538466,0.00013513242840055797,False,,
16,query_at_ordinary,unequal_distance_w48/natural/parallel_kl,-0.0017671391761970023,-0.003697625128445266,-1.7615373009998967e-05,False,,
16,query_at_ordinary,unequal_distance_w48/natural/oracle_parallel_kl,0.0,0.0,0.0,False,,
16,query_at_ordinary,unequal_distance_w48/natural/marginal_kl,-0.001767139176197005,-0.00369762512844528,-1.7615373009990117e-05,False,,
16,query_at_ordinary,unequal_distance_w48/natural/order_tv,-0.0032892393821373316,-0.006717212676688639,-0.0004109777724422427,False,,
16,query_at_ordinary,unequal_distance_w48/natural/geometry_probability_mae,0.001641698412463373,-0.0007112402855393831,0.003812701048259366,False,,
16,query_at_ordinary,unequal_distance_w48/natural/response_rmse,0.004486367088261015,0.00031746460109911926,0.009810625887718478,False,,
16,query_at_ordinary,matched_continuous48/common/sequential_kl,-0.0009669768942212509,-0.002176851727364005,0.00033859127330500093,False,,
16,query_at_ordinary,matched_continuous48/common/parallel_kl,-0.002012947456367181,-0.003934880278540935,-0.0001259540926807847,False,,
16,query_at_ordinary,matched_continuous48/common/oracle_parallel_kl,0.0,0.0,0.0,False,,
16,query_at_ordinary,matched_continuous48/common/marginal_kl,-0.0020129474563671842,-0.003934880278540941,-0.00012595409268078154,False,,
16,query_at_ordinary,matched_continuous48/common/order_tv,-0.004693902525396244,-0.007486077066839455,-0.0020921885280259277,False,,
16,query_at_ordinary,matched_continuous48/common/geometry_probability_mae,0.003465633269602867,-0.0029037466893383984,0.011606423083233092,False,,
16,query_at_ordinary,matched_continuous48/common/response_rmse,0.0003666385127494981,-0.00988554145440782,0.010642554440921465,False,,
16,query_at_ordinary,matched_continuous96/common/sequential_kl,-0.02948701442502101,-0.04189121778495642,-0.017965365592774528,False,,
16,query_at_ordinary,matched_continuous96/common/parallel_kl,-0.031277914649674984,-0.04353803407166287,-0.019071652444662555,False,,
16,query_at_ordinary,matched_continuous96/common/oracle_parallel_kl,0.0,0.0,0.0,False,,
16,query_at_ordinary,matched_continuous96/common/marginal_kl,-0.03127791464967494,-0.04353803407166285,-0.01907165244466256,False,,
16,query_at_ordinary,matched_continuous96/common/order_tv,0.004798586290406089,0.001912223536092057,0.007735790790269426,False,,
16,query_at_ordinary,matched_continuous96/common/geometry_probability_mae,-0.026404364681528035,-0.039032560258214846,-0.012814632311743224,False,,
16,query_at_ordinary,matched_continuous96/common/response_rmse,-0.08320740813134593,-0.1080763540973383,-0.056503472752178305,False,,
16,query_at_ordinary,matched_continuous128/common/sequential_kl,-0.03741623818540796,-0.05090304642649932,-0.023870046242767062,False,,
16,query_at_ordinary,matched_continuous128/common/parallel_kl,-0.0361990432696829,-0.04997767857395343,-0.02250575804132929,False,,
16,query_at_ordinary,matched_continuous128/common/oracle_parallel_kl,0.0,0.0,0.0,False,,
16,query_at_ordinary,matched_continuous128/common/marginal_kl,-0.0361990432696829,-0.049977678573953445,-0.02250575804132929,False,,
16,query_at_ordinary,matched_continuous128/common/order_tv,0.0030378869528614166,-0.0016715954404348302,0.007476470134097528,False,,
16,query_at_ordinary,matched_continuous128/common/geometry_probability_mae,-0.03510157787872707,-0.050344629008021356,-0.020118283610460377,False,,
16,query_at_ordinary,matched_continuous128/common/response_rmse,-0.0930670714352308,-0.13296173200041583,-0.053376056139916105,False,,
16,query_at_ordinary,unequal_distance_w48/common/sequential_kl,-0.0010424217513834494,-0.0022459919590768532,0.00015001313882484921,False,,
16,query_at_ordinary,unequal_distance_w48/common/parallel_kl,-0.0014609262160799885,-0.00294243515623768,-2.2918050120543844e-05,False,,
16,query_at_ordinary,unequal_distance_w48/common/oracle_parallel_kl,0.0,0.0,0.0,False,,
16,query_at_ordinary,unequal_distance_w48/common/marginal_kl,-0.0014609262160799694,-0.0029424351562376727,-2.291805012053544e-05,False,,
16,query_at_ordinary,unequal_distance_w48/common/order_tv,-0.002606312245627903,-0.004968783386252059,-0.0002945734338841119,False,,
16,query_at_ordinary,unequal_distance_w48/common/geometry_probability_mae,0.001641698412463373,-0.0007112402855393831,0.003812701048259366,False,,
16,query_at_ordinary,unequal_distance_w48/common/response_rmse,0.004486367088261015,0.00031746460109911926,0.009810625887718478,False,,
16,query_at_ordinary,w128_k8/CE,-0.025348385094925874,-0.03555640388321707,-0.01506926574987953,False,,
16,query_at_ordinary,w128_k32/CE,-0.006090333338166998,-0.011010313753689098,-0.002150385590538741,False,,
16,query_at_ordinary,w128_t05/CE,-0.00017271048218453489,-0.0006065583727868056,0.00022479448365252808,False,,
16,query_at_ordinary,w128_t095/CE,-0.00011407365104704192,-0.0005241459925676012,0.00031417587245397,False,,
16,query_at_ordinary,w48_t05/CE,3.321449054782821e-05,-0.00012348394803885082,0.00021420725444636912,False,,
16,query_at_ordinary,w48_t095/CE,-1.5175916427800917e-05,-0.00028568553617293877,0.00025316542499435456,False,,
16,query_at_ordinary,continuous128/G_1_8_NRMSE,-0.00820877353848707,-0.01384395696434251,-0.0022891319301089415,False,,
16,query_at_ordinary,continuous128/G_9_48_NRMSE,-0.024165954241643195,-0.048631198854528476,0.003252124121442067,False,,
16,query_at_ordinary,continuous128/G_49_64_NRMSE,-0.037419431248354396,-0.08557980637051839,0.011654236173200183,False,,
16,query_at_ordinary,continuous128/m_bias,0.021682951185438358,-0.011201688978407115,0.06091938018798826,False,,
16,query_at_ordinary,continuous128/m2_bias,0.009550125364007206,-0.0020869953596654297,0.020450703564953678,False,,
16,query_at_ordinary,continuous128/abs_m_bias,0.011308670043945312,-0.0031872537400987324,0.024472051196628142,False,,
16,query_at_ordinary,continuous128/energy_bias,-0.002600962721456712,-0.0035858207695962183,-0.0016574222167541847,False,,
16,query_at_ordinary,continuous48/G_1_8_NRMSE,0.0014662612310027898,-0.008543160590257259,0.007909242676892959,False,,
16,query_at_ordinary,continuous48/G_9_24_NRMSE,0.005062172563382608,-0.012034955468863363,0.02079784264347283,False,,
16,query_at_ordinary,continuous48/G_1_24_NRMSE,0.0035200587496366093,-0.00971714751866751,0.014791579295579286,False,,
16,query_at_ordinary,continuous48/m_bias,-0.0032258210358796086,-0.025412778501157425,0.028033616807725665,False,,
16,query_at_ordinary,continuous48/m2_bias,0.00028104939087918515,-0.005994514771449701,0.0076494574056240675,False,,
16,query_at_ordinary,continuous48/abs_m_bias,0.0009471752025462868,-0.00797983805338545,0.010003209997106435,False,,
16,query_at_ordinary,continuous48/energy_bias,-0.0006279550827423628,-0.0022476520944149153,0.000760010342789572,False,,
16,query_at_ordinary,held_s10_w48/G_10_30_NRMSE,0.009235587092384728,-0.0032806673338600465,0.02055749593027529,False,,
16,query_at_ordinary,held_s10_w48/G_40_120_NRMSE,0.01631744505905086,-0.015886502545933583,0.0423077293681966,False,,
16,query_at_ordinary,held_s10_w48/G_130_470_NRMSE,0.007161267076221667,-0.026413164396166852,0.041425037247707006,False,,
16,query_at_ordinary,held_s10_w48/m_bias,0.009826660156249997,-0.03117229320384841,0.06813919632523145,False,,
16,query_at_ordinary,held_s10_w48/m2_bias,-0.0073585647614404365,-0.01442253202077291,6.076642024665567e-05,False,,
16,query_at_ordinary,held_s10_w48/abs_m_bias,-0.011083532262731483,-0.021895910192418978,0.0011815954137731522,False,,
16,query_at_ordinary,held_s10_w48/energy_bias,0.0030809046247044962,-0.0007575285350177201,0.006804510887632996,False,,
16,mask_at_near,matched_continuous48/natural/sequential_kl,-0.0009125299844164343,-0.0027254099796543488,0.0009483821597965425,False,,
16,mask_at_near,matched_continuous48/natural/parallel_kl,0.0009083811438063902,-0.0017843467483958757,0.0033501326259910693,False,,
16,mask_at_near,matched_continuous48/natural/oracle_parallel_kl,0.0,0.0,0.0,False,,
16,mask_at_near,matched_continuous48/natural/marginal_kl,0.0009083811438063932,-0.0017843467483958867,0.0033501326259910862,False,,
16,mask_at_near,matched_continuous48/natural/order_tv,0.004301454796833238,-0.00410060041185838,0.01156025103445689,False,,
16,mask_at_near,matched_continuous48/natural/geometry_probability_mae,-0.022153996928196376,-0.033473692748901274,-0.012037393957970129,False,,
16,mask_at_near,matched_continuous48/natural/response_rmse,-0.04203094501654989,-0.06006752627722563,-0.02553130219118269,False,,
16,mask_at_near,matched_continuous96/natural/sequential_kl,-0.06716861614893208,-0.10686309622583844,-0.04186360202351174,False,,
16,mask_at_near,matched_continuous96/natural/parallel_kl,-0.0776163091933758,-0.11679347065191814,-0.05194111674564136,False,,
16,mask_at_near,matched_continuous96/natural/oracle_parallel_kl,0.0,0.0,0.0,False,,
16,mask_at_near,matched_continuous96/natural/marginal_kl,-0.0776163091933758,-0.11679347065191811,-0.05194111674564138,False,,
16,mask_at_near,matched_continuous96/natural/order_tv,-0.024064284692505166,-0.033347752217185674,-0.014606934428671278,False,,
16,mask_at_near,matched_continuous96/natural/geometry_probability_mae,-0.03560743060911839,-0.06489884314483399,-0.0164721886937474,False,,
16,mask_at_near,matched_continuous96/natural/response_rmse,-0.08099112740992814,-0.16544713867860714,-0.028254880351165645,False,,
16,mask_at_near,matched_continuous128/natural/sequential_kl,-0.13234136090082996,-0.16615758216455626,-0.10561767808713639,False,,
16,mask_at_near,matched_continuous128/natural/parallel_kl,-0.1299993341371221,-0.16173519259130886,-0.10468708854789836,False,,
16,mask_at_near,matched_continuous128/natural/oracle_parallel_kl,0.0,0.0,0.0,False,,
16,mask_at_near,matched_continuous128/natural/marginal_kl,-0.1299993341371221,-0.16173519259130886,-0.10468708854789839,False,,
16,mask_at_near,matched_continuous128/natural/order_tv,0.010002476957818304,0.005283522693933067,0.015377440181950088,False,,
16,mask_at_near,matched_continuous128/natural/geometry_probability_mae,-0.07893207427329074,-0.10411487552176263,-0.05230038037194392,False,,
16,mask_at_near,matched_continuous128/natural/response_rmse,-0.21509042830017217,-0.2868623507513611,-0.14050691075711774,False,,
16,mask_at_near,unequal_distance_w48/natural/sequential_kl,-0.0020563765166349422,-0.00452136995985575,-3.493093533317183e-05,False,,
16,mask_at_near,unequal_distance_w48/natural/parallel_kl,-0.0005558238450236591,-0.00497390839000772,0.003410821678266911,False,,
16,mask_at_near,unequal_distance_w48/natural/oracle_parallel_kl,0.0,0.0,0.0,False,,
16,mask_at_near,unequal_distance_w48/natural/marginal_kl,-0.000555823845023653,-0.0049739083900077145,0.0034108216782669184,False,,
16,mask_at_near,unequal_distance_w48/natural/order_tv,0.007401678622327497,0.0016439688304773874,0.012385180665701094,False,,
16,mask_at_near,unequal_distance_w48/natural/geometry_probability_mae,-0.015919613449470866,-0.02538299790325564,-0.00665925223710409,False,,
16,mask_at_near,unequal_distance_w48/natural/response_rmse,-0.03446787475599577,-0.05486161005578429,-0.015914351034153083,False,,
16,mask_at_near,matched_continuous48/common/sequential_kl,-0.0006125008446844467,-0.00241103526114958,0.00120628183595548,False,,
16,mask_at_near,matched_continuous48/common/parallel_kl,0.00150843942327036,-0.0010488467274030434,0.003953154199639783,False,,
16,mask_at_near,matched_continuous48/common/oracle_parallel_kl,0.0,0.0,0.0,False,,
16,mask_at_near,matched_continuous48/common/marginal_kl,0.0015084394232703674,-0.001048846727403036,0.003953154199639792,False,,
16,mask_at_near,matched_continuous48/common/order_tv,0.0066855968685180615,0.00038376974104753004,0.012988148214182385,False,,
16,mask_at_near,matched_continuous48/common/geometry_probability_mae,-0.022153996928196376,-0.033473692748901274,-0.012037393957970129,False,,
16,mask_at_near,matched_continuous48/common/response_rmse,-0.04203094501654989,-0.06006752627722563,-0.02553130219118269,False,,
16,mask_at_near,matched_continuous96/common/sequential_kl,-0.06165857186026941,-0.0962351545756978,-0.038772935586637435,False,,
16,mask_at_near,matched_continuous96/common/parallel_kl,-0.07237091733717867,-0.10732246269615381,-0.04850343605141014,False,,
16,mask_at_near,matched_continuous96/common/oracle_parallel_kl,0.0,0.0,0.0,False,,
16,mask_at_near,matched_continuous96/common/marginal_kl,-0.07237091733717867,-0.10732246269615381,-0.04850343605141015,False,,
16,mask_at_near,matched_continuous96/common/order_tv,-0.024978462732635796,-0.03281804783060949,-0.01780663509131441,False,,
16,mask_at_near,matched_continuous96/common/geometry_probability_mae,-0.032960964605468254,-0.05995725952425572,-0.013184613445765695,False,,
16,mask_at_near,matched_continuous96/common/response_rmse,-0.07230964139371887,-0.15235639653863575,-0.020612654021410527,False,,
16,mask_at_near,matched_continuous128/common/sequential_kl,-0.1253896773454596,-0.15869443225721008,-0.09923220735511391,False,,
16,mask_at_near,matched_continuous128/common/parallel_kl,-0.12369893066035222,-0.15383699469121637,-0.09871004722800267,False,,
16,mask_at_near,matched_continuous128/common/oracle_parallel_kl,0.0,0.0,0.0,False,,
16,mask_at_near,matched_continuous128/common/marginal_kl,-0.12369893066035223,-0.15383699469121637,-0.09871004722800267,False,,
16,mask_at_near,matched_continuous128/common/order_tv,0.009653997072539021,0.00525542614352843,0.014730085577712073,False,,
16,mask_at_near,matched_continuous128/common/geometry_probability_mae,-0.07276506818644536,-0.09854028509446223,-0.04652838346850061,False,,
16,mask_at_near,matched_continuous128/common/response_rmse,-0.19933408790349,-0.2711323591355244,-0.12733857223882933,False,,
16,mask_at_near,unequal_distance_w48/common/sequential_kl,-0.001708241107073574,-0.004111750210526328,0.00027299578618029334,False,,
16,mask_at_near,unequal_distance_w48/common/parallel_kl,0.00014044697409908158,-0.004312483186205807,0.004010359740653385,False,,
16,mask_at_near,unequal_distance_w48/common/oracle_parallel_kl,0.0,0.0,0.0,False,,
16,mask_at_near,unequal_distance_w48/common/marginal_kl,0.00014044697409908158,-0.004312483186205821,0.0040103597406534195,False,,
16,mask_at_near,unequal_distance_w48/common/order_tv,0.008825389139329138,0.00418871895293962,0.012939203859184935,False,,
16,mask_at_near,unequal_distance_w48/common/geometry_probability_mae,-0.015919613449470866,-0.02538299790325564,-0.00665925223710409,False,,
16,mask_at_near,unequal_distance_w48/common/response_rmse,-0.03446787475599577,-0.05486161005578429,-0.015914351034153083,False,,
16,mask_at_near,w128_k8/CE,-0.05834651262400575,-0.08492684261064323,-0.03409309784574467,False,,
16,mask_at_near,w128_k32/CE,-0.0035107248286880277,-0.007229714006263694,-5.996550563471149e-05,False,,
16,mask_at_near,w128_t05/CE,0.0003819718788397042,1.3869289525693385e-05,0.0008377051156118296,False,,
16,mask_at_near,w128_t095/CE,0.0008396721150547015,0.0002690603806745018,0.001475963248432091,False,,
16,mask_at_near,w48_t05/CE,9.54618997678347e-06,-0.0001640896008712811,0.00017386430137518588,False,,
16,mask_at_near,w48_t095/CE,-1.5150448242462478e-05,-0.0003509388826996543,0.00030203141501326103,False,,
16,mask_at_near,continuous128/G_1_8_NRMSE,-0.006869113378828159,-0.022320867452005278,0.011135595379796264,False,,
16,mask_at_near,continuous128/G_9_48_NRMSE,-0.04700321218630289,-0.1528821517451024,0.06493350486455543,False,,
16,mask_at_near,continuous128/G_49_64_NRMSE,-0.15840955870158446,-0.30456346089386704,0.026895944646349326,False,,
16,mask_at_near,continuous128/m_bias,-0.006644778781467017,-0.13756652937995065,0.09444344838460285,False,,
16,mask_at_near,continuous128/m2_bias,0.08961540305366121,0.0731664954341896,0.10920956799398282,False,,
16,mask_at_near,continuous128/abs_m_bias,0.10671742757161458,0.08521234194437662,0.13123957845899792,False,,
16,mask_at_near,continuous128/energy_bias,-0.0006625758694225881,-0.0025364219151559815,0.0015950387335616596,False,,
16,mask_at_near,continuous48/G_1_8_NRMSE,-0.0033388669617492525,-0.01685503840174443,0.010417133818044507,False,,
16,mask_at_near,continuous48/G_9_24_NRMSE,-0.012500092805744309,-0.05580112024225773,0.036297742366580274,False,,
16,mask_at_near,continuous48/G_1_24_NRMSE,-0.009115024307377713,-0.0405249440115368,0.02640192099267006,False,,
16,mask_at_near,continuous48/m_bias,0.024746365017361112,0.00889214409722221,0.04187220820674187,False,,
16,mask_at_near,continuous48/m2_bias,0.0075174947824988205,-0.014812808811909873,0.02486234290119062,False,,
16,mask_at_near,continuous48/abs_m_bias,0.007810239438657406,-0.016857458043981505,0.029019278067129617,False,,
16,mask_at_near,continuous48/energy_bias,0.00011658724881802307,-0.0026683762282061997,0.0028853035424054306,False,,
16,mask_at_near,held_s10_w48/G_10_30_NRMSE,-0.04661260282737091,-0.07810929018358136,-0.011114156174162644,False,,
16,mask_at_near,held_s10_w48/G_40_120_NRMSE,-0.07198475531985324,-0.17969249586804034,0.05017362467678201,False,,
16,mask_at_near,held_s10_w48/G_130_470_NRMSE,0.0005875172930666084,-0.17943249173477957,0.1999618200549255,False,,
16,mask_at_near,held_s10_w48/m_bias,-0.023536964699074073,-0.10881296793619792,0.07198316786024304,False,,
16,mask_at_near,held_s10_w48/m2_bias,0.05750607463067452,0.039880523809189654,0.07492895754276478,False,,
16,mask_at_near,held_s10_w48/abs_m_bias,0.0769449869791667,0.05211040355541087,0.09968685574001734,False,,
16,mask_at_near,held_s10_w48/energy_bias,-0.02141626957742319,-0.03256022135416666,-0.012054544363179669,False,,
16,full_bundle,matched_continuous48/natural/sequential_kl,-0.002015315971364415,-0.004458509961246242,0.00031449588069510785,False,,
16,full_bundle,matched_continuous48/natural/parallel_kl,-0.0013761844980142643,-0.005572823377454487,0.002443582807538864,False,,
16,full_bundle,matched_continuous48/natural/oracle_parallel_kl,0.0,0.0,0.0,False,,
16,full_bundle,matched_continuous48/natural/marginal_kl,-0.0013761844980142565,-0.00557282337745448,0.002443582807538869,False,,
16,full_bundle,matched_continuous48/natural/order_tv,-0.0009816573309911376,-0.011683960272024892,0.008917525941508905,False,,
16,full_bundle,matched_continuous48/natural/geometry_probability_mae,-0.018688363658593513,-0.025426057109823312,-0.012087883564595912,False,,
16,full_bundle,matched_continuous48/natural/response_rmse,-0.04166430650380039,-0.05270640978561775,-0.031052681264565434,False,,
16,full_bundle,matched_continuous96/natural/sequential_kl,-0.0992294511148378,-0.1311306915662452,-0.07591575029880678,False,,
16,full_bundle,matched_continuous96/natural/parallel_kl,-0.11151726215050888,-0.141696305182381,-0.08794574578984937,False,,
16,full_bundle,matched_continuous96/natural/oracle_parallel_kl,0.0,0.0,0.0,False,,
16,full_bundle,matched_continuous96/natural/marginal_kl,-0.11151726215050889,-0.141696305182381,-0.08794574578984936,False,,
16,full_bundle,matched_continuous96/natural/order_tv,-0.019739718023688593,-0.025978042901612576,-0.01132651833985486,False,,
16,full_bundle,matched_continuous96/natural/geometry_probability_mae,-0.06543480380070082,-0.09017731129248947,-0.04542925187602059,False,,
16,full_bundle,matched_continuous96/natural/response_rmse,-0.17205721797937404,-0.2409060809373649,-0.11797159016977056,False,,
16,full_bundle,matched_continuous128/natural/sequential_kl,-0.1712325090338784,-0.19097621208579446,-0.1561747585030193,False,,
16,full_bundle,matched_continuous128/natural/parallel_kl,-0.16695207133359424,-0.184387831874587,-0.15328447162546235,False,,
16,full_bundle,matched_continuous128/natural/oracle_parallel_kl,0.0,0.0,0.0,False,,
16,full_bundle,matched_continuous128/natural/marginal_kl,-0.16695207133359427,-0.18438783187458696,-0.15328447162546233,False,,
16,full_bundle,matched_continuous128/natural/order_tv,0.014034769123594843,0.009200358698717125,0.01886710114703351,False,,
16,full_bundle,matched_continuous128/natural/geometry_probability_mae,-0.11364333277510448,-0.12634331865579065,-0.10156712597642004,False,,
16,full_bundle,matched_continuous128/natural/response_rmse,-0.30728083774513837,-0.34712392329271086,-0.2691176634778619,False,,
16,full_bundle,unequal_distance_w48/natural/sequential_kl,-0.00325190474807691,-0.006275291191113541,-0.0009183164998547102,False,,
16,full_bundle,unequal_distance_w48/natural/parallel_kl,-0.0023229630212206615,-0.007589148800415575,0.0022401406890783337,False,,
16,full_bundle,unequal_distance_w48/natural/oracle_parallel_kl,0.0,0.0,0.0,False,,
16,full_bundle,unequal_distance_w48/natural/marginal_kl,-0.002322963021220658,-0.007589148800415579,0.0022401406890783337,False,,
16,full_bundle,unequal_distance_w48/natural/order_tv,0.004112439240190165,-0.002279482932755082,0.010162435837866347,False,,
16,full_bundle,unequal_distance_w48/natural/geometry_probability_mae,-0.014277915037007493,-0.02359277837097491,-0.005104927937064062,False,,
16,full_bundle,unequal_distance_w48/natural/response_rmse,-0.029981507667734754,-0.051183355507982156,-0.010841262404405663,False,,
16,full_bundle,matched_continuous48/common/sequential_kl,-0.0015794777389056976,-0.003970215232936222,0.0007382202533071519,False,,
16,full_bundle,matched_continuous48/common/parallel_kl,-0.0005045080330968212,-0.004586332037110413,0.0031257700741515646,False,,
16,full_bundle,matched_continuous48/common/oracle_parallel_kl,0.0,0.0,0.0,False,,
16,full_bundle,matched_continuous48/common/marginal_kl,-0.0005045080330968168,-0.004586332037110401,0.0031257700741515637,False,,
16,full_bundle,matched_continuous48/common/order_tv,0.001991694343121818,-0.006685706155376409,0.01061245032035953,False,,
16,full_bundle,matched_continuous48/common/geometry_probability_mae,-0.018688363658593513,-0.025426057109823312,-0.012087883564595912,False,,
16,full_bundle,matched_continuous48/common/response_rmse,-0.04166430650380039,-0.05270640978561775,-0.031052681264565434,False,,
16,full_bundle,matched_continuous96/common/sequential_kl,-0.09114558628529042,-0.12076982379994534,-0.06818534851104033,False,,
16,full_bundle,matched_continuous96/common/parallel_kl,-0.10364883198685365,-0.133270801492896,-0.07891580934179836,False,,
16,full_bundle,matched_continuous96/common/oracle_parallel_kl,0.0,0.0,0.0,False,,
16,full_bundle,matched_continuous96/common/marginal_kl,-0.10364883198685361,-0.13327080149289602,-0.07891580934179836,False,,
16,full_bundle,matched_continuous96/common/order_tv,-0.020179876442229707,-0.026105984071696137,-0.014140627333270834,False,,
16,full_bundle,matched_continuous96/common/geometry_probability_mae,-0.059365329286996296,-0.08413283784141433,-0.03802419783817224,False,,
16,full_bundle,matched_continuous96/common/response_rmse,-0.1555170495250648,-0.22536580757566768,-0.09907355809860661,False,,
16,full_bundle,matched_continuous128/common/sequential_kl,-0.16280591553086757,-0.18354000155572506,-0.14659589344055024,False,,
16,full_bundle,matched_continuous128/common/parallel_kl,-0.15989797393003513,-0.17780860110189417,-0.14674467013967493,False,,
16,full_bundle,matched_continuous128/common/oracle_parallel_kl,0.0,0.0,0.0,False,,
16,full_bundle,matched_continuous128/common/marginal_kl,-0.15989797393003513,-0.17780860110189411,-0.1467446701396749,False,,
16,full_bundle,matched_continuous128/common/order_tv,0.012691884025400437,0.0068355139849047555,0.017858128962212085,False,,
16,full_bundle,matched_continuous128/common/geometry_probability_mae,-0.10786664606517243,-0.12054933178371344,-0.09582457304939335,False,,
16,full_bundle,matched_continuous128/common/response_rmse,-0.2924011593387208,-0.3318708257526246,-0.2544866480993317,False,,
16,full_bundle,unequal_distance_w48/common/sequential_kl,-0.0027506628584570234,-0.005868802621065064,-0.0004615360180169455,False,,
16,full_bundle,unequal_distance_w48/common/parallel_kl,-0.001320479241980907,-0.006662168044554948,0.0031668967544914075,False,,
16,full_bundle,unequal_distance_w48/common/oracle_parallel_kl,0.0,0.0,0.0,False,,
16,full_bundle,unequal_distance_w48/common/marginal_kl,-0.0013204792419808879,-0.006662168044554941,0.003166896754491443,False,,
16,full_bundle,unequal_distance_w48/common/order_tv,0.006219076893701235,0.00042780706163554963,0.01167722854705632,False,,
16,full_bundle,unequal_distance_w48/common/geometry_probability_mae,-0.014277915037007493,-0.02359277837097491,-0.005104927937064062,False,,
16,full_bundle,unequal_distance_w48/common/response_rmse,-0.029981507667734754,-0.051183355507982156,-0.010841262404405663,False,,
16,full_bundle,w128_k8/CE,-0.08369489771893163,-0.10664846442726908,-0.05959766109210128,False,,
16,full_bundle,w128_k32/CE,-0.009601058166855025,-0.017038458888714202,-0.003672832349661636,False,,
16,full_bundle,w128_t05/CE,0.0002092613966551693,-0.0001619903635159098,0.000555743496640311,False,,
16,full_bundle,w128_t095/CE,0.0007255984640076596,0.0001519801170061952,0.0013254971312625817,False,,
16,full_bundle,w48_t05/CE,4.276068052461168e-05,-0.0001273053199045665,0.00021617038543067372,False,,
16,full_bundle,w48_t095/CE,-3.0326364670263395e-05,-0.00035742431575354474,0.0002761074945862542,False,,
16,full_bundle,continuous128/G_1_8_NRMSE,-0.01507788691731523,-0.031211273424066793,0.004542378788122449,False,,
16,full_bundle,continuous128/G_9_48_NRMSE,-0.07116916642794609,-0.16808063707776352,0.0386233074855876,False,,
16,full_bundle,continuous128/G_49_64_NRMSE,-0.19582898994993886,-0.3225644949714267,-0.03248015964747694,False,,
16,full_bundle,continuous128/m_bias,0.01503817240397134,-0.11849794917636448,0.11479040251837835,False,,
16,full_bundle,continuous128/m2_bias,0.09916552841766842,0.0765501253811332,0.12238173120551636,False,,
16,full_bundle,continuous128/abs_m_bias,0.11802609761555989,0.09221678309970431,0.1465684519873725,False,,
16,full_bundle,continuous128/energy_bias,-0.0032635385908793,-0.005513450375587769,-0.000721119958271755,False,,
16,full_bundle,continuous48/G_1_8_NRMSE,-0.0018726057307464627,-0.01603492459343429,0.008145082556143105,False,,
16,full_bundle,continuous48/G_9_24_NRMSE,-0.007437920242361701,-0.04570758324380008,0.03407978406000605,False,,
16,full_bundle,continuous48/G_1_24_NRMSE,-0.005594965557741104,-0.03321985814247424,0.02293575214851326,False,,
16,full_bundle,continuous48/m_bias,0.021520543981481503,-0.005817441587094923,0.05959710015190973,False,,
16,full_bundle,continuous48/m2_bias,0.007798544173378006,-0.011296794542069333,0.022719371416931766,False,,
16,full_bundle,continuous48/abs_m_bias,0.008757414641203692,-0.012807492856626149,0.02737952338324654,False,,
16,full_bundle,continuous48/energy_bias,-0.0005113678339243397,-0.0025951628989361398,0.0018564499298168134,False,,
16,full_bundle,held_s10_w48/G_10_30_NRMSE,-0.03737701573498618,-0.06859623957440908,-0.005305551955911925,False,,
16,full_bundle,held_s10_w48/G_40_120_NRMSE,-0.05566731026080238,-0.16530852135934868,0.06162695395127725,False,,
16,full_bundle,held_s10_w48/G_130_470_NRMSE,0.007748784369288275,-0.1434079828344869,0.17988203636223585,False,,
16,full_bundle,held_s10_w48/m_bias,-0.013710304542824077,-0.10573391384548611,0.06883409288194446,False,,
16,full_bundle,held_s10_w48/m2_bias,0.05014750986923408,0.03651374009411033,0.06491173481254421,False,,
16,full_bundle,held_s10_w48/abs_m_bias,0.06586145471643522,0.04827067057291669,0.08507905183015047,False,,
16,full_bundle,held_s10_w48/energy_bias,-0.018335364952718695,-0.028706118175605807,-0.01031136298574172,False,,
16,interaction,matched_continuous48/natural/sequential_kl,0.0006754412903409441,-0.0003223141879224363,0.0017829978596058315,False,,
16,interaction,matched_continuous48/natural/parallel_kl,0.002760541581524792,0.0014527149645108622,0.004205196267009988,False,,
16,interaction,matched_continuous48/natural/oracle_parallel_kl,0.0,0.0,0.0,False,,
16,interaction,matched_continuous48/natural/marginal_kl,0.0027605415815247867,0.0014527149645108582,0.004205196267009995,False,,
16,interaction,matched_continuous48/natural/order_tv,0.005620420805911214,0.0033579399398287273,0.0076741250527379585,False,,
16,interaction,matched_continuous48/natural/geometry_probability_mae,-0.015709097638285516,-0.024330882061948948,-0.008023189326448882,False,,
16,interaction,matched_continuous48/natural/response_rmse,-0.030002631155159762,-0.050572870223691585,-0.011963697253717851,False,,
16,interaction,matched_continuous96/natural/sequential_kl,0.030296081492697788,0.017847850516948986,0.04294365782875819,False,,
16,interaction,matched_continuous96/natural/parallel_kl,0.032432065867294815,0.019650319667984743,0.044529698881404914,False,,
16,interaction,matched_continuous96/natural/oracle_parallel_kl,0.0,0.0,0.0,False,,
16,interaction,matched_continuous96/natural/marginal_kl,0.03243206586729483,0.019650319667984747,0.04452969888140488,False,,
16,interaction,matched_continuous96/natural/order_tv,-0.010114685667461425,-0.01667628008620711,-0.004887425706891518,False,,
16,interaction,matched_continuous96/natural/geometry_probability_mae,0.017605785520067058,-0.000616902219477927,0.034366420886027337,False,,
16,interaction,matched_continuous96/natural/response_rmse,0.07181042329664111,0.03657052525393878,0.10347848730648491,False,,
16,interaction,matched_continuous128/natural/sequential_kl,0.02395946260160839,0.0038560456013526758,0.04504985549357312,False,,
16,interaction,matched_continuous128/natural/parallel_kl,0.01877832089923656,-0.0019533855893315924,0.04082406877858579,False,,
16,interaction,matched_continuous128/natural/oracle_parallel_kl,0.0,0.0,0.0,False,,
16,interaction,matched_continuous128/natural/marginal_kl,0.01877832089923659,-0.0019533855893316457,0.04082406877858579,False,,
16,interaction,matched_continuous128/natural/order_tv,-0.0041904912335011864,-0.009755200459673137,-2.3224660888353334e-05,False,,
16,interaction,matched_continuous128/natural/geometry_probability_mae,-0.0016171236205296535,-0.024377429501247477,0.0266224426463301,False,,
16,interaction,matched_continuous128/natural/response_rmse,-0.009917241103615165,-0.06432448433686927,0.06354678371968198,False,,
16,interaction,unequal_distance_w48/natural/sequential_kl,0.0007214999544767858,-0.001295199696308897,0.0030624914762534287,False,,
16,interaction,unequal_distance_w48/natural/parallel_kl,0.0023633968245933834,-0.0006776721409891294,0.005922510576061801,False,,
16,interaction,unequal_distance_w48/natural/oracle_parallel_kl,0.0,0.0,0.0,False,,
16,interaction,unequal_distance_w48/natural/marginal_kl,0.0023633968245934086,-0.000677672140989123,0.005922510576061829,False,,
16,interaction,unequal_distance_w48/natural/order_tv,0.003662974887387923,0.0004865129931382467,0.008328207360656096,False,,
16,interaction,unequal_distance_w48/natural/geometry_probability_mae,-0.010149846139401925,-0.014763595962496474,-0.005677243898926436,False,,
16,interaction,unequal_distance_w48/natural/response_rmse,-0.03030081435392619,-0.042866483127716154,-0.019400316744438678,False,,
16,interaction,matched_continuous48/common/sequential_kl,0.0005714484553655981,-0.00037346243000147347,0.0015813678693629544,False,,
16,interaction,matched_continuous48/common/parallel_kl,0.002552555911574078,0.001360951105667752,0.003837501163368848,False,,
16,interaction,matched_continuous48/common/oracle_parallel_kl,0.0,0.0,0.0,False,,
16,interaction,matched_continuous48/common/marginal_kl,0.002552555911574088,0.0013609511056677495,0.0038375011633688502,False,,
16,interaction,matched_continuous48/common/order_tv,0.005224731530839143,0.0030894560355191384,0.00700174399631706,False,,
16,interaction,matched_continuous48/common/geometry_probability_mae,-0.015709097638285516,-0.024330882061948948,-0.008023189326448882,False,,
16,interaction,matched_continuous48/common/response_rmse,-0.030002631155159762,-0.050572870223691585,-0.011963697253717851,False,,
16,interaction,matched_continuous96/common/sequential_kl,0.02770532013276772,0.016366672836337165,0.04005506342563866,False,,
16,interaction,matched_continuous96/common/parallel_kl,0.02976721493625399,0.018087014227329223,0.04208857646794423,False,,
16,interaction,matched_continuous96/common/oracle_parallel_kl,0.0,0.0,0.0,False,,
16,interaction,matched_continuous96/common/marginal_kl,0.02976721493625395,0.018087014227329227,0.042088576467944235,False,,
16,interaction,matched_continuous96/common/order_tv,-0.010722491201553861,-0.015043067504491442,-0.007102092352529194,False,,
16,interaction,matched_continuous96/common/geometry_probability_mae,0.014030904978231687,-0.007308143926460284,0.033433616480983835,False,,
16,interaction,matched_continuous96/common/response_rmse,0.0626288025042919,0.0191768739737764,0.10202794512510727,False,,
16,interaction,matched_continuous128/common/sequential_kl,0.02385508386260382,0.007233394708921317,0.04191480905549574,False,,
16,interaction,matched_continuous128/common/parallel_kl,0.01971553804746036,0.001692856122403029,0.03900728663384438,False,,
16,interaction,matched_continuous128/common/oracle_parallel_kl,0.0,0.0,0.0,False,,
16,interaction,matched_continuous128/common/marginal_kl,0.019715538047460346,0.001692856122403058,0.03900728663384434,False,,
16,interaction,matched_continuous128/common/order_tv,-0.0032218567051926824,-0.010714332219618223,0.003908263012919199,False,,
16,interaction,matched_continuous128/common/geometry_probability_mae,0.0018107212904549946,-0.020101603870946626,0.02843399321407672,False,,
16,interaction,matched_continuous128/common/response_rmse,-0.0006564979665933668,-0.04897371796096881,0.06666739348840203,False,,
16,interaction,unequal_distance_w48/common/sequential_kl,0.000569757000351322,-0.0013265550646077283,0.002720061727353961,False,,
16,interaction,unequal_distance_w48/common/parallel_kl,0.0020599109163425,-0.0007499136773509455,0.005124417840783965,False,,
16,interaction,unequal_distance_w48/common/oracle_parallel_kl,0.0,0.0,0.0,False,,
16,interaction,unequal_distance_w48/common/marginal_kl,0.0020599109163424766,-0.0007499136773509413,0.005124417840783954,False,,
16,interaction,unequal_distance_w48/common/order_tv,0.0029499981200150453,7.896379600642878e-05,0.006804251575215744,False,,
16,interaction,unequal_distance_w48/common/geometry_probability_mae,-0.010149846139401925,-0.014763595962496474,-0.005677243898926436,False,,
16,interaction,unequal_distance_w48/common/response_rmse,-0.03030081435392619,-0.042866483127716154,-0.019400316744438678,False,,
16,interaction,w128_k8/CE,0.019692381284342197,0.008555146442020578,0.031101011682067185,False,,
16,interaction,w128_k32/CE,0.003531388873911634,-0.0016007617359464223,0.009410270519539785,False,,
16,interaction,w128_t05/CE,0.000285021403516994,-0.00013589788123734569,0.0007277238896350179,False,,
16,interaction,w128_t095/CE,9.159491036969669e-05,-0.0002964363944658349,0.0004995444750268432,False,,
16,interaction,w48_t05/CE,-1.8933230051532135e-06,-0.00020428762368894515,0.00018286057279779237,False,,
16,interaction,w48_t095/CE,1.2429985131012788e-05,-0.00030467479365492987,0.0003640438104141926,False,,
16,interaction,continuous128/G_1_8_NRMSE,0.00912877164249288,0.0015509629001518397,0.017264996357110266,False,,
16,interaction,continuous128/G_9_48_NRMSE,0.019931686794609604,-0.022748412413451217,0.06323170401494436,False,,
16,interaction,continuous128/G_49_64_NRMSE,0.03821595308127479,-0.04043207537404709,0.11712981130297552,False,,
16,interaction,continuous128/m_bias,-0.0034213595920138786,-0.040539577272203225,0.03414951960245767,False,,
16,interaction,continuous128/m2_bias,-0.017396491434839012,-0.035853391984710485,0.0024167257626282242,False,,
16,interaction,continuous128/abs_m_bias,-0.017150878906250014,-0.03809878561231822,0.004706181420220231,False,,
16,interaction,continuous128/energy_bias,0.003805859716754234,0.0016527311069759072,0.006144982685880116,False,,
16,interaction,continuous48/G_1_8_NRMSE,0.0014721801837070322,-0.01025761840888175,0.012400185175217866,False,,
16,interaction,continuous48/G_9_24_NRMSE,-0.0013120508538040365,-0.033829626606070945,0.027081899068544663,False,,
16,interaction,continuous48/G_1_24_NRMSE,-0.00022591422508336928,-0.02397994973285071,0.020194876363068742,False,,
16,interaction,continuous48/m_bias,-0.003707320601851874,-0.036939776385272,0.023133171929253477,False,,
16,interaction,continuous48/m2_bias,-0.0004956319989490865,-0.012528068391383942,0.014274093005882872,False,,
16,interaction,continuous48/abs_m_bias,-0.0006872106481481469,-0.0169034039532697,0.016010312680844883,False,,
16,interaction,continuous48/energy_bias,0.0009003767730497341,-0.001631673177083302,0.0031572057845744303,False,,
16,interaction,held_s10_w48/G_10_30_NRMSE,-0.010810045498431467,-0.027372259023415196,0.004560589444906222,False,,
16,interaction,held_s10_w48/G_40_120_NRMSE,-0.01522557319958201,-0.05493835961712621,0.020946163064068952,False,,
16,interaction,held_s10_w48/G_130_470_NRMSE,-0.009082736966609967,-0.04734113449829597,0.02281077391135647,False,,
16,interaction,held_s10_w48/m_bias,-0.01106996889467591,-0.08772622567635995,0.047500553837528915,False,,
16,interaction,held_s10_w48/m2_bias,0.0011260205335577814,-0.007774010705359191,0.009770043298540785,False,,
16,interaction,held_s10_w48/abs_m_bias,0.002185962818287054,-0.012573976869936346,0.016314923321759246,False,,
16,interaction,held_s10_w48/energy_bias,-0.002597240691489375,-0.006418301196808569,0.0019964989195479133,False,,
