arm,seed,metric,value
R00,91001,matched_continuous48/natural/sequential_kl,0.0046098486213244985
R00,91001,matched_continuous48/natural/parallel_kl,0.0252608420199052
R00,91001,matched_continuous48/natural/oracle_parallel_kl,0.019273203532861445
R00,91001,matched_continuous48/natural/marginal_kl,0.00598763848704375
R00,91001,matched_continuous48/natural/order_tv,0.03400909912715987
R00,91001,matched_continuous48/natural/geometry_probability_mae,0.03389280889765242
R00,91001,matched_continuous48/natural/response_rmse,0.08078834015659107
R00,91001,matched_continuous96/natural/sequential_kl,0.06199691696790088
R00,91001,matched_continuous96/natural/parallel_kl,0.09494669460249391
R00,91001,matched_continuous96/natural/oracle_parallel_kl,0.019273203532861445
R00,91001,matched_continuous96/natural/marginal_kl,0.07567349106963245
R00,91001,matched_continuous96/natural/order_tv,0.040236021686259324
R00,91001,matched_continuous96/natural/geometry_probability_mae,0.06230904975816638
R00,91001,matched_continuous96/natural/response_rmse,0.15035513767047232
R00,91001,matched_continuous128/natural/sequential_kl,0.1645877717499803
R00,91001,matched_continuous128/natural/parallel_kl,0.1911001544837681
R00,91001,matched_continuous128/natural/oracle_parallel_kl,0.019273203532861445
R00,91001,matched_continuous128/natural/marginal_kl,0.17182695095090672
R00,91001,matched_continuous128/natural/order_tv,0.02238789115283693
R00,91001,matched_continuous128/natural/geometry_probability_mae,0.134321578822566
R00,91001,matched_continuous128/natural/response_rmse,0.34364904267945323
R00,91001,unequal_distance_w48/natural/sequential_kl,0.00976482728617844
R00,91001,unequal_distance_w48/natural/parallel_kl,0.07939543003311987
R00,91001,unequal_distance_w48/natural/oracle_parallel_kl,0.06648278685712661
R00,91001,unequal_distance_w48/natural/marginal_kl,0.012912643175993258
R00,91001,unequal_distance_w48/natural/order_tv,0.03634649179222624
R00,91001,unequal_distance_w48/natural/geometry_probability_mae,0.04029777265198296
R00,91001,unequal_distance_w48/natural/response_rmse,0.08243153783803518
R00,91001,matched_continuous48/common/sequential_kl,0.00405652504471125
R00,91001,matched_continuous48/common/parallel_kl,0.024154194866678705
R00,91001,matched_continuous48/common/oracle_parallel_kl,0.019273203532861445
R00,91001,matched_continuous48/common/marginal_kl,0.004880991333817245
R00,91001,matched_continuous48/common/order_tv,0.031791380149370094
R00,91001,matched_continuous48/common/geometry_probability_mae,0.03389280889765242
R00,91001,matched_continuous48/common/response_rmse,0.08078834015659107
R00,91001,matched_continuous96/common/sequential_kl,0.050609126335319284
R00,91001,matched_continuous96/common/parallel_kl,0.08000549209584891
R00,91001,matched_continuous96/common/oracle_parallel_kl,0.019273203532861445
R00,91001,matched_continuous96/common/marginal_kl,0.060732288562987465
R00,91001,matched_continuous96/common/order_tv,0.033976292719089404
R00,91001,matched_continuous96/common/geometry_probability_mae,0.04881487972499408
R00,91001,matched_continuous96/common/response_rmse,0.1137911357613059
R00,91001,matched_continuous128/common/sequential_kl,0.14085749652333557
R00,91001,matched_continuous128/common/parallel_kl,0.17020476024956366
R00,91001,matched_continuous128/common/oracle_parallel_kl,0.019273203532861445
R00,91001,matched_continuous128/common/marginal_kl,0.15093155671670222
R00,91001,matched_continuous128/common/order_tv,0.02691863830187552
R00,91001,matched_continuous128/common/geometry_probability_mae,0.11823678859276866
R00,91001,matched_continuous128/common/response_rmse,0.30059784745946966
R00,91001,unequal_distance_w48/common/sequential_kl,0.008668701759701978
R00,91001,unequal_distance_w48/common/parallel_kl,0.07720317898016696
R00,91001,unequal_distance_w48/common/oracle_parallel_kl,0.06648278685712661
R00,91001,unequal_distance_w48/common/marginal_kl,0.010720392123040335
R00,91001,unequal_distance_w48/common/order_tv,0.03255322712828533
R00,91001,unequal_distance_w48/common/geometry_probability_mae,0.04029777265198296
R00,91001,unequal_distance_w48/common/response_rmse,0.08243153783803518
R00,91001,w128_k8/CE,0.5239263478952039
R00,91001,w128_k32/CE,0.4754089639047668
R00,91001,w128_t05/CE,0.29982409766208906
R00,91001,w128_t095/CE,0.4102736592991426
R00,91001,w48_t05/CE,0.28475136911879706
R00,91001,w48_t095/CE,0.39872601340018543
R00,91001,continuous128/G_1_8_NRMSE,0.0515493913515441
R00,91001,continuous128/G_9_48_NRMSE,0.18835873974456288
R00,91001,continuous128/G_49_64_NRMSE,0.3347323929117466
R00,91001,continuous128/m_bias,-0.09698629379272461
R00,91001,continuous128/m2_bias,-0.08712148925405927
R00,91001,continuous128/abs_m_bias,-0.10033893585205078
R00,91001,continuous128/energy_bias,0.02429505596010706
R00,91001,continuous48/G_1_8_NRMSE,0.03210375294520164
R00,91001,continuous48/G_9_24_NRMSE,0.040847029268615845
R00,91001,continuous48/G_1_24_NRMSE,0.036658699264555956
R00,91001,continuous48/m_bias,-0.04709455702039934
R00,91001,continuous48/m2_bias,-0.015164855821632961
R00,91001,continuous48/abs_m_bias,-0.01104142930772567
R00,91001,continuous48/energy_bias,0.009463046459441626
R00,91001,held_s10_w48/G_10_30_NRMSE,0.10429914793204421
R00,91001,held_s10_w48/G_40_120_NRMSE,0.2514578624114778
R00,91001,held_s10_w48/G_130_470_NRMSE,0.395299692045115
R00,91001,held_s10_w48/m_bias,-0.021441141764322914
R00,91001,held_s10_w48/m2_bias,-0.08564978543622995
R00,91001,held_s10_w48/abs_m_bias,-0.13763851589626735
R00,91001,held_s10_w48/energy_bias,0.011836491578014197
R00,91002,matched_continuous48/natural/sequential_kl,0.00629317945451515
R00,91002,matched_continuous48/natural/parallel_kl,0.02505985956789312
R00,91002,matched_continuous48/natural/oracle_parallel_kl,0.019273203532861445
R00,91002,matched_continuous48/natural/marginal_kl,0.005786656035031676
R00,91002,matched_continuous48/natural/order_tv,0.032743464811187936
R00,91002,matched_continuous48/natural/geometry_probability_mae,0.039932190234727105
R00,91002,matched_continuous48/natural/response_rmse,0.08702584986271637
R00,91002,matched_continuous96/natural/sequential_kl,0.07741263784227936
R00,91002,matched_continuous96/natural/parallel_kl,0.10812326702965408
R00,91002,matched_continuous96/natural/oracle_parallel_kl,0.019273203532861445
R00,91002,matched_continuous96/natural/marginal_kl,0.08885006349679268
R00,91002,matched_continuous96/natural/order_tv,0.04124397715950099
R00,91002,matched_continuous96/natural/geometry_probability_mae,0.05279645489188474
R00,91002,matched_continuous96/natural/response_rmse,0.13741957001332925
R00,91002,matched_continuous128/natural/sequential_kl,0.14925003106914742
R00,91002,matched_continuous128/natural/parallel_kl,0.17057010942119785
R00,91002,matched_continuous128/natural/oracle_parallel_kl,0.019273203532861445
R00,91002,matched_continuous128/natural/marginal_kl,0.15129690588833644
R00,91002,matched_continuous128/natural/order_tv,0.015076001534154657
R00,91002,matched_continuous128/natural/geometry_probability_mae,0.11837449052257791
R00,91002,matched_continuous128/natural/response_rmse,0.3042681983713368
R00,91002,unequal_distance_w48/natural/sequential_kl,0.0052572298628317405
R00,91002,unequal_distance_w48/natural/parallel_kl,0.06998372383143489
R00,91002,unequal_distance_w48/natural/oracle_parallel_kl,0.06648278685712661
R00,91002,unequal_distance_w48/natural/marginal_kl,0.0035009369743082804
R00,91002,unequal_distance_w48/natural/order_tv,0.026037061001307638
R00,91002,unequal_distance_w48/natural/geometry_probability_mae,0.047221996065490476
R00,91002,unequal_distance_w48/natural/response_rmse,0.10672825880977367
R00,91002,matched_continuous48/common/sequential_kl,0.006248908916561031
R00,91002,matched_continuous48/common/parallel_kl,0.02497131849198489
R00,91002,matched_continuous48/common/oracle_parallel_kl,0.019273203532861445
R00,91002,matched_continuous48/common/marginal_kl,0.005698114959123444
R00,91002,matched_continuous48/common/order_tv,0.03269071521275621
R00,91002,matched_continuous48/common/geometry_probability_mae,0.039932190234727105
R00,91002,matched_continuous48/common/response_rmse,0.08702584986271637
R00,91002,matched_continuous96/common/sequential_kl,0.07551459451670622
R00,91002,matched_continuous96/common/parallel_kl,0.10606653386515688
R00,91002,matched_continuous96/common/oracle_parallel_kl,0.019273203532861445
R00,91002,matched_continuous96/common/marginal_kl,0.08679333033229542
R00,91002,matched_continuous96/common/order_tv,0.04253836016227393
R00,91002,matched_continuous96/common/geometry_probability_mae,0.04971946382554811
R00,91002,matched_continuous96/common/response_rmse,0.13005572068047375
R00,91002,matched_continuous128/common/sequential_kl,0.14686664501840913
R00,91002,matched_continuous128/common/parallel_kl,0.16850123121656346
R00,91002,matched_continuous128/common/oracle_parallel_kl,0.019273203532861445
R00,91002,matched_continuous128/common/marginal_kl,0.149228027683702
R00,91002,matched_continuous128/common/order_tv,0.01580040414172472
R00,91002,matched_continuous128/common/geometry_probability_mae,0.11590482980830923
R00,91002,matched_continuous128/common/response_rmse,0.2980672922061755
R00,91002,unequal_distance_w48/common/sequential_kl,0.005241409831075588
R00,91002,unequal_distance_w48/common/parallel_kl,0.06995208376792263
R00,91002,unequal_distance_w48/common/oracle_parallel_kl,0.06648278685712661
R00,91002,unequal_distance_w48/common/marginal_kl,0.003469296910795983
R00,91002,unequal_distance_w48/common/order_tv,0.02609031524215264
R00,91002,unequal_distance_w48/common/geometry_probability_mae,0.047221996065490476
R00,91002,unequal_distance_w48/common/response_rmse,0.10672825880977367
R00,91002,w128_k8/CE,0.564061012916744
R00,91002,w128_k32/CE,0.4757763655331009
R00,91002,w128_t05/CE,0.29942733924440035
R00,91002,w128_t095/CE,0.4086098082535331
R00,91002,w48_t05/CE,0.28449951553831243
R00,91002,w48_t095/CE,0.39771659885515254
R00,91002,continuous128/G_1_8_NRMSE,0.08612792492431583
R00,91002,continuous128/G_9_48_NRMSE,0.3346141262990913
R00,91002,continuous128/G_49_64_NRMSE,0.5448898780935963
R00,91002,continuous128/m_bias,-0.04952891667683919
R00,91002,continuous128/m2_bias,-0.1461791304075935
R00,91002,continuous128/abs_m_bias,-0.18365192413330078
R00,91002,continuous128/energy_bias,0.028908096273427275
R00,91002,continuous48/G_1_8_NRMSE,0.020424355404031567
R00,91002,continuous48/G_9_24_NRMSE,0.10078471485734067
R00,91002,continuous48/G_1_24_NRMSE,0.0721126353679956
R00,91002,continuous48/m_bias,0.09329986572265625
R00,91002,continuous48/m2_bias,-0.04799528254403007
R00,91002,continuous48/abs_m_bias,-0.061863369411892355
R00,91002,continuous48/energy_bias,0.002356995927526584
R00,91002,held_s10_w48/G_10_30_NRMSE,0.04914309123895491
R00,91002,held_s10_w48/G_40_120_NRMSE,0.03196965324458065
R00,91002,held_s10_w48/G_130_470_NRMSE,0.19456247050440362
R00,91002,held_s10_w48/m_bias,0.11058468288845485
R00,91002,held_s10_w48/m2_bias,0.016918852741335616
R00,91002,held_s10_w48/abs_m_bias,0.00865597195095491
R00,91002,held_s10_w48/energy_bias,-0.02438635859929078
R00,91003,matched_continuous48/natural/sequential_kl,0.003632221994073103
R00,91003,matched_continuous48/natural/parallel_kl,0.023615741993213965
R00,91003,matched_continuous48/natural/oracle_parallel_kl,0.019273203532861445
R00,91003,matched_continuous48/natural/marginal_kl,0.004342538460352512
R00,91003,matched_continuous48/natural/order_tv,0.02878320004357769
R00,91003,matched_continuous48/natural/geometry_probability_mae,0.032383875017591955
R00,91003,matched_continuous48/natural/response_rmse,0.05746357527476989
R00,91003,matched_continuous96/natural/sequential_kl,0.0903145442379614
R00,91003,matched_continuous96/natural/parallel_kl,0.11921434576671834
R00,91003,matched_continuous96/natural/oracle_parallel_kl,0.019273203532861445
R00,91003,matched_continuous96/natural/marginal_kl,0.09994114223385689
R00,91003,matched_continuous96/natural/order_tv,0.04494904101627663
R00,91003,matched_continuous96/natural/geometry_probability_mae,0.06798853306551868
R00,91003,matched_continuous96/natural/response_rmse,0.15546408376246487
R00,91003,matched_continuous128/natural/sequential_kl,0.1654178553608635
R00,91003,matched_continuous128/natural/parallel_kl,0.17655579878033956
R00,91003,matched_continuous128/natural/oracle_parallel_kl,0.019273203532861445
R00,91003,matched_continuous128/natural/marginal_kl,0.15728259524747815
R00,91003,matched_continuous128/natural/order_tv,0.009267917346280255
R00,91003,matched_continuous128/natural/geometry_probability_mae,0.11165207375719728
R00,91003,matched_continuous128/natural/response_rmse,0.28129419857073146
R00,91003,unequal_distance_w48/natural/sequential_kl,0.004108480546066999
R00,91003,unequal_distance_w48/natural/parallel_kl,0.06954160801725959
R00,91003,unequal_distance_w48/natural/oracle_parallel_kl,0.06648278685712661
R00,91003,unequal_distance_w48/natural/marginal_kl,0.0030588211601329605
R00,91003,unequal_distance_w48/natural/order_tv,0.030584603623139816
R00,91003,unequal_distance_w48/natural/geometry_probability_mae,0.03946709201848696
R00,91003,unequal_distance_w48/natural/response_rmse,0.0844915410121893
R00,91003,matched_continuous48/common/sequential_kl,0.003556082939971306
R00,91003,matched_continuous48/common/parallel_kl,0.02346346388501035
R00,91003,matched_continuous48/common/oracle_parallel_kl,0.019273203532861445
R00,91003,matched_continuous48/common/marginal_kl,0.004190260352148915
R00,91003,matched_continuous48/common/order_tv,0.02807315490887883
R00,91003,matched_continuous48/common/geometry_probability_mae,0.032383875017591955
R00,91003,matched_continuous48/common/response_rmse,0.05746357527476989
R00,91003,matched_continuous96/common/sequential_kl,0.0832724992127543
R00,91003,matched_continuous96/common/parallel_kl,0.11277712757486387
R00,91003,matched_continuous96/common/oracle_parallel_kl,0.019273203532861445
R00,91003,matched_continuous96/common/marginal_kl,0.09350392404200242
R00,91003,matched_continuous96/common/order_tv,0.04716222555129786
R00,91003,matched_continuous96/common/geometry_probability_mae,0.06354049443566727
R00,91003,matched_continuous96/common/response_rmse,0.14084133686406677
R00,91003,matched_continuous128/common/sequential_kl,0.15791789218340854
R00,91003,matched_continuous128/common/parallel_kl,0.16971762767658127
R00,91003,matched_continuous128/common/oracle_parallel_kl,0.019273203532861445
R00,91003,matched_continuous128/common/marginal_kl,0.1504444241437198
R00,91003,matched_continuous128/common/order_tv,0.010293672559108388
R00,91003,matched_continuous128/common/geometry_probability_mae,0.10580937387855797
R00,91003,matched_continuous128/common/response_rmse,0.265557301720716
R00,91003,unequal_distance_w48/common/sequential_kl,0.004047513596998565
R00,91003,unequal_distance_w48/common/parallel_kl,0.06941967411912273
R00,91003,unequal_distance_w48/common/oracle_parallel_kl,0.06648278685712661
R00,91003,unequal_distance_w48/common/marginal_kl,0.0029368872619961
R00,91003,unequal_distance_w48/common/order_tv,0.03014924372669888
R00,91003,unequal_distance_w48/common/geometry_probability_mae,0.03946709201848696
R00,91003,unequal_distance_w48/common/response_rmse,0.0844915410121893
R00,91003,w128_k8/CE,0.5476037086640286
R00,91003,w128_k32/CE,0.4784620643115871
R00,91003,w128_t05/CE,0.3008670008299993
R00,91003,w128_t095/CE,0.4114593804188542
R00,91003,w48_t05/CE,0.2845205029231943
R00,91003,w48_t095/CE,0.3980469709110986
R00,91003,continuous128/G_1_8_NRMSE,0.046614318722639624
R00,91003,continuous128/G_9_48_NRMSE,0.10149182979036998
R00,91003,continuous128/G_49_64_NRMSE,0.23952081240985415
R00,91003,continuous128/m_bias,-0.13886785507202148
R00,91003,continuous128/m2_bias,-0.062475005426676944
R00,91003,continuous128/abs_m_bias,-0.07215468088785809
R00,91003,continuous128/energy_bias,0.03489114355853229
R00,91003,continuous48/G_1_8_NRMSE,0.040352695373985094
R00,91003,continuous48/G_9_24_NRMSE,0.0778088729059528
R00,91003,continuous48/G_1_24_NRMSE,0.06165786637370513
R00,91003,continuous48/m_bias,0.07606082492404513
R00,91003,continuous48/m2_bias,-0.034596570480016964
R00,91003,continuous48/abs_m_bias,-0.03276994493272567
R00,91003,continuous48/energy_bias,0.006921213569370699
R00,91003,held_s10_w48/G_10_30_NRMSE,0.14441281377062878
R00,91003,held_s10_w48/G_40_120_NRMSE,0.24204957613254427
R00,91003,held_s10_w48/G_130_470_NRMSE,0.16117535254639256
R00,91003,held_s10_w48/m_bias,-0.15422651502821177
R00,91003,held_s10_w48/m2_bias,-0.045913897178791185
R00,91003,held_s10_w48/abs_m_bias,-0.07093387179904515
R00,91003,held_s10_w48/energy_bias,0.0072099401595744905
R00,91004,matched_continuous48/natural/sequential_kl,0.0015542238706498614
R00,91004,matched_continuous48/natural/parallel_kl,0.020774808601518372
R00,91004,matched_continuous48/natural/oracle_parallel_kl,0.019273203532861445
R00,91004,matched_continuous48/natural/marginal_kl,0.0015016050686569326
R00,91004,matched_continuous48/natural/order_tv,0.016749872393820097
R00,91004,matched_continuous48/natural/geometry_probability_mae,0.020184597657170435
R00,91004,matched_continuous48/natural/response_rmse,0.039894331361804765
R00,91004,matched_continuous96/natural/sequential_kl,0.10155551125913392
R00,91004,matched_continuous96/natural/parallel_kl,0.13989036694343493
R00,91004,matched_continuous96/natural/oracle_parallel_kl,0.019273203532861445
R00,91004,matched_continuous96/natural/marginal_kl,0.12061716341057349
R00,91004,matched_continuous96/natural/order_tv,0.03685393238714098
R00,91004,matched_continuous96/natural/geometry_probability_mae,0.09130886977850179
R00,91004,matched_continuous96/natural/response_rmse,0.2340945590575724
R00,91004,matched_continuous128/natural/sequential_kl,0.1858357310368319
R00,91004,matched_continuous128/natural/parallel_kl,0.20326969204145073
R00,91004,matched_continuous128/natural/oracle_parallel_kl,0.019273203532861445
R00,91004,matched_continuous128/natural/marginal_kl,0.1839964885085893
R00,91004,matched_continuous128/natural/order_tv,0.009060516017284803
R00,91004,matched_continuous128/natural/geometry_probability_mae,0.14534339545993308
R00,91004,matched_continuous128/natural/response_rmse,0.3737236400087878
R00,91004,unequal_distance_w48/natural/sequential_kl,0.0039506020754053696
R00,91004,unequal_distance_w48/natural/parallel_kl,0.06991638008478879
R00,91004,unequal_distance_w48/natural/oracle_parallel_kl,0.06648278685712661
R00,91004,unequal_distance_w48/natural/marginal_kl,0.0034335932276621573
R00,91004,unequal_distance_w48/natural/order_tv,0.016456126193994957
R00,91004,unequal_distance_w48/natural/geometry_probability_mae,0.026689525243782965
R00,91004,unequal_distance_w48/natural/response_rmse,0.0247546090691127
R00,91004,matched_continuous48/common/sequential_kl,0.0015699157131187583
R00,91004,matched_continuous48/common/parallel_kl,0.020806192286456176
R00,91004,matched_continuous48/common/oracle_parallel_kl,0.019273203532861445
R00,91004,matched_continuous48/common/marginal_kl,0.0015329887535947215
R00,91004,matched_continuous48/common/order_tv,0.01742405985318105
R00,91004,matched_continuous48/common/geometry_probability_mae,0.020184597657170435
R00,91004,matched_continuous48/common/response_rmse,0.039894331361804765
R00,91004,matched_continuous96/common/sequential_kl,0.09211790555525956
R00,91004,matched_continuous96/common/parallel_kl,0.13024504804193707
R00,91004,matched_continuous96/common/oracle_parallel_kl,0.019273203532861445
R00,91004,matched_continuous96/common/marginal_kl,0.11097184450907559
R00,91004,matched_continuous96/common/order_tv,0.03747379229038127
R00,91004,matched_continuous96/common/geometry_probability_mae,0.08380417142375092
R00,91004,matched_continuous96/common/response_rmse,0.21397925612830104
R00,91004,matched_continuous128/common/sequential_kl,0.17878755246734596
R00,91004,matched_continuous128/common/parallel_kl,0.19800830946158648
R00,91004,matched_continuous128/common/oracle_parallel_kl,0.019273203532861445
R00,91004,matched_continuous128/common/marginal_kl,0.17873510592872507
R00,91004,matched_continuous128/common/order_tv,0.010465545833774126
R00,91004,matched_continuous128/common/geometry_probability_mae,0.14222282201930464
R00,91004,matched_continuous128/common/response_rmse,0.36592116085805326
R00,91004,unequal_distance_w48/common/sequential_kl,0.0035488244152172242
R00,91004,unequal_distance_w48/common/parallel_kl,0.0691128247644125
R00,91004,unequal_distance_w48/common/oracle_parallel_kl,0.06648278685712661
R00,91004,unequal_distance_w48/common/marginal_kl,0.002630037907285868
R00,91004,unequal_distance_w48/common/order_tv,0.01724517663911007
R00,91004,unequal_distance_w48/common/geometry_probability_mae,0.026689525243782965
R00,91004,unequal_distance_w48/common/response_rmse,0.0247546090691127
R00,91004,w128_k8/CE,0.5782604747133464
R00,91004,w128_k32/CE,0.47734904811610746
R00,91004,w128_t05/CE,0.2993545435662382
R00,91004,w128_t095/CE,0.40955474340953946
R00,91004,w48_t05/CE,0.2846036936394215
R00,91004,w48_t095/CE,0.3978071057126109
R00,91004,continuous128/G_1_8_NRMSE,0.04218411100353778
R00,91004,continuous128/G_9_48_NRMSE,0.16829915627616981
R00,91004,continuous128/G_49_64_NRMSE,0.33626800825933184
R00,91004,continuous128/m_bias,-0.05277649561564128
R00,91004,continuous128/m2_bias,-0.09797412105641948
R00,91004,continuous128/abs_m_bias,-0.1291373570760091
R00,91004,continuous128/energy_bias,0.025783608904660915
R00,91004,continuous48/G_1_8_NRMSE,0.02354254017651424
R00,91004,continuous48/G_9_24_NRMSE,0.04850738968617087
R00,91004,continuous48/G_1_24_NRMSE,0.03791464327852606
R00,91004,continuous48/m_bias,-0.10498301188151044
R00,91004,continuous48/m2_bias,0.011489234588764385
R00,91004,continuous48/abs_m_bias,0.003417121039496651
R00,91004,continuous48/energy_bias,-0.0014869202958776029
R00,91004,held_s10_w48/G_10_30_NRMSE,0.08922256442009448
R00,91004,held_s10_w48/G_40_120_NRMSE,0.22372802156364113
R00,91004,held_s10_w48/G_130_470_NRMSE,0.19817141031920524
R00,91004,held_s10_w48/m_bias,0.03434499104817708
R00,91004,held_s10_w48/m2_bias,-0.04805864007384689
R00,91004,held_s10_w48/abs_m_bias,-0.07520633273654515
R00,91004,held_s10_w48/energy_bias,0.002410239361702149
R00,91005,matched_continuous48/natural/sequential_kl,0.0027748243170170003
R00,91005,matched_continuous48/natural/parallel_kl,0.02255084043439343
R00,91005,matched_continuous48/natural/oracle_parallel_kl,0.019273203532861445
R00,91005,matched_continuous48/natural/marginal_kl,0.003277636901531973
R00,91005,matched_continuous48/natural/order_tv,0.027492644210622585
R00,91005,matched_continuous48/natural/geometry_probability_mae,0.02467360567125919
R00,91005,matched_continuous48/natural/response_rmse,0.06161190436732975
R00,91005,matched_continuous96/natural/sequential_kl,0.10736248197060166
R00,91005,matched_continuous96/natural/parallel_kl,0.1411953284957604
R00,91005,matched_continuous96/natural/oracle_parallel_kl,0.019273203532861445
R00,91005,matched_continuous96/natural/marginal_kl,0.12192212496289898
R00,91005,matched_continuous96/natural/order_tv,0.03344840499731115
R00,91005,matched_continuous96/natural/geometry_probability_mae,0.09064596730264053
R00,91005,matched_continuous96/natural/response_rmse,0.2296472656172465
R00,91005,matched_continuous128/natural/sequential_kl,0.18368253279252528
R00,91005,matched_continuous128/natural/parallel_kl,0.19741134034577046
R00,91005,matched_continuous128/natural/oracle_parallel_kl,0.019273203532861445
R00,91005,matched_continuous128/natural/marginal_kl,0.178138136812909
R00,91005,matched_continuous128/natural/order_tv,0.008746322246264537
R00,91005,matched_continuous128/natural/geometry_probability_mae,0.13528629122736005
R00,91005,matched_continuous128/natural/response_rmse,0.34597786051367535
R00,91005,unequal_distance_w48/natural/sequential_kl,0.013335206057529886
R00,91005,unequal_distance_w48/natural/parallel_kl,0.0833163829949642
R00,91005,unequal_distance_w48/natural/oracle_parallel_kl,0.06648278685712661
R00,91005,unequal_distance_w48/natural/marginal_kl,0.016833596137837584
R00,91005,unequal_distance_w48/natural/order_tv,0.02773783501031244
R00,91005,unequal_distance_w48/natural/geometry_probability_mae,0.022367691982290903
R00,91005,unequal_distance_w48/natural/response_rmse,0.05040229816209638
R00,91005,matched_continuous48/common/sequential_kl,0.0026165290115612123
R00,91005,matched_continuous48/common/parallel_kl,0.022234249823481843
R00,91005,matched_continuous48/common/oracle_parallel_kl,0.019273203532861445
R00,91005,matched_continuous48/common/marginal_kl,0.002961046290620388
R00,91005,matched_continuous48/common/order_tv,0.026775758157873256
R00,91005,matched_continuous48/common/geometry_probability_mae,0.02467360567125919
R00,91005,matched_continuous48/common/response_rmse,0.06161190436732975
R00,91005,matched_continuous96/common/sequential_kl,0.1042062538471729
R00,91005,matched_continuous96/common/parallel_kl,0.13854194656297605
R00,91005,matched_continuous96/common/oracle_parallel_kl,0.019273203532861445
R00,91005,matched_continuous96/common/marginal_kl,0.11926874303011459
R00,91005,matched_continuous96/common/order_tv,0.0340047488168464
R00,91005,matched_continuous96/common/geometry_probability_mae,0.08931864048087897
R00,91005,matched_continuous96/common/response_rmse,0.22594459108464582
R00,91005,matched_continuous128/common/sequential_kl,0.1813908008355656
R00,91005,matched_continuous128/common/parallel_kl,0.19559593753474183
R00,91005,matched_continuous128/common/oracle_parallel_kl,0.019273203532861445
R00,91005,matched_continuous128/common/marginal_kl,0.17632273400188034
R00,91005,matched_continuous128/common/order_tv,0.009022741483093163
R00,91005,matched_continuous128/common/geometry_probability_mae,0.13426472582357077
R00,91005,matched_continuous128/common/response_rmse,0.3433172258062381
R00,91005,unequal_distance_w48/common/sequential_kl,0.013017076357091243
R00,91005,unequal_distance_w48/common/parallel_kl,0.08268012359408691
R00,91005,unequal_distance_w48/common/oracle_parallel_kl,0.06648278685712661
R00,91005,unequal_distance_w48/common/marginal_kl,0.016197336736960284
R00,91005,unequal_distance_w48/common/order_tv,0.026956072311158874
R00,91005,unequal_distance_w48/common/geometry_probability_mae,0.022367691982290903
R00,91005,unequal_distance_w48/common/response_rmse,0.05040229816209638
R00,91005,w128_k8/CE,0.5622702332107097
R00,91005,w128_k32/CE,0.4825796897135124
R00,91005,w128_t05/CE,0.2989887386513201
R00,91005,w128_t095/CE,0.4115148436552038
R00,91005,w48_t05/CE,0.2843125515160541
R00,91005,w48_t095/CE,0.3985860919652498
R00,91005,continuous128/G_1_8_NRMSE,0.009969055248896665
R00,91005,continuous128/G_9_48_NRMSE,0.07617568793036793
R00,91005,continuous128/G_49_64_NRMSE,0.22067228603304218
R00,91005,continuous128/m_bias,0.06386168797810873
R00,91005,continuous128/m2_bias,-0.0677130201656837
R00,91005,continuous128/abs_m_bias,-0.09095732371012372
R00,91005,continuous128/energy_bias,0.01296654648668194
R00,91005,continuous48/G_1_8_NRMSE,0.06959347927569781
R00,91005,continuous48/G_9_24_NRMSE,0.12699589336669317
R00,91005,continuous48/G_1_24_NRMSE,0.1019051868441287
R00,91005,continuous48/m_bias,0.172591315375434
R00,91005,continuous48/m2_bias,-0.04639854916819819
R00,91005,continuous48/abs_m_bias,-0.0542950100368923
R00,91005,continuous48/energy_bias,0.013362370484264252
R00,91005,held_s10_w48/G_10_30_NRMSE,0.1740310158707264
R00,91005,held_s10_w48/G_40_120_NRMSE,0.348665420528867
R00,91005,held_s10_w48/G_130_470_NRMSE,0.32008488967221577
R00,91005,held_s10_w48/m_bias,0.2522947523328993
R00,91005,held_s10_w48/m2_bias,-0.07655922056716166
R00,91005,held_s10_w48/abs_m_bias,-0.10503217909071183
R00,91005,held_s10_w48/energy_bias,0.01066600177304966
R00,91006,matched_continuous48/natural/sequential_kl,0.008533756499010087
R00,91006,matched_continuous48/natural/parallel_kl,0.03132481120181414
R00,91006,matched_continuous48/natural/oracle_parallel_kl,0.019273203532861445
R00,91006,matched_continuous48/natural/marginal_kl,0.012051607668952703
R00,91006,matched_continuous48/natural/order_tv,0.05257032565820283
R00,91006,matched_continuous48/natural/geometry_probability_mae,0.03636943496803221
R00,91006,matched_continuous48/natural/response_rmse,0.07088079440426086
R00,91006,matched_continuous96/natural/sequential_kl,0.17502994715922665
R00,91006,matched_continuous96/natural/parallel_kl,0.20475097928163835
R00,91006,matched_continuous96/natural/oracle_parallel_kl,0.019273203532861445
R00,91006,matched_continuous96/natural/marginal_kl,0.18547777574877689
R00,91006,matched_continuous96/natural/order_tv,0.021041432566611798
R00,91006,matched_continuous96/natural/geometry_probability_mae,0.14567117749660796
R00,91006,matched_continuous96/natural/response_rmse,0.37398029211834105
R00,91006,matched_continuous128/natural/sequential_kl,0.21706791701572822
R00,91006,matched_continuous128/natural/parallel_kl,0.22590190045993638
R00,91006,matched_continuous128/natural/oracle_parallel_kl,0.019273203532861445
R00,91006,matched_continuous128/natural/marginal_kl,0.20662869692707492
R00,91006,matched_continuous128/natural/order_tv,0.004209972126982611
R00,91006,matched_continuous128/natural/geometry_probability_mae,0.155465317002965
R00,91006,matched_continuous128/natural/response_rmse,0.39864865843643177
R00,91006,unequal_distance_w48/natural/sequential_kl,0.0060686272052639986
R00,91006,unequal_distance_w48/natural/parallel_kl,0.07398913109612322
R00,91006,unequal_distance_w48/natural/oracle_parallel_kl,0.06648278685712661
R00,91006,unequal_distance_w48/natural/marginal_kl,0.007506344238996615
R00,91006,unequal_distance_w48/natural/order_tv,0.03272934659056402
R00,91006,unequal_distance_w48/natural/geometry_probability_mae,0.023794062046137182
R00,91006,unequal_distance_w48/natural/response_rmse,0.04459333238542536
R00,91006,matched_continuous48/common/sequential_kl,0.00812581404768519
R00,91006,matched_continuous48/common/parallel_kl,0.030508926299164338
R00,91006,matched_continuous48/common/oracle_parallel_kl,0.019273203532861445
R00,91006,matched_continuous48/common/marginal_kl,0.011235722766302891
R00,91006,matched_continuous48/common/order_tv,0.0482059490961531
R00,91006,matched_continuous48/common/geometry_probability_mae,0.03636943496803221
R00,91006,matched_continuous48/common/response_rmse,0.07088079440426086
R00,91006,matched_continuous96/common/sequential_kl,0.16112267986512777
R00,91006,matched_continuous96/common/parallel_kl,0.19547199103786345
R00,91006,matched_continuous96/common/oracle_parallel_kl,0.019273203532861445
R00,91006,matched_continuous96/common/marginal_kl,0.17619878750500198
R00,91006,matched_continuous96/common/order_tv,0.026772939429204723
R00,91006,matched_continuous96/common/geometry_probability_mae,0.13911067933310958
R00,91006,matched_continuous96/common/response_rmse,0.3569587075399082
R00,91006,matched_continuous128/common/sequential_kl,0.2097590311895756
R00,91006,matched_continuous128/common/parallel_kl,0.22052535771944412
R00,91006,matched_continuous128/common/oracle_parallel_kl,0.019273203532861445
R00,91006,matched_continuous128/common/marginal_kl,0.20125215418658268
R00,91006,matched_continuous128/common/order_tv,0.005594220302516981
R00,91006,matched_continuous128/common/geometry_probability_mae,0.15191853935597638
R00,91006,matched_continuous128/common/response_rmse,0.38957116650715196
R00,91006,unequal_distance_w48/common/sequential_kl,0.005773319262265783
R00,91006,unequal_distance_w48/common/parallel_kl,0.07339851521012682
R00,91006,unequal_distance_w48/common/oracle_parallel_kl,0.06648278685712661
R00,91006,unequal_distance_w48/common/marginal_kl,0.006915728353000179
R00,91006,unequal_distance_w48/common/order_tv,0.03002178746574783
R00,91006,unequal_distance_w48/common/geometry_probability_mae,0.023794062046137182
R00,91006,unequal_distance_w48/common/response_rmse,0.04459333238542536
R00,91006,w128_k8/CE,0.590615657243656
R00,91006,w128_k32/CE,0.4938065133347311
R00,91006,w128_t05/CE,0.3007916424999422
R00,91006,w128_t095/CE,0.4104971900980608
R00,91006,w48_t05/CE,0.28413387999801004
R00,91006,w48_t095/CE,0.398517572042706
R00,91006,continuous128/G_1_8_NRMSE,0.04737592917090418
R00,91006,continuous128/G_9_48_NRMSE,0.11670340250072019
R00,91006,continuous128/G_49_64_NRMSE,0.20487925314041064
R00,91006,continuous128/m_bias,0.27035506566365564
R00,91006,continuous128/m2_bias,-0.05721379408108382
R00,91006,continuous128/abs_m_bias,-0.07093652089436847
R00,91006,continuous128/energy_bias,0.02390481543353229
R00,91006,continuous48/G_1_8_NRMSE,0.014865757298334689
R00,91006,continuous48/G_9_24_NRMSE,0.039319219894733894
R00,91006,continuous48/G_1_24_NRMSE,0.029523620472992892
R00,91006,continuous48/m_bias,0.019962734646267362
R00,91006,continuous48/m2_bias,0.0094093768684953
R00,91006,continuous48/abs_m_bias,0.0026575724283854907
R00,91006,continuous48/energy_bias,0.0004454267785904964
R00,91006,held_s10_w48/G_10_30_NRMSE,0.09752443355972182
R00,91006,held_s10_w48/G_40_120_NRMSE,0.09975039191412709
R00,91006,held_s10_w48/G_130_470_NRMSE,0.09888920894944439
R00,91006,held_s10_w48/m_bias,-0.0402128431532118
R00,91006,held_s10_w48/m2_bias,-0.005133017345711061
R00,91006,held_s10_w48/abs_m_bias,-0.016056484646267355
R00,91006,held_s10_w48/energy_bias,0.017211048315602884
R01,91001,matched_continuous48/natural/sequential_kl,0.0020284137347137935
R01,91001,matched_continuous48/natural/parallel_kl,0.021695985271159693
R01,91001,matched_continuous48/natural/oracle_parallel_kl,0.019273203532861445
R01,91001,matched_continuous48/natural/marginal_kl,0.002422781738298246
R01,91001,matched_continuous48/natural/order_tv,0.02367958468566428
R01,91001,matched_continuous48/natural/geometry_probability_mae,0.026056807856436402
R01,91001,matched_continuous48/natural/response_rmse,0.05655729652712146
R01,91001,matched_continuous96/natural/sequential_kl,0.03805009515461774
R01,91001,matched_continuous96/natural/parallel_kl,0.06647143456372474
R01,91001,matched_continuous96/natural/oracle_parallel_kl,0.019273203532861445
R01,91001,matched_continuous96/natural/marginal_kl,0.047198231030863284
R01,91001,matched_continuous96/natural/order_tv,0.041348490577207554
R01,91001,matched_continuous96/natural/geometry_probability_mae,0.04820581829749935
R01,91001,matched_continuous96/natural/response_rmse,0.06987508606623512
R01,91001,matched_continuous128/natural/sequential_kl,0.09905597580888977
R01,91001,matched_continuous128/natural/parallel_kl,0.1254982796513339
R01,91001,matched_continuous128/natural/oracle_parallel_kl,0.019273203532861445
R01,91001,matched_continuous128/natural/marginal_kl,0.10622507611847248
R01,91001,matched_continuous128/natural/order_tv,0.02448951413437074
R01,91001,matched_continuous128/natural/geometry_probability_mae,0.07782151347280207
R01,91001,matched_continuous128/natural/response_rmse,0.19219275027688712
R01,91001,unequal_distance_w48/natural/sequential_kl,0.0059387059410786255
R01,91001,unequal_distance_w48/natural/parallel_kl,0.07337625413377966
R01,91001,unequal_distance_w48/natural/oracle_parallel_kl,0.06648278685712661
R01,91001,unequal_distance_w48/natural/marginal_kl,0.006893467276653037
R01,91001,unequal_distance_w48/natural/order_tv,0.02532857602084252
R01,91001,unequal_distance_w48/natural/geometry_probability_mae,0.03739414148633257
R01,91001,unequal_distance_w48/natural/response_rmse,0.08113448432964657
R01,91001,matched_continuous48/common/sequential_kl,0.0019474251912993984
R01,91001,matched_continuous48/common/parallel_kl,0.021534008184330922
R01,91001,matched_continuous48/common/oracle_parallel_kl,0.019273203532861445
R01,91001,matched_continuous48/common/marginal_kl,0.0022608046514694673
R01,91001,matched_continuous48/common/order_tv,0.02354043170032933
R01,91001,matched_continuous48/common/geometry_probability_mae,0.026056807856436402
R01,91001,matched_continuous48/common/response_rmse,0.05655729652712146
R01,91001,matched_continuous96/common/sequential_kl,0.03694268711040678
R01,91001,matched_continuous96/common/parallel_kl,0.06569114275932958
R01,91001,matched_continuous96/common/oracle_parallel_kl,0.019273203532861445
R01,91001,matched_continuous96/common/marginal_kl,0.046417939226468134
R01,91001,matched_continuous96/common/order_tv,0.04208905830056962
R01,91001,matched_continuous96/common/geometry_probability_mae,0.05044283882358067
R01,91001,matched_continuous96/common/response_rmse,0.06573474360799657
R01,91001,matched_continuous128/common/sequential_kl,0.08851235718274574
R01,91001,matched_continuous128/common/parallel_kl,0.11274328692382522
R01,91001,matched_continuous128/common/oracle_parallel_kl,0.019273203532861445
R01,91001,matched_continuous128/common/marginal_kl,0.09347008339096377
R01,91001,matched_continuous128/common/order_tv,0.020552385458289385
R01,91001,matched_continuous128/common/geometry_probability_mae,0.06412569742903773
R01,91001,matched_continuous128/common/response_rmse,0.15593802309630556
R01,91001,unequal_distance_w48/common/sequential_kl,0.0057992889683943566
R01,91001,unequal_distance_w48/common/parallel_kl,0.07309742018841112
R01,91001,unequal_distance_w48/common/oracle_parallel_kl,0.06648278685712661
R01,91001,unequal_distance_w48/common/marginal_kl,0.0066146333312845085
R01,91001,unequal_distance_w48/common/order_tv,0.02472420492953948
R01,91001,unequal_distance_w48/common/geometry_probability_mae,0.03739414148633257
R01,91001,unequal_distance_w48/common/response_rmse,0.08113448432964657
R01,91001,w128_k8/CE,0.5063835865590177
R01,91001,w128_k32/CE,0.47415626665290794
R01,91001,w128_t05/CE,0.2995539198254942
R01,91001,w128_t095/CE,0.4104593570083899
R01,91001,w48_t05/CE,0.2846744542279618
R01,91001,w48_t095/CE,0.39847474982256526
R01,91001,continuous128/G_1_8_NRMSE,0.03718989323712945
R01,91001,continuous128/G_9_48_NRMSE,0.13426091727981304
R01,91001,continuous128/G_49_64_NRMSE,0.2691569825437311
R01,91001,continuous128/m_bias,-0.10983546574910483
R01,91001,continuous128/m2_bias,-0.06921002450205074
R01,91001,continuous128/abs_m_bias,-0.07762749989827472
R01,91001,continuous128/energy_bias,0.0212352882845821
R01,91001,continuous48/G_1_8_NRMSE,0.019880784445174816
R01,91001,continuous48/G_9_24_NRMSE,0.021738602636667922
R01,91001,continuous48/G_1_24_NRMSE,0.02081380808846887
R01,91001,continuous48/m_bias,-0.07207828097873262
R01,91001,continuous48/m2_bias,-0.00906390687565739
R01,91001,continuous48/abs_m_bias,-0.00895267062717009
R01,91001,continuous48/energy_bias,0.007648440962987557
R01,91001,held_s10_w48/G_10_30_NRMSE,0.10789062766573186
R01,91001,held_s10_w48/G_40_120_NRMSE,0.27157652944282246
R01,91001,held_s10_w48/G_130_470_NRMSE,0.43914107467385427
R01,91001,held_s10_w48/m_bias,0.0007349650065104213
R01,91001,held_s10_w48/m2_bias,-0.09644496661645394
R01,91001,held_s10_w48/abs_m_bias,-0.15441640218098956
R01,91001,held_s10_w48/energy_bias,0.008809840425531956
R01,91002,matched_continuous48/natural/sequential_kl,0.004097473206199875
R01,91002,matched_continuous48/natural/parallel_kl,0.021114791129462938
R01,91002,matched_continuous48/natural/oracle_parallel_kl,0.019273203532861445
R01,91002,matched_continuous48/natural/marginal_kl,0.0018415875966015017
R01,91002,matched_continuous48/natural/order_tv,0.028919361467716415
R01,91002,matched_continuous48/natural/geometry_probability_mae,0.04509166632440966
R01,91002,matched_continuous48/natural/response_rmse,0.10257852942848404
R01,91002,matched_continuous96/natural/sequential_kl,0.06024689389586884
R01,91002,matched_continuous96/natural/parallel_kl,0.0884860959591092
R01,91002,matched_continuous96/natural/oracle_parallel_kl,0.019273203532861445
R01,91002,matched_continuous96/natural/marginal_kl,0.06921289242624776
R01,91002,matched_continuous96/natural/order_tv,0.039991453989580476
R01,91002,matched_continuous96/natural/geometry_probability_mae,0.032783946012116906
R01,91002,matched_continuous96/natural/response_rmse,0.07663647950629618
R01,91002,matched_continuous128/natural/sequential_kl,0.12686535794469397
R01,91002,matched_continuous128/natural/parallel_kl,0.14832653093179607
R01,91002,matched_continuous128/natural/oracle_parallel_kl,0.019273203532861445
R01,91002,matched_continuous128/natural/marginal_kl,0.12905332739893463
R01,91002,matched_continuous128/natural/order_tv,0.016033418105296043
R01,91002,matched_continuous128/natural/geometry_probability_mae,0.09722956952586355
R01,91002,matched_continuous128/natural/response_rmse,0.24716361316139415
R01,91002,unequal_distance_w48/natural/sequential_kl,0.004705630478342529
R01,91002,unequal_distance_w48/natural/parallel_kl,0.06958204271238065
R01,91002,unequal_distance_w48/natural/oracle_parallel_kl,0.06648278685712661
R01,91002,unequal_distance_w48/natural/marginal_kl,0.0030992558552540264
R01,91002,unequal_distance_w48/natural/order_tv,0.02544110707767654
R01,91002,unequal_distance_w48/natural/geometry_probability_mae,0.049322423151790556
R01,91002,unequal_distance_w48/natural/response_rmse,0.10857387642822659
R01,91002,matched_continuous48/common/sequential_kl,0.003990649155089239
R01,91002,matched_continuous48/common/parallel_kl,0.020901143027241675
R01,91002,matched_continuous48/common/oracle_parallel_kl,0.019273203532861445
R01,91002,matched_continuous48/common/marginal_kl,0.001627939494380227
R01,91002,matched_continuous48/common/order_tv,0.028851406555316872
R01,91002,matched_continuous48/common/geometry_probability_mae,0.04509166632440966
R01,91002,matched_continuous48/common/response_rmse,0.10257852942848404
R01,91002,matched_continuous96/common/sequential_kl,0.056843805948080244
R01,91002,matched_continuous96/common/parallel_kl,0.0848155580470824
R01,91002,matched_continuous96/common/oracle_parallel_kl,0.019273203532861445
R01,91002,matched_continuous96/common/marginal_kl,0.06554235451422097
R01,91002,matched_continuous96/common/order_tv,0.04169694703752679
R01,91002,matched_continuous96/common/geometry_probability_mae,0.0290926120259808
R01,91002,matched_continuous96/common/response_rmse,0.06456890332639625
R01,91002,matched_continuous128/common/sequential_kl,0.12208782887951075
R01,91002,matched_continuous128/common/parallel_kl,0.14398316204726094
R01,91002,matched_continuous128/common/oracle_parallel_kl,0.019273203532861445
R01,91002,matched_continuous128/common/marginal_kl,0.12470995851439946
R01,91002,matched_continuous128/common/order_tv,0.01730008194350141
R01,91002,matched_continuous128/common/geometry_probability_mae,0.09214339156582536
R01,91002,matched_continuous128/common/response_rmse,0.2345663520534943
R01,91002,unequal_distance_w48/common/sequential_kl,0.004674523009827708
R01,91002,unequal_distance_w48/common/parallel_kl,0.06951982777535101
R01,91002,unequal_distance_w48/common/oracle_parallel_kl,0.06648278685712661
R01,91002,unequal_distance_w48/common/marginal_kl,0.003037040918224394
R01,91002,unequal_distance_w48/common/order_tv,0.025474499550953232
R01,91002,unequal_distance_w48/common/geometry_probability_mae,0.049322423151790556
R01,91002,unequal_distance_w48/common/response_rmse,0.10857387642822659
R01,91002,w128_k8/CE,0.5494694757129888
R01,91002,w128_k32/CE,0.4725740555437018
R01,91002,w128_t05/CE,0.2992222858545964
R01,91002,w128_t095/CE,0.40836051879412993
R01,91002,w48_t05/CE,0.2845731610439137
R01,91002,w48_t095/CE,0.39785070084603424
R01,91002,continuous128/G_1_8_NRMSE,0.08434723181389968
R01,91002,continuous128/G_9_48_NRMSE,0.3342272228029072
R01,91002,continuous128/G_49_64_NRMSE,0.5448936231182921
R01,91002,continuous128/m_bias,-0.07962814966837566
R01,91002,continuous128/m2_bias,-0.14401997248448123
R01,91002,continuous128/abs_m_bias,-0.18148644765218097
R01,91002,continuous128/energy_bias,0.026970990999477196
R01,91002,continuous48/G_1_8_NRMSE,0.03248389720005022
R01,91002,continuous48/G_9_24_NRMSE,0.11881683010073409
R01,91002,continuous48/G_1_24_NRMSE,0.08642617916639578
R01,91002,continuous48/m_bias,0.1358617146809896
R01,91002,continuous48/m2_bias,-0.051309901255148394
R01,91002,continuous48/abs_m_bias,-0.05928632948133672
R01,91002,continuous48/energy_bias,0.0028071843140514696
R01,91002,held_s10_w48/G_10_30_NRMSE,0.05865891874508459
R01,91002,held_s10_w48/G_40_120_NRMSE,0.04001928169809276
R01,91002,held_s10_w48/G_130_470_NRMSE,0.15139409700401776
R01,91002,held_s10_w48/m_bias,0.11788177490234375
R01,91002,held_s10_w48/m2_bias,0.0017976753505659915
R01,91002,held_s10_w48/abs_m_bias,-0.009301927354600725
R01,91002,held_s10_w48/energy_bias,-0.016615414450354582
R01,91003,matched_continuous48/natural/sequential_kl,0.005036458318286123
R01,91003,matched_continuous48/natural/parallel_kl,0.024286360668027147
R01,91003,matched_continuous48/natural/oracle_parallel_kl,0.019273203532861445
R01,91003,matched_continuous48/natural/marginal_kl,0.005013157135165703
R01,91003,matched_continuous48/natural/order_tv,0.02550987096646992
R01,91003,matched_continuous48/natural/geometry_probability_mae,0.05180682669994597
R01,91003,matched_continuous48/natural/response_rmse,0.05423416530031477
R01,91003,matched_continuous96/natural/sequential_kl,0.034148291032363255
R01,91003,matched_continuous96/natural/parallel_kl,0.06431613250673203
R01,91003,matched_continuous96/natural/oracle_parallel_kl,0.019273203532861445
R01,91003,matched_continuous96/natural/marginal_kl,0.04504292897387059
R01,91003,matched_continuous96/natural/order_tv,0.05989025770253534
R01,91003,matched_continuous96/natural/geometry_probability_mae,0.03360030279907039
R01,91003,matched_continuous96/natural/response_rmse,0.040748237680057586
R01,91003,matched_continuous128/natural/sequential_kl,0.10041245520273519
R01,91003,matched_continuous128/natural/parallel_kl,0.11477739296798191
R01,91003,matched_continuous128/natural/oracle_parallel_kl,0.019273203532861445
R01,91003,matched_continuous128/natural/marginal_kl,0.09550418943512044
R01,91003,matched_continuous128/natural/order_tv,0.019901864388309987
R01,91003,matched_continuous128/natural/geometry_probability_mae,0.04337287579322738
R01,91003,matched_continuous128/natural/response_rmse,0.10167909017333557
R01,91003,unequal_distance_w48/natural/sequential_kl,0.00531446751899931
R01,91003,unequal_distance_w48/natural/parallel_kl,0.07048652726913364
R01,91003,unequal_distance_w48/natural/oracle_parallel_kl,0.06648278685712661
R01,91003,unequal_distance_w48/natural/marginal_kl,0.004003740412007
R01,91003,unequal_distance_w48/natural/order_tv,0.02591934903125249
R01,91003,unequal_distance_w48/natural/geometry_probability_mae,0.044449522898061006
R01,91003,unequal_distance_w48/natural/response_rmse,0.09168837850498189
R01,91003,matched_continuous48/common/sequential_kl,0.00504640415082115
R01,91003,matched_continuous48/common/parallel_kl,0.024306252333097193
R01,91003,matched_continuous48/common/oracle_parallel_kl,0.019273203532861445
R01,91003,matched_continuous48/common/marginal_kl,0.0050330488002357536
R01,91003,matched_continuous48/common/order_tv,0.02541967855246649
R01,91003,matched_continuous48/common/geometry_probability_mae,0.05180682669994597
R01,91003,matched_continuous48/common/response_rmse,0.05423416530031477
R01,91003,matched_continuous96/common/sequential_kl,0.030634014480867087
R01,91003,matched_continuous96/common/parallel_kl,0.05978537237893542
R01,91003,matched_continuous96/common/oracle_parallel_kl,0.019273203532861445
R01,91003,matched_continuous96/common/marginal_kl,0.04051216884607396
R01,91003,matched_continuous96/common/order_tv,0.058168220511187876
R01,91003,matched_continuous96/common/geometry_probability_mae,0.033461404418969665
R01,91003,matched_continuous96/common/response_rmse,0.04293338718221722
R01,91003,matched_continuous128/common/sequential_kl,0.09405498364015222
R01,91003,matched_continuous128/common/parallel_kl,0.10979432292684442
R01,91003,matched_continuous128/common/oracle_parallel_kl,0.019273203532861445
R01,91003,matched_continuous128/common/marginal_kl,0.090521119393983
R01,91003,matched_continuous128/common/order_tv,0.02246321422345876
R01,91003,matched_continuous128/common/geometry_probability_mae,0.038196852617074915
R01,91003,matched_continuous128/common/response_rmse,0.08778700773883259
R01,91003,unequal_distance_w48/common/sequential_kl,0.0052872665920225236
R01,91003,unequal_distance_w48/common/parallel_kl,0.07043212541518003
R01,91003,unequal_distance_w48/common/oracle_parallel_kl,0.06648278685712661
R01,91003,unequal_distance_w48/common/marginal_kl,0.003949338558053421
R01,91003,unequal_distance_w48/common/order_tv,0.02588867514732816
R01,91003,unequal_distance_w48/common/geometry_probability_mae,0.044449522898061006
R01,91003,unequal_distance_w48/common/response_rmse,0.09168837850498189
R01,91003,w128_k8/CE,0.5092100629030363
R01,91003,w128_k32/CE,0.4727701031430863
R01,91003,w128_t05/CE,0.30054976510163367
R01,91003,w128_t095/CE,0.41095771877038567
R01,91003,w48_t05/CE,0.2845707768912151
R01,91003,w48_t095/CE,0.39835821459054477
R01,91003,continuous128/G_1_8_NRMSE,0.03385409963095034
R01,91003,continuous128/G_9_48_NRMSE,0.03934574748855883
R01,91003,continuous128/G_49_64_NRMSE,0.11477090834729219
R01,91003,continuous128/m_bias,-0.12488063176472983
R01,91003,continuous128/m2_bias,-0.03494808321314244
R01,91003,continuous128/abs_m_bias,-0.042496681213378906
R01,91003,continuous128/energy_bias,0.03121301445748237
R01,91003,continuous48/G_1_8_NRMSE,0.038250500028179604
R01,91003,continuous48/G_9_24_NRMSE,0.07995434642897116
R01,91003,continuous48/G_1_24_NRMSE,0.06232018693471614
R01,91003,continuous48/m_bias,0.04936811659071179
R01,91003,continuous48/m2_bias,-0.03470681994049635
R01,91003,continuous48/abs_m_bias,-0.02981313069661451
R01,91003,continuous48/energy_bias,0.006477951158023076
R01,91003,held_s10_w48/G_10_30_NRMSE,0.13927809918924483
R01,91003,held_s10_w48/G_40_120_NRMSE,0.22539555119261662
R01,91003,held_s10_w48/G_130_470_NRMSE,0.1575731575547804
R01,91003,held_s10_w48/m_bias,-0.1672066582573785
R01,91003,held_s10_w48/m2_bias,-0.04303567277060613
R01,91003,held_s10_w48/abs_m_bias,-0.06622738308376735
R01,91003,held_s10_w48/energy_bias,0.006517342641844004
R01,91004,matched_continuous48/natural/sequential_kl,0.0017194110065970616
R01,91004,matched_continuous48/natural/parallel_kl,0.021468654134938134
R01,91004,matched_continuous48/natural/oracle_parallel_kl,0.019273203532861445
R01,91004,matched_continuous48/natural/marginal_kl,0.0021954506020766848
R01,91004,matched_continuous48/natural/order_tv,0.01747191264128975
R01,91004,matched_continuous48/natural/geometry_probability_mae,0.017479816449056818
R01,91004,matched_continuous48/natural/response_rmse,0.03254052759885166
R01,91004,matched_continuous96/natural/sequential_kl,0.05984749715006567
R01,91004,matched_continuous96/natural/parallel_kl,0.09383686226933358
R01,91004,matched_continuous96/natural/oracle_parallel_kl,0.019273203532861445
R01,91004,matched_continuous96/natural/marginal_kl,0.07456365873647211
R01,91004,matched_continuous96/natural/order_tv,0.04015550203996798
R01,91004,matched_continuous96/natural/geometry_probability_mae,0.039184602912292206
R01,91004,matched_continuous96/natural/response_rmse,0.09581640510932027
R01,91004,matched_continuous128/natural/sequential_kl,0.15782974601840716
R01,91004,matched_continuous128/natural/parallel_kl,0.17971711700633086
R01,91004,matched_continuous128/natural/oracle_parallel_kl,0.019273203532861445
R01,91004,matched_continuous128/natural/marginal_kl,0.16044391347346942
R01,91004,matched_continuous128/natural/order_tv,0.014710330093295754
R01,91004,matched_continuous128/natural/geometry_probability_mae,0.12635365645168517
R01,91004,matched_continuous128/natural/response_rmse,0.3233162003490266
R01,91004,unequal_distance_w48/natural/sequential_kl,0.004015802828511066
R01,91004,unequal_distance_w48/natural/parallel_kl,0.0698555835395783
R01,91004,unequal_distance_w48/natural/oracle_parallel_kl,0.06648278685712661
R01,91004,unequal_distance_w48/natural/marginal_kl,0.0033727966824516967
R01,91004,unequal_distance_w48/natural/order_tv,0.018630411009598013
R01,91004,unequal_distance_w48/natural/geometry_probability_mae,0.02895521200107165
R01,91004,unequal_distance_w48/natural/response_rmse,0.02350069814620033
R01,91004,matched_continuous48/common/sequential_kl,0.0017811996025912334
R01,91004,matched_continuous48/common/parallel_kl,0.021592231326926472
R01,91004,matched_continuous48/common/oracle_parallel_kl,0.019273203532861445
R01,91004,matched_continuous48/common/marginal_kl,0.002319027794065024
R01,91004,matched_continuous48/common/order_tv,0.01821166091517361
R01,91004,matched_continuous48/common/geometry_probability_mae,0.017479816449056818
R01,91004,matched_continuous48/common/response_rmse,0.03254052759885166
R01,91004,matched_continuous96/common/sequential_kl,0.05366488231866193
R01,91004,matched_continuous96/common/parallel_kl,0.08662474010826987
R01,91004,matched_continuous96/common/oracle_parallel_kl,0.019273203532861445
R01,91004,matched_continuous96/common/marginal_kl,0.06735153657540845
R01,91004,matched_continuous96/common/order_tv,0.04011578943061441
R01,91004,matched_continuous96/common/geometry_probability_mae,0.03321861057446878
R01,91004,matched_continuous96/common/response_rmse,0.08000381253299932
R01,91004,matched_continuous128/common/sequential_kl,0.14877549872538914
R01,91004,matched_continuous128/common/parallel_kl,0.1724282268227554
R01,91004,matched_continuous128/common/oracle_parallel_kl,0.019273203532861445
R01,91004,matched_continuous128/common/marginal_kl,0.15315502328989394
R01,91004,matched_continuous128/common/order_tv,0.01653698703489398
R01,91004,matched_continuous128/common/geometry_probability_mae,0.1214203490386734
R01,91004,matched_continuous128/common/response_rmse,0.3106479867312619
R01,91004,unequal_distance_w48/common/sequential_kl,0.003612198969333216
R01,91004,unequal_distance_w48/common/parallel_kl,0.06904837582122261
R01,91004,unequal_distance_w48/common/oracle_parallel_kl,0.06648278685712661
R01,91004,unequal_distance_w48/common/marginal_kl,0.0025655889640959846
R01,91004,unequal_distance_w48/common/order_tv,0.019641834422655647
R01,91004,unequal_distance_w48/common/geometry_probability_mae,0.02895521200107165
R01,91004,unequal_distance_w48/common/response_rmse,0.02350069814620033
R01,91004,w128_k8/CE,0.5445006278525992
R01,91004,w128_k32/CE,0.4723806377342858
R01,91004,w128_t05/CE,0.2998491475207154
R01,91004,w128_t095/CE,0.40958765593679414
R01,91004,w48_t05/CE,0.28459838240376867
R01,91004,w48_t095/CE,0.3977389990646885
R01,91004,continuous128/G_1_8_NRMSE,0.02503426310197934
R01,91004,continuous128/G_9_48_NRMSE,0.12358602643279804
R01,91004,continuous128/G_49_64_NRMSE,0.2685474794253378
R01,91004,continuous128/m_bias,0.047960758209228516
R01,91004,continuous128/m2_bias,-0.07894006335603385
R01,91004,continuous128/abs_m_bias,-0.10243829091389972
R01,91004,continuous128/energy_bias,0.022577100538519135
R01,91004,continuous48/G_1_8_NRMSE,0.028819914091790494
R01,91004,continuous48/G_9_24_NRMSE,0.048100050621360906
R01,91004,continuous48/G_1_24_NRMSE,0.039482097503072806
R01,91004,continuous48/m_bias,-0.12797292073567706
R01,91004,continuous48/m2_bias,0.009767593424997278
R01,91004,continuous48/abs_m_bias,-0.0020489162868922994
R01,91004,continuous48/energy_bias,-0.002927523132757015
R01,91004,held_s10_w48/G_10_30_NRMSE,0.09531284136833494
R01,91004,held_s10_w48/G_40_120_NRMSE,0.21485076445810045
R01,91004,held_s10_w48/G_130_470_NRMSE,0.18186061095801004
R01,91004,held_s10_w48/m_bias,-0.011661953396267376
R01,91004,held_s10_w48/m2_bias,-0.04373136052378904
R01,91004,held_s10_w48/abs_m_bias,-0.06934695773654515
R01,91004,held_s10_w48/energy_bias,0.0038162123226950784
R01,91005,matched_continuous48/natural/sequential_kl,0.0023724027474632072
R01,91005,matched_continuous48/natural/parallel_kl,0.020872024545250528
R01,91005,matched_continuous48/natural/oracle_parallel_kl,0.019273203532861445
R01,91005,matched_continuous48/natural/marginal_kl,0.0015988210123890922
R01,91005,matched_continuous48/natural/order_tv,0.02282363704112746
R01,91005,matched_continuous48/natural/geometry_probability_mae,0.03209759552554088
R01,91005,matched_continuous48/natural/response_rmse,0.07708764063572163
R01,91005,matched_continuous96/natural/sequential_kl,0.06491622229504271
R01,91005,matched_continuous96/natural/parallel_kl,0.097007851957953
R01,91005,matched_continuous96/natural/oracle_parallel_kl,0.019273203532861445
R01,91005,matched_continuous96/natural/marginal_kl,0.07773464842509155
R01,91005,matched_continuous96/natural/order_tv,0.03696409529193162
R01,91005,matched_continuous96/natural/geometry_probability_mae,0.047236880683242236
R01,91005,matched_continuous96/natural/response_rmse,0.11647516810596793
R01,91005,matched_continuous128/natural/sequential_kl,0.14016767462386723
R01,91005,matched_continuous128/natural/parallel_kl,0.15705437692077864
R01,91005,matched_continuous128/natural/oracle_parallel_kl,0.019273203532861445
R01,91005,matched_continuous128/natural/marginal_kl,0.1377811733879172
R01,91005,matched_continuous128/natural/order_tv,0.012327748909064032
R01,91005,matched_continuous128/natural/geometry_probability_mae,0.10028660467773261
R01,91005,matched_continuous128/natural/response_rmse,0.25320251223951606
R01,91005,unequal_distance_w48/natural/sequential_kl,0.010429482764911183
R01,91005,unequal_distance_w48/natural/parallel_kl,0.0798513651154241
R01,91005,unequal_distance_w48/natural/oracle_parallel_kl,0.06648278685712661
R01,91005,unequal_distance_w48/natural/marginal_kl,0.013368578258297464
R01,91005,unequal_distance_w48/natural/order_tv,0.02681914496957939
R01,91005,unequal_distance_w48/natural/geometry_probability_mae,0.026717536081900018
R01,91005,unequal_distance_w48/natural/response_rmse,0.06718446983378859
R01,91005,matched_continuous48/common/sequential_kl,0.0022957662594982643
R01,91005,matched_continuous48/common/parallel_kl,0.020718751569320647
R01,91005,matched_continuous48/common/oracle_parallel_kl,0.019273203532861445
R01,91005,matched_continuous48/common/marginal_kl,0.0014455480364592064
R01,91005,matched_continuous48/common/order_tv,0.022362860164481396
R01,91005,matched_continuous48/common/geometry_probability_mae,0.03209759552554088
R01,91005,matched_continuous48/common/response_rmse,0.07708764063572163
R01,91005,matched_continuous96/common/sequential_kl,0.06362548833249253
R01,91005,matched_continuous96/common/parallel_kl,0.09622577919402338
R01,91005,matched_continuous96/common/oracle_parallel_kl,0.019273203532861445
R01,91005,matched_continuous96/common/marginal_kl,0.07695257566116193
R01,91005,matched_continuous96/common/order_tv,0.03725981807056233
R01,91005,matched_continuous96/common/geometry_probability_mae,0.048155276034860764
R01,91005,matched_continuous96/common/response_rmse,0.11865952156932225
R01,91005,matched_continuous128/common/sequential_kl,0.13969529347991635
R01,91005,matched_continuous128/common/parallel_kl,0.15700325337569537
R01,91005,matched_continuous128/common/oracle_parallel_kl,0.019273203532861445
R01,91005,matched_continuous128/common/marginal_kl,0.13773004984283393
R01,91005,matched_continuous128/common/order_tv,0.012440414235776534
R01,91005,matched_continuous128/common/geometry_probability_mae,0.10097634281457045
R01,91005,matched_continuous128/common/response_rmse,0.2552154624895716
R01,91005,unequal_distance_w48/common/sequential_kl,0.010105030922948057
R01,91005,unequal_distance_w48/common/parallel_kl,0.07920246143149784
R01,91005,unequal_distance_w48/common/oracle_parallel_kl,0.06648278685712661
R01,91005,unequal_distance_w48/common/marginal_kl,0.012719674574371228
R01,91005,unequal_distance_w48/common/order_tv,0.025988093275572065
R01,91005,unequal_distance_w48/common/geometry_probability_mae,0.026717536081900018
R01,91005,unequal_distance_w48/common/response_rmse,0.06718446983378859
R01,91005,w128_k8/CE,0.5241959677058011
R01,91005,w128_k32/CE,0.47520309194778476
R01,91005,w128_t05/CE,0.2990371125180684
R01,91005,w128_t095/CE,0.411750882899926
R01,91005,w48_t05/CE,0.2843846794032287
R01,91005,w48_t095/CE,0.3985472623780235
R01,91005,continuous128/G_1_8_NRMSE,0.010367069142687892
R01,91005,continuous128/G_9_48_NRMSE,0.08666246051687528
R01,91005,continuous128/G_49_64_NRMSE,0.22975413723122992
R01,91005,continuous128/m_bias,0.11762730280558269
R01,91005,continuous128/m2_bias,-0.06964658164846091
R01,91005,continuous128/abs_m_bias,-0.09549554189046222
R01,91005,continuous128/energy_bias,0.011329971273427275
R01,91005,continuous48/G_1_8_NRMSE,0.07280704538877074
R01,91005,continuous48/G_9_24_NRMSE,0.14869024027121575
R01,91005,continuous48/G_1_24_NRMSE,0.11642373476546941
R01,91005,continuous48/m_bias,0.18133968777126735
R01,91005,continuous48/m2_bias,-0.051641485573332924
R01,91005,continuous48/abs_m_bias,-0.05962541368272567
R01,91005,continuous48/energy_bias,0.013542445838874206
R01,91005,held_s10_w48/G_10_30_NRMSE,0.19972673175717726
R01,91005,held_s10_w48/G_40_120_NRMSE,0.40531757161557125
R01,91005,held_s10_w48/G_130_470_NRMSE,0.3916202793968389
R01,91005,held_s10_w48/m_bias,0.2034123738606771
R01,91005,held_s10_w48/m2_bias,-0.09311498315246017
R01,91005,held_s10_w48/abs_m_bias,-0.12974463568793404
R01,91005,held_s10_w48/energy_bias,0.017979831560283654
R01,91006,matched_continuous48/natural/sequential_kl,0.005527179821641757
R01,91006,matched_continuous48/natural/parallel_kl,0.025441694218975866
R01,91006,matched_continuous48/natural/oracle_parallel_kl,0.019273203532861445
R01,91006,matched_continuous48/natural/marginal_kl,0.006168490686114427
R01,91006,matched_continuous48/natural/order_tv,0.042245566675356956
R01,91006,matched_continuous48/natural/geometry_probability_mae,0.03569759920866079
R01,91006,matched_continuous48/natural/response_rmse,0.07686646701347616
R01,91006,matched_continuous96/natural/sequential_kl,0.1640980301137114
R01,91006,matched_continuous96/natural/parallel_kl,0.19459688712004894
R01,91006,matched_continuous96/natural/oracle_parallel_kl,0.019273203532861445
R01,91006,matched_continuous96/natural/marginal_kl,0.17532368358718753
R01,91006,matched_continuous96/natural/order_tv,0.02537041022477733
R01,91006,matched_continuous96/natural/geometry_probability_mae,0.1307442624396044
R01,91006,matched_continuous96/natural/response_rmse,0.3350129883548738
R01,91006,matched_continuous128/natural/sequential_kl,0.20816374062819243
R01,91006,matched_continuous128/natural/parallel_kl,0.2177188748754089
R01,91006,matched_continuous128/natural/oracle_parallel_kl,0.019273203532861445
R01,91006,matched_continuous128/natural/marginal_kl,0.19844567134254743
R01,91006,matched_continuous128/natural/order_tv,0.005479497788126481
R01,91006,matched_continuous128/natural/geometry_probability_mae,0.14711137586040596
R01,91006,matched_continuous128/natural/response_rmse,0.3768649757104598
R01,91006,unequal_distance_w48/natural/sequential_kl,0.004907714112781923
R01,91006,unequal_distance_w48/natural/parallel_kl,0.07238804823021222
R01,91006,unequal_distance_w48/natural/oracle_parallel_kl,0.06648278685712661
R01,91006,unequal_distance_w48/natural/marginal_kl,0.005905261373085606
R01,91006,unequal_distance_w48/natural/order_tv,0.028017439809772143
R01,91006,unequal_distance_w48/natural/geometry_probability_mae,0.02284949486379583
R01,91006,unequal_distance_w48/natural/response_rmse,0.04823787256335475
R01,91006,matched_continuous48/common/sequential_kl,0.005310469948981958
R01,91006,matched_continuous48/common/parallel_kl,0.025008274473656267
R01,91006,matched_continuous48/common/oracle_parallel_kl,0.019273203532861445
R01,91006,matched_continuous48/common/marginal_kl,0.0057350709407948215
R01,91006,matched_continuous48/common/order_tv,0.03841156433806737
R01,91006,matched_continuous48/common/geometry_probability_mae,0.03569759920866079
R01,91006,matched_continuous48/common/response_rmse,0.07686646701347616
R01,91006,matched_continuous96/common/sequential_kl,0.14821009459170537
R01,91006,matched_continuous96/common/parallel_kl,0.18229805879295574
R01,91006,matched_continuous96/common/oracle_parallel_kl,0.019273203532861445
R01,91006,matched_continuous96/common/marginal_kl,0.1630248552600943
R01,91006,matched_continuous96/common/order_tv,0.03139004336106907
R01,91006,matched_continuous96/common/geometry_probability_mae,0.12151139925692007
R01,91006,matched_continuous96/common/response_rmse,0.3104259310516942
R01,91006,matched_continuous128/common/sequential_kl,0.19795602719747846
R01,91006,matched_continuous128/common/parallel_kl,0.209406712144002
R01,91006,matched_continuous128/common/oracle_parallel_kl,0.019273203532861445
R01,91006,matched_continuous128/common/marginal_kl,0.19013350861114053
R01,91006,matched_continuous128/common/order_tv,0.007029461443341323
R01,91006,matched_continuous128/common/geometry_probability_mae,0.1408849787409434
R01,91006,matched_continuous128/common/response_rmse,0.36047473383695355
R01,91006,unequal_distance_w48/common/sequential_kl,0.0045640062515238215
R01,91006,unequal_distance_w48/common/parallel_kl,0.07170063250769601
R01,91006,unequal_distance_w48/common/oracle_parallel_kl,0.06648278685712661
R01,91006,unequal_distance_w48/common/marginal_kl,0.005217845650569394
R01,91006,unequal_distance_w48/common/order_tv,0.02566064171333764
R01,91006,unequal_distance_w48/common/geometry_probability_mae,0.02284949486379583
R01,91006,unequal_distance_w48/common/response_rmse,0.04823787256335475
R01,91006,w128_k8/CE,0.5808874033406903
R01,91006,w128_k32/CE,0.47975648986303676
R01,91006,w128_t05/CE,0.3000048687403741
R01,91006,w128_t095/CE,0.4101090498184262
R01,91006,w48_t05/CE,0.2842193457069879
R01,91006,w48_t095/CE,0.3983393706865801
R01,91006,continuous128/G_1_8_NRMSE,0.04377553226426906
R01,91006,continuous128/G_9_48_NRMSE,0.12256484257047061
R01,91006,continuous128/G_49_64_NRMSE,0.2293229126919725
R01,91006,continuous128/m_bias,0.2749110857645671
R01,91006,continuous128/m2_bias,-0.06461108300330429
R01,91006,continuous128/abs_m_bias,-0.07978026072184247
R01,91006,continuous128/energy_bias,0.021817124734713422
R01,91006,continuous48/G_1_8_NRMSE,0.0174380067058159
R01,91006,continuous48/G_9_24_NRMSE,0.04733608530085302
R01,91006,continuous48/G_1_24_NRMSE,0.03542699764160103
R01,91006,continuous48/m_bias,0.023963928222656247
R01,91006,continuous48/m2_bias,0.015384170008294396
R01,91006,continuous48/abs_m_bias,0.01151445176866317
R01,91006,continuous48/energy_bias,-0.00025409671431742
R01,91006,held_s10_w48/G_10_30_NRMSE,0.1131793706209057
R01,91006,held_s10_w48/G_40_120_NRMSE,0.1383658977423395
R01,91006,held_s10_w48/G_130_470_NRMSE,0.08956140690660527
R01,91006,held_s10_w48/m_bias,0.09714338514539929
R01,91006,held_s10_w48/m2_bias,-0.014017788716304436
R01,91006,held_s10_w48/abs_m_bias,-0.033675299750433985
R01,91006,held_s10_w48/energy_bias,0.022924977836879468
R10,91001,matched_continuous48/natural/sequential_kl,0.0025451905326624147
R10,91001,matched_continuous48/natural/parallel_kl,0.02192683546662392
R10,91001,matched_continuous48/natural/oracle_parallel_kl,0.019273203532861445
R10,91001,matched_continuous48/natural/marginal_kl,0.002653631933762475
R10,91001,matched_continuous48/natural/order_tv,0.034621368631256325
R10,91001,matched_continuous48/natural/geometry_probability_mae,0.03303520763682525
R10,91001,matched_continuous48/natural/response_rmse,0.0826846468468979
R10,91001,matched_continuous96/natural/sequential_kl,0.004409606376750784
R10,91001,matched_continuous96/natural/parallel_kl,0.023096775937687688
R10,91001,matched_continuous96/natural/oracle_parallel_kl,0.019273203532861445
R10,91001,matched_continuous96/natural/marginal_kl,0.0038235724048262323
R10,91001,matched_continuous96/natural/order_tv,0.016804986473133818
R10,91001,matched_continuous96/natural/geometry_probability_mae,0.046746224607636395
R10,91001,matched_continuous96/natural/response_rmse,0.11215893819500017
R10,91001,matched_continuous128/natural/sequential_kl,0.0178966987273655
R10,91001,matched_continuous128/natural/parallel_kl,0.04149483305576824
R10,91001,matched_continuous128/natural/oracle_parallel_kl,0.019273203532861445
R10,91001,matched_continuous128/natural/marginal_kl,0.022221629522906815
R10,91001,matched_continuous128/natural/order_tv,0.022776990305344774
R10,91001,matched_continuous128/natural/geometry_probability_mae,0.06718054622731166
R10,91001,matched_continuous128/natural/response_rmse,0.16485576538331798
R10,91001,unequal_distance_w48/natural/sequential_kl,0.0045305903853762
R10,91001,unequal_distance_w48/natural/parallel_kl,0.07276529717892062
R10,91001,unequal_distance_w48/natural/oracle_parallel_kl,0.06648278685712661
R10,91001,unequal_distance_w48/natural/marginal_kl,0.006282510321793995
R10,91001,unequal_distance_w48/natural/order_tv,0.034057703679937094
R10,91001,unequal_distance_w48/natural/geometry_probability_mae,0.025230302336176968
R10,91001,unequal_distance_w48/natural/response_rmse,0.06648843391124472
R10,91001,matched_continuous48/common/sequential_kl,0.002746288292717128
R10,91001,matched_continuous48/common/parallel_kl,0.022329030986733344
R10,91001,matched_continuous48/common/oracle_parallel_kl,0.019273203532861445
R10,91001,matched_continuous48/common/marginal_kl,0.0030558274538718955
R10,91001,matched_continuous48/common/order_tv,0.035814221882304265
R10,91001,matched_continuous48/common/geometry_probability_mae,0.03303520763682525
R10,91001,matched_continuous48/common/response_rmse,0.0826846468468979
R10,91001,matched_continuous96/common/sequential_kl,0.004893821000676468
R10,91001,matched_continuous96/common/parallel_kl,0.023687509379613433
R10,91001,matched_continuous96/common/oracle_parallel_kl,0.019273203532861445
R10,91001,matched_continuous96/common/marginal_kl,0.004414305846751999
R10,91001,matched_continuous96/common/order_tv,0.017284676867807762
R10,91001,matched_continuous96/common/geometry_probability_mae,0.04826554188068694
R10,91001,matched_continuous96/common/response_rmse,0.115843112140575
R10,91001,matched_continuous128/common/sequential_kl,0.016258029844533287
R10,91001,matched_continuous128/common/parallel_kl,0.039152940023137135
R10,91001,matched_continuous128/common/oracle_parallel_kl,0.019273203532861445
R10,91001,matched_continuous128/common/marginal_kl,0.019879736490275687
R10,91001,matched_continuous128/common/order_tv,0.022617619328955896
R10,91001,matched_continuous128/common/geometry_probability_mae,0.06515834177232341
R10,91001,matched_continuous128/common/response_rmse,0.15943987527491518
R10,91001,unequal_distance_w48/common/sequential_kl,0.0045985159869784435
R10,91001,unequal_distance_w48/common/parallel_kl,0.0729011483821251
R10,91001,unequal_distance_w48/common/oracle_parallel_kl,0.06648278685712661
R10,91001,unequal_distance_w48/common/marginal_kl,0.00641836152499848
R10,91001,unequal_distance_w48/common/order_tv,0.03464328221327241
R10,91001,unequal_distance_w48/common/geometry_probability_mae,0.025230302336176968
R10,91001,unequal_distance_w48/common/response_rmse,0.06648843391124472
R10,91001,w128_k8/CE,0.4836548410476732
R10,91001,w128_k32/CE,0.4782475863714155
R10,91001,w128_t05/CE,0.29969977521939745
R10,91001,w128_t095/CE,0.4112684797143563
R10,91001,w48_t05/CE,0.28472037532749145
R10,91001,w48_t095/CE,0.39858262955409374
R10,91001,continuous128/G_1_8_NRMSE,0.021236277849872323
R10,91001,continuous128/G_9_48_NRMSE,0.13428478173079028
R10,91001,continuous128/G_49_64_NRMSE,0.18286348023078475
R10,91001,continuous128/m_bias,0.014865716298421223
R10,91001,continuous128/m2_bias,0.04303391546515439
R10,91001,continuous128/abs_m_bias,0.03611787160237634
R10,91001,continuous128/energy_bias,0.017184860750133146
R10,91001,continuous48/G_1_8_NRMSE,0.03519283747150807
R10,91001,continuous48/G_9_24_NRMSE,0.06559118059548298
R10,91001,continuous48/G_1_24_NRMSE,0.05237333303019861
R10,91001,continuous48/m_bias,-0.043134053548177086
R10,91001,continuous48/m2_bias,-0.025654825899336042
R10,91001,continuous48/abs_m_bias,-0.02490319146050346
R10,91001,continuous48/energy_bias,0.010003272523271378
R10,91001,held_s10_w48/G_10_30_NRMSE,0.06292598933376427
R10,91001,held_s10_w48/G_40_120_NRMSE,0.11189352284348747
R10,91001,held_s10_w48/G_130_470_NRMSE,0.15395851074655262
R10,91001,held_s10_w48/m_bias,-0.06754302978515626
R10,91001,held_s10_w48/m2_bias,-0.035936662444361944
R10,91001,held_s10_w48/abs_m_bias,-0.06381310356987846
R10,91001,held_s10_w48/energy_bias,0.003913175975177319
R10,91002,matched_continuous48/natural/sequential_kl,0.004181841130101801
R10,91002,matched_continuous48/natural/parallel_kl,0.02509879616554419
R10,91002,matched_continuous48/natural/oracle_parallel_kl,0.019273203532861445
R10,91002,matched_continuous48/natural/marginal_kl,0.005825592632682746
R10,91002,matched_continuous48/natural/order_tv,0.024921895910714448
R10,91002,matched_continuous48/natural/geometry_probability_mae,0.034270631277449386
R10,91002,matched_continuous48/natural/response_rmse,0.08163581175763532
R10,91002,matched_continuous96/natural/sequential_kl,0.0030959697270512322
R10,91002,matched_continuous96/natural/parallel_kl,0.022226146851955824
R10,91002,matched_continuous96/natural/oracle_parallel_kl,0.019273203532861445
R10,91002,matched_continuous96/natural/marginal_kl,0.002952943319094378
R10,91002,matched_continuous96/natural/order_tv,0.01994137666486189
R10,91002,matched_continuous96/natural/geometry_probability_mae,0.02360016560611512
R10,91002,matched_continuous96/natural/response_rmse,0.028030295612276247
R10,91002,matched_continuous128/natural/sequential_kl,0.02747617890784609
R10,91002,matched_continuous128/natural/parallel_kl,0.05310020440782311
R10,91002,matched_continuous128/natural/oracle_parallel_kl,0.019273203532861445
R10,91002,matched_continuous128/natural/marginal_kl,0.033827000874961675
R10,91002,matched_continuous128/natural/order_tv,0.02261963080082057
R10,91002,matched_continuous128/natural/geometry_probability_mae,0.07418004491188213
R10,91002,matched_continuous128/natural/response_rmse,0.1672945460032456
R10,91002,unequal_distance_w48/natural/sequential_kl,0.005527474165651466
R10,91002,unequal_distance_w48/natural/parallel_kl,0.07333722897338076
R10,91002,unequal_distance_w48/natural/oracle_parallel_kl,0.06648278685712661
R10,91002,unequal_distance_w48/natural/marginal_kl,0.00685444211625412
R10,91002,unequal_distance_w48/natural/order_tv,0.0318805293600406
R10,91002,unequal_distance_w48/natural/geometry_probability_mae,0.03287412598728794
R10,91002,unequal_distance_w48/natural/response_rmse,0.09313535568271086
R10,91002,matched_continuous48/common/sequential_kl,0.004558617357266491
R10,91002,matched_continuous48/common/parallel_kl,0.025852348619873566
R10,91002,matched_continuous48/common/oracle_parallel_kl,0.019273203532861445
R10,91002,matched_continuous48/common/marginal_kl,0.006579145087012125
R10,91002,matched_continuous48/common/order_tv,0.02708958555866614
R10,91002,matched_continuous48/common/geometry_probability_mae,0.034270631277449386
R10,91002,matched_continuous48/common/response_rmse,0.08163581175763532
R10,91002,matched_continuous96/common/sequential_kl,0.0035508709537333057
R10,91002,matched_continuous96/common/parallel_kl,0.022792517494275355
R10,91002,matched_continuous96/common/oracle_parallel_kl,0.019273203532861445
R10,91002,matched_continuous96/common/marginal_kl,0.0035193139614139064
R10,91002,matched_continuous96/common/order_tv,0.02082087173277858
R10,91002,matched_continuous96/common/geometry_probability_mae,0.024133036360922202
R10,91002,matched_continuous96/common/response_rmse,0.029034010943646375
R10,91002,matched_continuous128/common/sequential_kl,0.026203684494859884
R10,91002,matched_continuous128/common/parallel_kl,0.05160061879100885
R10,91002,matched_continuous128/common/oracle_parallel_kl,0.019273203532861445
R10,91002,matched_continuous128/common/marginal_kl,0.032327415258147404
R10,91002,matched_continuous128/common/order_tv,0.023460427719622715
R10,91002,matched_continuous128/common/geometry_probability_mae,0.07250026448451564
R10,91002,matched_continuous128/common/response_rmse,0.16035567981361923
R10,91002,unequal_distance_w48/common/sequential_kl,0.005628174125619129
R10,91002,unequal_distance_w48/common/parallel_kl,0.07353862889331608
R10,91002,unequal_distance_w48/common/oracle_parallel_kl,0.06648278685712661
R10,91002,unequal_distance_w48/common/marginal_kl,0.007055842036189465
R10,91002,unequal_distance_w48/common/order_tv,0.03233829199261376
R10,91002,unequal_distance_w48/common/geometry_probability_mae,0.03287412598728794
R10,91002,unequal_distance_w48/common/response_rmse,0.09313535568271086
R10,91002,w128_k8/CE,0.4856646614516784
R10,91002,w128_k32/CE,0.47342737109974525
R10,91002,w128_t05/CE,0.299298326963087
R10,91002,w128_t095/CE,0.4095393148907869
R10,91002,w48_t05/CE,0.28456768660341525
R10,91002,w48_t095/CE,0.39766351198509886
R10,91002,continuous128/G_1_8_NRMSE,0.0445449819858341
R10,91002,continuous128/G_9_48_NRMSE,0.0625886571222982
R10,91002,continuous128/G_49_64_NRMSE,0.06502480265069333
R10,91002,continuous128/m_bias,-0.02729940414428711
R10,91002,continuous128/m2_bias,-0.017143263588271423
R10,91002,continuous128/abs_m_bias,-0.015909512837727846
R10,91002,continuous128/energy_bias,0.024040662710435035
R10,91002,continuous48/G_1_8_NRMSE,0.003071177310179827
R10,91002,continuous48/G_9_24_NRMSE,0.009605501032937275
R10,91002,continuous48/G_1_24_NRMSE,0.007078698655741065
R10,91002,continuous48/m_bias,0.18751102023654515
R10,91002,continuous48/m2_bias,-0.003013879428675148
R10,91002,continuous48/abs_m_bias,-0.008776346842447769
R10,91002,continuous48/energy_bias,-0.0010921397107712671
R10,91002,held_s10_w48/G_10_30_NRMSE,0.0658599130287028
R10,91002,held_s10_w48/G_40_120_NRMSE,0.18058862316398974
R10,91002,held_s10_w48/G_130_470_NRMSE,0.43227201905495427
R10,91002,held_s10_w48/m_bias,0.11413828531901041
R10,91002,held_s10_w48/m2_bias,0.06701249178544974
R10,91002,held_s10_w48/abs_m_bias,0.07245805528428823
R10,91002,held_s10_w48/energy_bias,-0.03341090425531912
R10,91003,matched_continuous48/natural/sequential_kl,0.0016523136129566217
R10,91003,matched_continuous48/natural/parallel_kl,0.02102649236757568
R10,91003,matched_continuous48/natural/oracle_parallel_kl,0.019273203532861445
R10,91003,matched_continuous48/natural/marginal_kl,0.0017532888347142302
R10,91003,matched_continuous48/natural/order_tv,0.030776106958070457
R10,91003,matched_continuous48/natural/geometry_probability_mae,0.016219763046196264
R10,91003,matched_continuous48/natural/response_rmse,0.03301042267556473
R10,91003,matched_continuous96/natural/sequential_kl,0.0029999027148018375
R10,91003,matched_continuous96/natural/parallel_kl,0.021861828492762102
R10,91003,matched_continuous96/natural/oracle_parallel_kl,0.019273203532861445
R10,91003,matched_continuous96/natural/marginal_kl,0.0025886249599006554
R10,91003,matched_continuous96/natural/order_tv,0.025752659863896524
R10,91003,matched_continuous96/natural/geometry_probability_mae,0.03567118957658103
R10,91003,matched_continuous96/natural/response_rmse,0.08596213708985934
R10,91003,matched_continuous128/natural/sequential_kl,0.005806555621059437
R10,91003,matched_continuous128/natural/parallel_kl,0.025102833670116443
R10,91003,matched_continuous128/natural/oracle_parallel_kl,0.019273203532861445
R10,91003,matched_continuous128/natural/marginal_kl,0.0058296301372549875
R10,91003,matched_continuous128/natural/order_tv,0.030276747850414884
R10,91003,matched_continuous128/natural/geometry_probability_mae,0.02182445376988673
R10,91003,matched_continuous128/natural/response_rmse,0.04617863428756411
R10,91003,unequal_distance_w48/natural/sequential_kl,0.004725888063719669
R10,91003,unequal_distance_w48/natural/parallel_kl,0.07170754974582486
R10,91003,unequal_distance_w48/natural/oracle_parallel_kl,0.06648278685712661
R10,91003,unequal_distance_w48/natural/marginal_kl,0.005224762888698225
R10,91003,unequal_distance_w48/natural/order_tv,0.035950636659142804
R10,91003,unequal_distance_w48/natural/geometry_probability_mae,0.025569151587415094
R10,91003,unequal_distance_w48/natural/response_rmse,0.055414529067343454
R10,91003,matched_continuous48/common/sequential_kl,0.0017752552228436878
R10,91003,matched_continuous48/common/parallel_kl,0.021272375587349818
R10,91003,matched_continuous48/common/oracle_parallel_kl,0.019273203532861445
R10,91003,matched_continuous48/common/marginal_kl,0.0019991720544883713
R10,91003,matched_continuous48/common/order_tv,0.03130497637995
R10,91003,matched_continuous48/common/geometry_probability_mae,0.016219763046196264
R10,91003,matched_continuous48/common/response_rmse,0.03301042267556473
R10,91003,matched_continuous96/common/sequential_kl,0.0029912931872454244
R10,91003,matched_continuous96/common/parallel_kl,0.021804505130087557
R10,91003,matched_continuous96/common/oracle_parallel_kl,0.019273203532861445
R10,91003,matched_continuous96/common/marginal_kl,0.0025313015972261155
R10,91003,matched_continuous96/common/order_tv,0.02575590161210149
R10,91003,matched_continuous96/common/geometry_probability_mae,0.03604162522611013
R10,91003,matched_continuous96/common/response_rmse,0.08691607544168548
R10,91003,matched_continuous128/common/sequential_kl,0.005763434384133192
R10,91003,matched_continuous128/common/parallel_kl,0.025109099090946874
R10,91003,matched_continuous128/common/oracle_parallel_kl,0.019273203532861445
R10,91003,matched_continuous128/common/marginal_kl,0.005835895558085431
R10,91003,matched_continuous128/common/order_tv,0.0300517941283062
R10,91003,matched_continuous128/common/geometry_probability_mae,0.022297672274226188
R10,91003,matched_continuous128/common/response_rmse,0.04698694777041183
R10,91003,unequal_distance_w48/common/sequential_kl,0.00487438734523254
R10,91003,unequal_distance_w48/common/parallel_kl,0.07200454830885059
R10,91003,unequal_distance_w48/common/oracle_parallel_kl,0.06648278685712661
R10,91003,unequal_distance_w48/common/marginal_kl,0.005521761451723978
R10,91003,unequal_distance_w48/common/order_tv,0.03659449192936301
R10,91003,unequal_distance_w48/common/geometry_probability_mae,0.025569151587415094
R10,91003,unequal_distance_w48/common/response_rmse,0.055414529067343454
R10,91003,w128_k8/CE,0.48096750418114476
R10,91003,w128_k32/CE,0.4685024447340637
R10,91003,w128_t05/CE,0.3007635378652401
R10,91003,w128_t095/CE,0.4124614574966909
R10,91003,w48_t05/CE,0.2846252236869738
R10,91003,w48_t095/CE,0.3979496393180776
R10,91003,continuous128/G_1_8_NRMSE,0.03269149203469554
R10,91003,continuous128/G_9_48_NRMSE,0.15581949927385155
R10,91003,continuous128/G_49_64_NRMSE,0.21243411049178487
R10,91003,continuous128/m_bias,0.010103702545166016
R10,91003,continuous128/m2_bias,0.05093641149384592
R10,91003,continuous128/abs_m_bias,0.047130902608235714
R10,91003,continuous128/energy_bias,0.02857488597158997
R10,91003,continuous48/G_1_8_NRMSE,0.036903295363643625
R10,91003,continuous48/G_9_24_NRMSE,0.07804867437791396
R10,91003,continuous48/G_1_24_NRMSE,0.060699411706858795
R10,91003,continuous48/m_bias,0.1106202867296007
R10,91003,continuous48/m2_bias,-0.03559550311830306
R10,91003,continuous48/abs_m_bias,-0.03496721055772567
R10,91003,continuous48/energy_bias,0.005688389987810405
R10,91003,held_s10_w48/G_10_30_NRMSE,0.08867123486832003
R10,91003,held_s10_w48/G_40_120_NRMSE,0.1032009347597424
R10,91003,held_s10_w48/G_130_470_NRMSE,0.13361005366311765
R10,91003,held_s10_w48/m_bias,-0.04546186659071183
R10,91003,held_s10_w48/m2_bias,-0.00747567709581351
R10,91003,held_s10_w48/abs_m_bias,-0.013357374403211775
R10,91003,held_s10_w48/energy_bias,-0.006704343971631166
R10,91004,matched_continuous48/natural/sequential_kl,0.003747562374634077
R10,91004,matched_continuous48/natural/parallel_kl,0.02556937200262996
R10,91004,matched_continuous48/natural/oracle_parallel_kl,0.019273203532861445
R10,91004,matched_continuous48/natural/marginal_kl,0.006296168469768519
R10,91004,matched_continuous48/natural/order_tv,0.035592661997265095
R10,91004,matched_continuous48/natural/geometry_probability_mae,0.015756088037498898
R10,91004,matched_continuous48/natural/response_rmse,0.02151432147327141
R10,91004,matched_continuous96/natural/sequential_kl,0.0035747093967615708
R10,91004,matched_continuous96/natural/parallel_kl,0.022580174504294368
R10,91004,matched_continuous96/natural/oracle_parallel_kl,0.019273203532861445
R10,91004,matched_continuous96/natural/marginal_kl,0.00330697097143292
R10,91004,matched_continuous96/natural/order_tv,0.020889167183254394
R10,91004,matched_continuous96/natural/geometry_probability_mae,0.027929806160798525
R10,91004,matched_continuous96/natural/response_rmse,0.06475032000617519
R10,91004,matched_continuous128/natural/sequential_kl,0.01645557516756278
R10,91004,matched_continuous128/natural/parallel_kl,0.04148248994851143
R10,91004,matched_continuous128/natural/oracle_parallel_kl,0.019273203532861445
R10,91004,matched_continuous128/natural/marginal_kl,0.022209286415649992
R10,91004,matched_continuous128/natural/order_tv,0.02781975790487689
R10,91004,matched_continuous128/natural/geometry_probability_mae,0.04618604378767654
R10,91004,matched_continuous128/natural/response_rmse,0.11393841329631696
R10,91004,unequal_distance_w48/natural/sequential_kl,0.003418305089006081
R10,91004,unequal_distance_w48/natural/parallel_kl,0.07111273713829841
R10,91004,unequal_distance_w48/natural/oracle_parallel_kl,0.06648278685712661
R10,91004,unequal_distance_w48/natural/marginal_kl,0.004629950281171779
R10,91004,unequal_distance_w48/natural/order_tv,0.03255285418914318
R10,91004,unequal_distance_w48/natural/geometry_probability_mae,0.02236417368131326
R10,91004,unequal_distance_w48/natural/response_rmse,0.04434470049051467
R10,91004,matched_continuous48/common/sequential_kl,0.004058690765255382
R10,91004,matched_continuous48/common/parallel_kl,0.026191628783872576
R10,91004,matched_continuous48/common/oracle_parallel_kl,0.019273203532861445
R10,91004,matched_continuous48/common/marginal_kl,0.006918425251011135
R10,91004,matched_continuous48/common/order_tv,0.03771890500362479
R10,91004,matched_continuous48/common/geometry_probability_mae,0.015756088037498898
R10,91004,matched_continuous48/common/response_rmse,0.02151432147327141
R10,91004,matched_continuous96/common/sequential_kl,0.003456049011981002
R10,91004,matched_continuous96/common/parallel_kl,0.022509996808099335
R10,91004,matched_continuous96/common/oracle_parallel_kl,0.019273203532861445
R10,91004,matched_continuous96/common/marginal_kl,0.0032367932752378945
R10,91004,matched_continuous96/common/order_tv,0.020526695379870882
R10,91004,matched_continuous96/common/geometry_probability_mae,0.02566559963776668
R10,91004,matched_continuous96/common/response_rmse,0.059129491708145285
R10,91004,matched_continuous128/common/sequential_kl,0.015312869115348073
R10,91004,matched_continuous128/common/parallel_kl,0.03981228813492387
R10,91004,matched_continuous128/common/oracle_parallel_kl,0.019273203532861445
R10,91004,matched_continuous128/common/marginal_kl,0.020539084602062434
R10,91004,matched_continuous128/common/order_tv,0.02722942690091036
R10,91004,matched_continuous128/common/geometry_probability_mae,0.044245996186438645
R10,91004,matched_continuous128/common/response_rmse,0.10967416128657392
R10,91004,unequal_distance_w48/common/sequential_kl,0.003676928588309049
R10,91004,unequal_distance_w48/common/parallel_kl,0.07162998413690434
R10,91004,unequal_distance_w48/common/oracle_parallel_kl,0.06648278685712661
R10,91004,unequal_distance_w48/common/marginal_kl,0.005147197279777699
R10,91004,unequal_distance_w48/common/order_tv,0.034285245929218874
R10,91004,unequal_distance_w48/common/geometry_probability_mae,0.02236417368131326
R10,91004,unequal_distance_w48/common/response_rmse,0.04434470049051467
R10,91004,w128_k8/CE,0.47777332408862355
R10,91004,w128_k32/CE,0.47129377199279765
R10,91004,w128_t05/CE,0.2997673137455007
R10,91004,w128_t095/CE,0.4101984002415697
R10,91004,w48_t05/CE,0.28453941685166073
R10,91004,w48_t095/CE,0.3980670315039388
R10,91004,continuous128/G_1_8_NRMSE,0.02098315725837744
R10,91004,continuous128/G_9_48_NRMSE,0.08257724342691826
R10,91004,continuous128/G_49_64_NRMSE,0.11330965126066218
R10,91004,continuous128/m_bias,0.016891320546468098
R10,91004,continuous128/m2_bias,0.024682343675522134
R10,91004,continuous128/abs_m_bias,0.012905438741048159
R10,91004,continuous128/energy_bias,0.017678268312469325
R10,91004,continuous48/G_1_8_NRMSE,0.02720077034513252
R10,91004,continuous48/G_9_24_NRMSE,0.08176019950038575
R10,91004,continuous48/G_1_24_NRMSE,0.06049075614831297
R10,91004,continuous48/m_bias,-0.08253563774956596
R10,91004,continuous48/m2_bias,0.028250178437174145
R10,91004,continuous48/abs_m_bias,0.01927269829644107
R10,91004,continuous48/energy_bias,-0.0025673724235373285
R10,91004,held_s10_w48/G_10_30_NRMSE,0.03894174234431568
R10,91004,held_s10_w48/G_40_120_NRMSE,0.028275198417826376
R10,91004,held_s10_w48/G_130_470_NRMSE,0.1277715210380104
R10,91004,held_s10_w48/m_bias,0.045005798339843736
R10,91004,held_s10_w48/m2_bias,0.008460267826362888
R10,91004,held_s10_w48/abs_m_bias,-0.0030220879448785154
R10,91004,held_s10_w48/energy_bias,-0.02239167774822698
R10,91005,matched_continuous48/natural/sequential_kl,0.0022428201903011663
R10,91005,matched_continuous48/natural/parallel_kl,0.019701635072915034
R10,91005,matched_continuous48/natural/oracle_parallel_kl,0.019273203532861445
R10,91005,matched_continuous48/natural/marginal_kl,0.00042843154005357955
R10,91005,matched_continuous48/natural/order_tv,0.02527195738869461
R10,91005,matched_continuous48/natural/geometry_probability_mae,0.029772888036017554
R10,91005,matched_continuous48/natural/response_rmse,0.06186689093380213
R10,91005,matched_continuous96/natural/sequential_kl,0.004981469404661867
R10,91005,matched_continuous96/natural/parallel_kl,0.02547271234155948
R10,91005,matched_continuous96/natural/oracle_parallel_kl,0.019273203532861445
R10,91005,matched_continuous96/natural/marginal_kl,0.006199508808698032
R10,91005,matched_continuous96/natural/order_tv,0.022170059401859225
R10,91005,matched_continuous96/natural/geometry_probability_mae,0.02032424795566459
R10,91005,matched_continuous96/natural/response_rmse,0.03793339799021642
R10,91005,matched_continuous128/natural/sequential_kl,0.044482356034108494
R10,91005,matched_continuous128/natural/parallel_kl,0.07219253533571057
R10,91005,matched_continuous128/natural/oracle_parallel_kl,0.019273203532861445
R10,91005,matched_continuous128/natural/marginal_kl,0.052919331802849134
R10,91005,matched_continuous128/natural/order_tv,0.02288237917689459
R10,91005,matched_continuous128/natural/geometry_probability_mae,0.0815808845196324
R10,91005,matched_continuous128/natural/response_rmse,0.20806353881842912
R10,91005,unequal_distance_w48/natural/sequential_kl,0.003525411842214588
R10,91005,unequal_distance_w48/natural/parallel_kl,0.06809806692899777
R10,91005,unequal_distance_w48/natural/oracle_parallel_kl,0.06648278685712661
R10,91005,unequal_distance_w48/natural/marginal_kl,0.0016152800718711314
R10,91005,unequal_distance_w48/natural/order_tv,0.03068820060429105
R10,91005,unequal_distance_w48/natural/geometry_probability_mae,0.038581037210913376
R10,91005,unequal_distance_w48/natural/response_rmse,0.060659547106946224
R10,91005,matched_continuous48/common/sequential_kl,0.0021488497091306223
R10,91005,matched_continuous48/common/parallel_kl,0.019513694110573934
R10,91005,matched_continuous48/common/oracle_parallel_kl,0.019273203532861445
R10,91005,matched_continuous48/common/marginal_kl,0.00024049057771248722
R10,91005,matched_continuous48/common/order_tv,0.02598450764205247
R10,91005,matched_continuous48/common/geometry_probability_mae,0.029772888036017554
R10,91005,matched_continuous48/common/response_rmse,0.06186689093380213
R10,91005,matched_continuous96/common/sequential_kl,0.004941782722714831
R10,91005,matched_continuous96/common/parallel_kl,0.025287954777323363
R10,91005,matched_continuous96/common/oracle_parallel_kl,0.019273203532861445
R10,91005,matched_continuous96/common/marginal_kl,0.0060147512444619165
R10,91005,matched_continuous96/common/order_tv,0.02235022000576109
R10,91005,matched_continuous96/common/geometry_probability_mae,0.02137170901383452
R10,91005,matched_continuous96/common/response_rmse,0.037452361852915166
R10,91005,matched_continuous128/common/sequential_kl,0.04279841976396008
R10,91005,matched_continuous128/common/parallel_kl,0.0701180820544504
R10,91005,matched_continuous128/common/oracle_parallel_kl,0.019273203532861445
R10,91005,matched_continuous128/common/marginal_kl,0.05084487852158896
R10,91005,matched_continuous128/common/order_tv,0.023466240868882715
R10,91005,matched_continuous128/common/geometry_probability_mae,0.07827358919554712
R10,91005,matched_continuous128/common/response_rmse,0.1992986662507397
R10,91005,unequal_distance_w48/common/sequential_kl,0.0036201181135119276
R10,91005,unequal_distance_w48/common/parallel_kl,0.06828747947159244
R10,91005,unequal_distance_w48/common/oracle_parallel_kl,0.06648278685712661
R10,91005,unequal_distance_w48/common/marginal_kl,0.0018046926144658234
R10,91005,unequal_distance_w48/common/order_tv,0.03211185183712294
R10,91005,unequal_distance_w48/common/geometry_probability_mae,0.038581037210913376
R10,91005,unequal_distance_w48/common/response_rmse,0.060659547106946224
R10,91005,w128_k8/CE,0.48501061057327344
R10,91005,w128_k32/CE,0.4766080882975603
R10,91005,w128_t05/CE,0.2993276212512449
R10,91005,w128_t095/CE,0.41198400499620486
R10,91005,w48_t05/CE,0.2843014435770538
R10,91005,w48_t095/CE,0.3985002275156456
R10,91005,continuous128/G_1_8_NRMSE,0.03886528618282935
R10,91005,continuous128/G_9_48_NRMSE,0.13400693082683435
R10,91005,continuous128/G_49_64_NRMSE,0.11571844593529919
R10,91005,continuous128/m_bias,-0.032292842864990234
R10,91005,continuous128/m2_bias,0.026003576553193852
R10,91005,continuous128/abs_m_bias,0.021488507588704464
R10,91005,continuous128/energy_bias,0.01039249690498889
R10,91005,continuous48/G_1_8_NRMSE,0.0651520569472384
R10,91005,continuous48/G_9_24_NRMSE,0.11060391812090659
R10,91005,continuous48/G_1_24_NRMSE,0.09037452619790037
R10,91005,continuous48/m_bias,0.16914621988932294
R10,91005,continuous48/m2_bias,-0.04106303571183001
R10,91005,continuous48/abs_m_bias,-0.05171797010633683
R10,91005,continuous48/energy_bias,0.012600513214760634
R10,91005,held_s10_w48/G_10_30_NRMSE,0.10878222488078473
R10,91005,held_s10_w48/G_40_120_NRMSE,0.18197055769865791
R10,91005,held_s10_w48/G_130_470_NRMSE,0.10418048707683715
R10,91005,held_s10_w48/m_bias,0.04270002577039929
R10,91005,held_s10_w48/m2_bias,-0.024002641071507985
R10,91005,held_s10_w48/abs_m_bias,-0.036550733778211775
R10,91005,held_s10_w48/energy_bias,-0.0006510416666666852
R10,91006,matched_continuous48/natural/sequential_kl,0.003500499267389352
R10,91006,matched_continuous48/natural/parallel_kl,0.02415081011713908
R10,91006,matched_continuous48/natural/oracle_parallel_kl,0.019273203532861445
R10,91006,matched_continuous48/natural/marginal_kl,0.00487760658427764
R10,91006,matched_continuous48/natural/order_tv,0.03325081930410222
R10,91006,matched_continuous48/natural/geometry_probability_mae,0.019712538672980822
R10,91006,matched_continuous48/natural/response_rmse,0.0447828185719606
R10,91006,matched_continuous96/natural/sequential_kl,0.009822195967297479
R10,91006,matched_continuous96/natural/parallel_kl,0.032593093627416865
R10,91006,matched_continuous96/natural/oracle_parallel_kl,0.019273203532861445
R10,91006,matched_continuous96/natural/marginal_kl,0.013319890094555418
R10,91006,matched_continuous96/natural/order_tv,0.02851696607583256
R10,91006,matched_continuous96/natural/geometry_probability_mae,0.037169121611411754
R10,91006,matched_continuous96/natural/response_rmse,0.03531651510648339
R10,91006,matched_continuous128/natural/sequential_kl,0.015919533552504132
R10,91006,matched_continuous128/natural/parallel_kl,0.038770168896381144
R10,91006,matched_continuous128/natural/oracle_parallel_kl,0.019273203532861445
R10,91006,matched_continuous128/natural/marginal_kl,0.01949696536351969
R10,91006,matched_continuous128/natural/order_tv,0.02753092353336903
R10,91006,matched_continuous128/natural/geometry_probability_mae,0.04560146965964325
R10,91006,matched_continuous128/natural/response_rmse,0.11619157761220097
R10,91006,unequal_distance_w48/natural/sequential_kl,0.0040900446606380704
R10,91006,unequal_distance_w48/natural/parallel_kl,0.07160645207456585
R10,91006,unequal_distance_w48/natural/oracle_parallel_kl,0.06648278685712661
R10,91006,unequal_distance_w48/natural/marginal_kl,0.005123665217439237
R10,91006,unequal_distance_w48/natural/order_tv,0.027193762128627803
R10,91006,unequal_distance_w48/natural/geometry_probability_mae,0.02060074534465115
R10,91006,unequal_distance_w48/natural/response_rmse,0.04835664860545518
R10,91006,matched_continuous48/common/sequential_kl,0.0037823785260951677
R10,91006,matched_continuous48/common/parallel_kl,0.024714568634550717
R10,91006,matched_continuous48/common/oracle_parallel_kl,0.019273203532861445
R10,91006,matched_continuous48/common/marginal_kl,0.005441365101689266
R10,91006,matched_continuous48/common/order_tv,0.03581401293768838
R10,91006,matched_continuous48/common/geometry_probability_mae,0.019712538672980822
R10,91006,matched_continuous48/common/response_rmse,0.0447828185719606
R10,91006,matched_continuous96/common/sequential_kl,0.010825890497766175
R10,91006,matched_continuous96/common/parallel_kl,0.0341968619486513
R10,91006,matched_continuous96/common/oracle_parallel_kl,0.019273203532861445
R10,91006,matched_continuous96/common/marginal_kl,0.014923658415789843
R10,91006,matched_continuous96/common/order_tv,0.029654164184282156
R10,91006,matched_continuous96/common/geometry_probability_mae,0.03687959960242883
R10,91006,matched_continuous96/common/response_rmse,0.04356503258366949
R10,91006,matched_continuous128/common/sequential_kl,0.013774413366425165
R10,91006,matched_continuous128/common/parallel_kl,0.0362733835171382
R10,91006,matched_continuous128/common/oracle_parallel_kl,0.019273203532861445
R10,91006,matched_continuous128/common/marginal_kl,0.017000179984276744
R10,91006,matched_continuous128/common/order_tv,0.028524836341805256
R10,91006,matched_continuous128/common/geometry_probability_mae,0.03842647870403456
R10,91006,matched_continuous128/common/response_rmse,0.09521112454016481
R10,91006,unequal_distance_w48/common/sequential_kl,0.004230732418149914
R10,91006,unequal_distance_w48/common/parallel_kl,0.07188782758958955
R10,91006,unequal_distance_w48/common/oracle_parallel_kl,0.06648278685712661
R10,91006,unequal_distance_w48/common/marginal_kl,0.005405040732462933
R10,91006,unequal_distance_w48/common/order_tv,0.0282950047274472
R10,91006,unequal_distance_w48/common/geometry_probability_mae,0.02060074534465115
R10,91006,unequal_distance_w48/common/response_rmse,0.04835664860545518
R10,91006,w128_k8/CE,0.4854331298512071
R10,91006,w128_k32/CE,0.4730507002026254
R10,91006,w128_t05/CE,0.3009784902614553
R10,91006,w128_t095/CE,0.4109464310228351
R10,91006,w48_t05/CE,0.28413600376508585
R10,91006,w48_t095/CE,0.3984718304099077
R10,91006,continuous128/G_1_8_NRMSE,0.02951222498230318
R10,91006,continuous128/G_9_48_NRMSE,0.014756436275114629
R10,91006,continuous128/G_49_64_NRMSE,0.011859069581602103
R10,91006,continuous128/m_bias,-0.005551815032958984
R10,91006,continuous128/m2_bias,-0.00411817705996026
R10,91006,continuous128/abs_m_bias,-0.005700111389160156
R10,91006,continuous128/energy_bias,0.02606747845026447
R10,91006,continuous48/G_1_8_NRMSE,0.004496160163324901
R10,91006,continuous48/G_9_24_NRMSE,0.021525394640238994
R10,91006,continuous48/G_1_24_NRMSE,0.01542126536912649
R10,91006,continuous48/m_bias,0.038951449924045145
R10,91006,continuous48/m2_bias,0.001899179853039057
R10,91006,continuous48/abs_m_bias,-0.0018183390299478797
R10,91006,continuous48/energy_bias,0.001726732186391966
R10,91006,held_s10_w48/G_10_30_NRMSE,0.07863661836264658
R10,91006,held_s10_w48/G_40_120_NRMSE,0.25113699618990654
R10,91006,held_s10_w48/G_130_470_NRMSE,0.4744119580153641
R10,91006,held_s10_w48/m_bias,0.017702738444010407
R10,91006,held_s10_w48/m2_bias,0.08582683772216612
R10,91006,held_s10_w48/abs_m_bias,0.09662797715928823
R10,91006,held_s10_w48/energy_bias,-0.028722019060283654
R11,91001,matched_continuous48/natural/sequential_kl,0.0030421277107970206
R11,91001,matched_continuous48/natural/parallel_kl,0.024348530139872274
R11,91001,matched_continuous48/natural/oracle_parallel_kl,0.019273203532861445
R11,91001,matched_continuous48/natural/marginal_kl,0.005075326607010834
R11,91001,matched_continuous48/natural/order_tv,0.033312599850471414
R11,91001,matched_continuous48/natural/geometry_probability_mae,0.018561599115711893
R11,91001,matched_continuous48/natural/response_rmse,0.03800801973923459
R11,91001,matched_continuous96/natural/sequential_kl,0.003771948561074641
R11,91001,matched_continuous96/natural/parallel_kl,0.024380462930684254
R11,91001,matched_continuous96/natural/oracle_parallel_kl,0.019273203532861445
R11,91001,matched_continuous96/natural/marginal_kl,0.005107259397822804
R11,91001,matched_continuous96/natural/order_tv,0.015958880202559266
R11,91001,matched_continuous96/natural/geometry_probability_mae,0.011880195591509185
R11,91001,matched_continuous96/natural/response_rmse,0.024943021292916912
R11,91001,matched_continuous128/natural/sequential_kl,0.002593125319867648
R11,91001,matched_continuous128/natural/parallel_kl,0.022200820100817257
R11,91001,matched_continuous128/natural/oracle_parallel_kl,0.019273203532861445
R11,91001,matched_continuous128/natural/marginal_kl,0.00292761656795581
R11,91001,matched_continuous128/natural/order_tv,0.02639379283371912
R11,91001,matched_continuous128/natural/geometry_probability_mae,0.01455326368829641
R11,91001,matched_continuous128/natural/response_rmse,0.014491988275721972
R11,91001,unequal_distance_w48/natural/sequential_kl,0.006551757404134817
R11,91001,unequal_distance_w48/natural/parallel_kl,0.07718179294218043
R11,91001,unequal_distance_w48/natural/oracle_parallel_kl,0.06648278685712661
R11,91001,unequal_distance_w48/natural/marginal_kl,0.010699006085053798
R11,91001,unequal_distance_w48/natural/order_tv,0.03792571066170593
R11,91001,unequal_distance_w48/natural/geometry_probability_mae,0.021315540709012575
R11,91001,unequal_distance_w48/natural/response_rmse,0.05235207632807961
R11,91001,matched_continuous48/common/sequential_kl,0.0033678370515575853
R11,91001,matched_continuous48/common/parallel_kl,0.024999948821393395
R11,91001,matched_continuous48/common/oracle_parallel_kl,0.019273203532861445
R11,91001,matched_continuous48/common/marginal_kl,0.005726745288531956
R11,91001,matched_continuous48/common/order_tv,0.03495037119984698
R11,91001,matched_continuous48/common/geometry_probability_mae,0.018561599115711893
R11,91001,matched_continuous48/common/response_rmse,0.03800801973923459
R11,91001,matched_continuous96/common/sequential_kl,0.004067645885483091
R11,91001,matched_continuous96/common/parallel_kl,0.02468439687475192
R11,91001,matched_continuous96/common/oracle_parallel_kl,0.019273203532861445
R11,91001,matched_continuous96/common/marginal_kl,0.005411193341890476
R11,91001,matched_continuous96/common/order_tv,0.01602107001798085
R11,91001,matched_continuous96/common/geometry_probability_mae,0.012026961590733583
R11,91001,matched_continuous96/common/response_rmse,0.024624492369802426
R11,91001,matched_continuous128/common/sequential_kl,0.002748342687277331
R11,91001,matched_continuous128/common/parallel_kl,0.02235286092704577
R11,91001,matched_continuous128/common/oracle_parallel_kl,0.019273203532861445
R11,91001,matched_continuous128/common/marginal_kl,0.0030796573941843258
R11,91001,matched_continuous128/common/order_tv,0.02694343455279903
R11,91001,matched_continuous128/common/geometry_probability_mae,0.015811027879358994
R11,91001,matched_continuous128/common/response_rmse,0.01483295481067109
R11,91001,unequal_distance_w48/common/sequential_kl,0.006823244808428089
R11,91001,unequal_distance_w48/common/parallel_kl,0.07772476775076696
R11,91001,unequal_distance_w48/common/oracle_parallel_kl,0.06648278685712661
R11,91001,unequal_distance_w48/common/marginal_kl,0.01124198089364034
R11,91001,unequal_distance_w48/common/order_tv,0.038850892549144436
R11,91001,unequal_distance_w48/common/geometry_probability_mae,0.021315540709012575
R11,91001,unequal_distance_w48/common/response_rmse,0.05235207632807961
R11,91001,w128_k8/CE,0.4781624516106501
R11,91001,w128_k32/CE,0.4710269983726146
R11,91001,w128_t05/CE,0.2998164503448313
R11,91001,w128_t095/CE,0.41123875508026775
R11,91001,w48_t05/CE,0.2848483025081631
R11,91001,w48_t095/CE,0.39845658211232615
R11,91001,continuous128/G_1_8_NRMSE,0.01887506713156874
R11,91001,continuous128/G_9_48_NRMSE,0.04245703979088092
R11,91001,continuous128/G_49_64_NRMSE,0.0654309628813984
R11,91001,continuous128/m_bias,-0.023344834645589195
R11,91001,continuous128/m2_bias,0.016621631463446362
R11,91001,continuous128/abs_m_bias,0.01991558074951172
R11,91001,continuous128/energy_bias,0.022347698061485066
R11,91001,continuous48/G_1_8_NRMSE,0.03719884509292645
R11,91001,continuous48/G_9_24_NRMSE,0.07379568644890516
R11,91001,continuous48/G_1_24_NRMSE,0.05812439391625339
R11,91001,continuous48/m_bias,-0.05699581570095486
R11,91001,continuous48/m2_bias,-0.02779110346311403
R11,91001,continuous48/abs_m_bias,-0.02978600396050346
R11,91001,continuous48/energy_bias,0.010501942736037329
R11,91001,held_s10_w48/G_10_30_NRMSE,0.060459697365565945
R11,91001,held_s10_w48/G_40_120_NRMSE,0.13012094909708072
R11,91001,held_s10_w48/G_130_470_NRMSE,0.2195268119893059
R11,91001,held_s10_w48/m_bias,-0.04449886745876737
R11,91001,held_s10_w48/m2_bias,-0.048749276885279885
R11,91001,held_s10_w48/abs_m_bias,-0.08205583360460067
R11,91001,held_s10_w48/energy_bias,-0.0022855718085106336
R11,91002,matched_continuous48/natural/sequential_kl,0.00243292679940646
R11,91002,matched_continuous48/natural/parallel_kl,0.023690011545525573
R11,91002,matched_continuous48/natural/oracle_parallel_kl,0.019273203532861445
R11,91002,matched_continuous48/natural/marginal_kl,0.004416808012664139
R11,91002,matched_continuous48/natural/order_tv,0.028667428435683852
R11,91002,matched_continuous48/natural/geometry_probability_mae,0.009232493614644413
R11,91002,matched_continuous48/natural/response_rmse,0.021246908396689405
R11,91002,matched_continuous96/natural/sequential_kl,0.0022875258400537335
R11,91002,matched_continuous96/natural/parallel_kl,0.02219969182007639
R11,91002,matched_continuous96/natural/oracle_parallel_kl,0.019273203532861445
R11,91002,matched_continuous96/natural/marginal_kl,0.002926488287214935
R11,91002,matched_continuous96/natural/order_tv,0.013522774424398996
R11,91002,matched_continuous96/natural/geometry_probability_mae,0.02491193238024303
R11,91002,matched_continuous96/natural/response_rmse,0.05797419908925516
R11,91002,matched_continuous128/natural/sequential_kl,0.0036735676812491257
R11,91002,matched_continuous128/natural/parallel_kl,0.0244886934813682
R11,91002,matched_continuous128/natural/oracle_parallel_kl,0.019273203532861445
R11,91002,matched_continuous128/natural/marginal_kl,0.005215489948506748
R11,91002,matched_continuous128/natural/order_tv,0.024590151921614484
R11,91002,matched_continuous128/natural/geometry_probability_mae,0.011058575905299746
R11,91002,matched_continuous128/natural/response_rmse,0.023916472350535532
R11,91002,unequal_distance_w48/natural/sequential_kl,0.005054250068446299
R11,91002,unequal_distance_w48/natural/parallel_kl,0.07478727813978518
R11,91002,unequal_distance_w48/natural/oracle_parallel_kl,0.06648278685712661
R11,91002,unequal_distance_w48/natural/marginal_kl,0.008304491282658576
R11,91002,unequal_distance_w48/natural/order_tv,0.03377852610606184
R11,91002,unequal_distance_w48/natural/geometry_probability_mae,0.01923617504268558
R11,91002,unequal_distance_w48/natural/response_rmse,0.038652164561740594
R11,91002,matched_continuous48/common/sequential_kl,0.0025989762527469044
R11,91002,matched_continuous48/common/parallel_kl,0.024022110452206473
R11,91002,matched_continuous48/common/oracle_parallel_kl,0.019273203532861445
R11,91002,matched_continuous48/common/marginal_kl,0.004748906919345039
R11,91002,matched_continuous48/common/order_tv,0.03013046314805833
R11,91002,matched_continuous48/common/geometry_probability_mae,0.009232493614644413
R11,91002,matched_continuous48/common/response_rmse,0.021246908396689405
R11,91002,matched_continuous96/common/sequential_kl,0.00273291237659286
R11,91002,matched_continuous96/common/parallel_kl,0.02282162954451675
R11,91002,matched_continuous96/common/oracle_parallel_kl,0.019273203532861445
R11,91002,matched_continuous96/common/marginal_kl,0.0035484260116553016
R11,91002,matched_continuous96/common/order_tv,0.014061753893108219
R11,91002,matched_continuous96/common/geometry_probability_mae,0.026144409300759654
R11,91002,matched_continuous96/common/response_rmse,0.0608532308018318
R11,91002,matched_continuous128/common/sequential_kl,0.0031803656815603872
R11,91002,matched_continuous128/common/parallel_kl,0.023789729109839567
R11,91002,matched_continuous128/common/oracle_parallel_kl,0.019273203532861445
R11,91002,matched_continuous128/common/marginal_kl,0.004516525576978127
R11,91002,matched_continuous128/common/order_tv,0.024862444385120676
R11,91002,matched_continuous128/common/geometry_probability_mae,0.010400665692499634
R11,91002,matched_continuous128/common/response_rmse,0.02173174659906378
R11,91002,unequal_distance_w48/common/sequential_kl,0.0050561799323994485
R11,91002,unequal_distance_w48/common/parallel_kl,0.0747911378676915
R11,91002,unequal_distance_w48/common/oracle_parallel_kl,0.06648278685712661
R11,91002,unequal_distance_w48/common/marginal_kl,0.008308351010564877
R11,91002,unequal_distance_w48/common/order_tv,0.034299901765859994
R11,91002,unequal_distance_w48/common/geometry_probability_mae,0.01923617504268558
R11,91002,unequal_distance_w48/common/response_rmse,0.038652164561740594
R11,91002,w128_k8/CE,0.47675526648587124
R11,91002,w128_k32/CE,0.4684489955916714
R11,91002,w128_t05/CE,0.2994743228518708
R11,91002,w128_t095/CE,0.4092718016359094
R11,91002,w48_t05/CE,0.2845911704590579
R11,91002,w48_t095/CE,0.39778362713444904
R11,91002,continuous128/G_1_8_NRMSE,0.054231313753899696
R11,91002,continuous128/G_9_48_NRMSE,0.11817975172284326
R11,91002,continuous128/G_49_64_NRMSE,0.16761644905790565
R11,91002,continuous128/m_bias,0.009462833404541016
R11,91002,continuous128/m2_bias,-0.04411636225995608
R11,91002,continuous128/abs_m_bias,-0.04647413889567059
R11,91002,continuous128/energy_bias,0.026062992926970563
R11,91002,continuous48/G_1_8_NRMSE,0.021443752115570786
R11,91002,continuous48/G_9_24_NRMSE,0.04429650013093496
R11,91002,continuous48/G_1_24_NRMSE,0.03460591403432583
R11,91002,continuous48/m_bias,0.16815609402126735
R11,91002,continuous48/m2_bias,-0.023153255751103496
R11,91002,continuous48/abs_m_bias,-0.02606964111328125
R11,91002,continuous48/energy_bias,0.0032296687998670803
R11,91002,held_s10_w48/G_10_30_NRMSE,0.06768196802559515
R11,91002,held_s10_w48/G_40_120_NRMSE,0.17281630989935004
R11,91002,held_s10_w48/G_130_470_NRMSE,0.4189462375066626
R11,91002,held_s10_w48/m_bias,0.07763926188151041
R11,91002,held_s10_w48/m2_bias,0.06461112808298183
R11,91002,held_s10_w48/abs_m_bias,0.06940629747178823
R11,91002,held_s10_w48/energy_bias,-0.0342004654255319
R11,91003,matched_continuous48/natural/sequential_kl,0.0018353784520462391
R11,91003,matched_continuous48/natural/parallel_kl,0.02230874152745028
R11,91003,matched_continuous48/natural/oracle_parallel_kl,0.019273203532861445
R11,91003,matched_continuous48/natural/marginal_kl,0.0030355379945888367
R11,91003,matched_continuous48/natural/order_tv,0.032795352461442336
R11,91003,matched_continuous48/natural/geometry_probability_mae,0.009404332679604041
R11,91003,matched_continuous48/natural/response_rmse,0.01628408777861714
R11,91003,matched_continuous96/natural/sequential_kl,0.0017496767168281922
R11,91003,matched_continuous96/natural/parallel_kl,0.021429930352056804
R11,91003,matched_continuous96/natural/oracle_parallel_kl,0.019273203532861445
R11,91003,matched_continuous96/natural/marginal_kl,0.002156726819195363
R11,91003,matched_continuous96/natural/order_tv,0.016670318346729447
R11,91003,matched_continuous96/natural/geometry_probability_mae,0.011314803547307947
R11,91003,matched_continuous96/natural/response_rmse,0.021261270320823335
R11,91003,matched_continuous128/natural/sequential_kl,0.005148794247544802
R11,91003,matched_continuous128/natural/parallel_kl,0.02551882188753331
R11,91003,matched_continuous128/natural/oracle_parallel_kl,0.019273203532861445
R11,91003,matched_continuous128/natural/marginal_kl,0.006245618354671863
R11,91003,matched_continuous128/natural/order_tv,0.023791500094945704
R11,91003,matched_continuous128/natural/geometry_probability_mae,0.013775266933479781
R11,91003,matched_continuous128/natural/response_rmse,0.023832089134439998
R11,91003,unequal_distance_w48/natural/sequential_kl,0.0028706913450132964
R11,91003,unequal_distance_w48/natural/parallel_kl,0.0705986304209537
R11,91003,unequal_distance_w48/natural/oracle_parallel_kl,0.06648278685712661
R11,91003,unequal_distance_w48/natural/marginal_kl,0.0041158435638270815
R11,91003,unequal_distance_w48/natural/order_tv,0.03429468728772097
R11,91003,unequal_distance_w48/natural/geometry_probability_mae,0.013458167858241716
R11,91003,unequal_distance_w48/natural/response_rmse,0.026670504100016885
R11,91003,matched_continuous48/common/sequential_kl,0.0020305935302703955
R11,91003,matched_continuous48/common/parallel_kl,0.02269917168389859
R11,91003,matched_continuous48/common/oracle_parallel_kl,0.019273203532861445
R11,91003,matched_continuous48/common/marginal_kl,0.003425968151037153
R11,91003,matched_continuous48/common/order_tv,0.03418801479602069
R11,91003,matched_continuous48/common/geometry_probability_mae,0.009404332679604041
R11,91003,matched_continuous48/common/response_rmse,0.01628408777861714
R11,91003,matched_continuous96/common/sequential_kl,0.0017892086865541096
R11,91003,matched_continuous96/common/parallel_kl,0.021490325615234968
R11,91003,matched_continuous96/common/oracle_parallel_kl,0.019273203532861445
R11,91003,matched_continuous96/common/marginal_kl,0.0022171220823735305
R11,91003,matched_continuous96/common/order_tv,0.016941165395408273
R11,91003,matched_continuous96/common/geometry_probability_mae,0.011187477186999487
R11,91003,matched_continuous96/common/response_rmse,0.020958841103362148
R11,91003,matched_continuous128/common/sequential_kl,0.0050059286386993865
R11,91003,matched_continuous128/common/parallel_kl,0.025309617438963868
R11,91003,matched_continuous128/common/oracle_parallel_kl,0.019273203532861445
R11,91003,matched_continuous128/common/marginal_kl,0.0060364139061024275
R11,91003,matched_continuous128/common/order_tv,0.023635105319643517
R11,91003,matched_continuous128/common/geometry_probability_mae,0.013917980243676777
R11,91003,matched_continuous128/common/response_rmse,0.023742540987437187
R11,91003,unequal_distance_w48/common/sequential_kl,0.0030470795025605503
R11,91003,unequal_distance_w48/common/parallel_kl,0.0709514067360482
R11,91003,unequal_distance_w48/common/oracle_parallel_kl,0.06648278685712661
R11,91003,unequal_distance_w48/common/marginal_kl,0.0044686198789215936
R11,91003,unequal_distance_w48/common/order_tv,0.03524790498599378
R11,91003,unequal_distance_w48/common/geometry_probability_mae,0.013458167858241716
R11,91003,unequal_distance_w48/common/response_rmse,0.026670504100016885
R11,91003,w128_k8/CE,0.47606900360828985
R11,91003,w128_k32/CE,0.47098996120948977
R11,91003,w128_t05/CE,0.3009941977280163
R11,91003,w128_t095/CE,0.4119866487639163
R11,91003,w48_t05/CE,0.28462243122232683
R11,91003,w48_t095/CE,0.3980121957183697
R11,91003,continuous128/G_1_8_NRMSE,0.03615760198519421
R11,91003,continuous128/G_9_48_NRMSE,0.1841482496196142
R11,91003,continuous128/G_49_64_NRMSE,0.25877358234761105
R11,91003,continuous128/m_bias,0.009348392486572266
R11,91003,continuous128/m2_bias,0.060803119452126964
R11,91003,continuous128/abs_m_bias,0.059599876403808594
R11,91003,continuous128/energy_bias,0.02824744277113067
R11,91003,continuous48/G_1_8_NRMSE,0.028770791105875295
R11,91003,continuous48/G_9_24_NRMSE,0.055152926052886186
R11,91003,continuous48/G_1_24_NRMSE,0.04376068604062907
R11,91003,continuous48/m_bias,0.09683990478515625
R11,91003,continuous48/m2_bias,-0.029728592913827734
R11,91003,continuous48/abs_m_bias,-0.0285381740993923
R11,91003,continuous48/energy_bias,0.005425202931072737
R11,91003,held_s10_w48/G_10_30_NRMSE,0.09916177417818327
R11,91003,held_s10_w48/G_40_120_NRMSE,0.12432017487601218
R11,91003,held_s10_w48/G_130_470_NRMSE,0.13476039750875565
R11,91003,held_s10_w48/m_bias,-0.008759392632378474
R11,91003,held_s10_w48/m2_bias,-0.013462844454211947
R11,91003,held_s10_w48/abs_m_bias,-0.024099561903211775
R11,91003,held_s10_w48/energy_bias,-0.003601507092198586
R11,91004,matched_continuous48/natural/sequential_kl,0.004417633192201796
R11,91004,matched_continuous48/natural/parallel_kl,0.027190157821118083
R11,91004,matched_continuous48/natural/oracle_parallel_kl,0.019273203532861445
R11,91004,matched_continuous48/natural/marginal_kl,0.007916954288256645
R11,91004,matched_continuous48/natural/order_tv,0.03640793591979824
R11,91004,matched_continuous48/natural/geometry_probability_mae,0.010250234589279178
R11,91004,matched_continuous48/natural/response_rmse,0.01747742283897004
R11,91004,matched_continuous96/natural/sequential_kl,0.0016397000294996373
R11,91004,matched_continuous96/natural/parallel_kl,0.02073507330737094
R11,91004,matched_continuous96/natural/oracle_parallel_kl,0.019273203532861445
R11,91004,matched_continuous96/natural/marginal_kl,0.0014618697745094967
R11,91004,matched_continuous96/natural/order_tv,0.018750831342351754
R11,91004,matched_continuous96/natural/geometry_probability_mae,0.022407536878965763
R11,91004,matched_continuous96/natural/response_rmse,0.05065852567529948
R11,91004,matched_continuous128/natural/sequential_kl,0.008887718575900937
R11,91004,matched_continuous128/natural/parallel_kl,0.030968716604116955
R11,91004,matched_continuous128/natural/oracle_parallel_kl,0.019273203532861445
R11,91004,matched_continuous128/natural/marginal_kl,0.01169551307125551
R11,91004,matched_continuous128/natural/order_tv,0.029128011302150203
R11,91004,matched_continuous128/natural/geometry_probability_mae,0.021010947468189958
R11,91004,matched_continuous128/natural/response_rmse,0.027746601608590802
R11,91004,unequal_distance_w48/natural/sequential_kl,0.0036654836523029055
R11,91004,unequal_distance_w48/natural/parallel_kl,0.0725296763426787
R11,91004,unequal_distance_w48/natural/oracle_parallel_kl,0.06648278685712661
R11,91004,unequal_distance_w48/natural/marginal_kl,0.006046889485552082
R11,91004,unequal_distance_w48/natural/order_tv,0.03505071356992051
R11,91004,unequal_distance_w48/natural/geometry_probability_mae,0.014864992270672828
R11,91004,unequal_distance_w48/natural/response_rmse,0.0208724453098769
R11,91004,matched_continuous48/common/sequential_kl,0.004799687513299832
R11,91004,matched_continuous48/common/parallel_kl,0.02795426646331414
R11,91004,matched_continuous48/common/oracle_parallel_kl,0.019273203532861445
R11,91004,matched_continuous48/common/marginal_kl,0.0086810629304527
R11,91004,matched_continuous48/common/order_tv,0.03831750857465141
R11,91004,matched_continuous48/common/geometry_probability_mae,0.010250234589279178
R11,91004,matched_continuous48/common/response_rmse,0.01747742283897004
R11,91004,matched_continuous96/common/sequential_kl,0.0017096160169530964
R11,91004,matched_continuous96/common/parallel_kl,0.02078020962923025
R11,91004,matched_continuous96/common/oracle_parallel_kl,0.019273203532861445
R11,91004,matched_continuous96/common/marginal_kl,0.0015070060963688064
R11,91004,matched_continuous96/common/order_tv,0.018827060415870164
R11,91004,matched_continuous96/common/geometry_probability_mae,0.021395284572064018
R11,91004,matched_continuous96/common/response_rmse,0.04833345691027666
R11,91004,matched_continuous128/common/sequential_kl,0.008431578324072736
R11,91004,matched_continuous128/common/parallel_kl,0.030367876582415586
R11,91004,matched_continuous128/common/oracle_parallel_kl,0.019273203532861445
R11,91004,matched_continuous128/common/marginal_kl,0.011094673049554143
R11,91004,matched_continuous128/common/order_tv,0.028986723494732088
R11,91004,matched_continuous128/common/geometry_probability_mae,0.020501086775644186
R11,91004,matched_continuous128/common/response_rmse,0.027365320447438838
R11,91004,unequal_distance_w48/common/sequential_kl,0.003938164769257622
R11,91004,unequal_distance_w48/common/parallel_kl,0.07307503857658812
R11,91004,unequal_distance_w48/common/oracle_parallel_kl,0.06648278685712661
R11,91004,unequal_distance_w48/common/marginal_kl,0.006592251719461521
R11,91004,unequal_distance_w48/common/order_tv,0.03650243384329024
R11,91004,unequal_distance_w48/common/geometry_probability_mae,0.014864992270672828
R11,91004,unequal_distance_w48/common/response_rmse,0.0208724453098769
R11,91004,w128_k8/CE,0.47760746523590436
R11,91004,w128_k32/CE,0.47084226593897704
R11,91004,w128_t05/CE,0.2998420025093328
R11,91004,w128_t095/CE,0.410303337793868
R11,91004,w48_t05/CE,0.2845688400319297
R11,91004,w48_t095/CE,0.39796882209315876
R11,91004,continuous128/G_1_8_NRMSE,0.02034684994533966
R11,91004,continuous128/G_9_48_NRMSE,0.07283295708380329
R11,91004,continuous128/G_49_64_NRMSE,0.0777919863715836
R11,91004,continuous128/m_bias,0.06555032730102539
R11,91004,continuous128/m2_bias,0.014809857326326892
R11,91004,continuous128/abs_m_bias,0.0022687911987304688
R11,91004,continuous128/energy_bias,0.019419932928610995
R11,91004,continuous48/G_1_8_NRMSE,0.036342684251363874
R11,91004,continuous48/G_9_24_NRMSE,0.10272033122686865
R11,91004,continuous48/G_1_24_NRMSE,0.0765085849270999
R11,91004,continuous48/m_bias,-0.11137135823567706
R11,91004,continuous48/m2_bias,0.038857721252205935
R11,91004,continuous48/abs_m_bias,0.03194088406032991
R11,91004,continuous48/energy_bias,-0.00387638173204774
R11,91004,held_s10_w48/G_10_30_NRMSE,0.039555199100077855
R11,91004,held_s10_w48/G_40_120_NRMSE,0.03551407751290655
R11,91004,held_s10_w48/G_130_470_NRMSE,0.10986023126891534
R11,91004,held_s10_w48/m_bias,0.051394144694010414
R11,91004,held_s10_w48/m2_bias,0.004275909912439063
R11,91004,held_s10_w48/abs_m_bias,-0.01155344645182288
R11,91004,held_s10_w48/energy_bias,-0.02235704787234044
R11,91005,matched_continuous48/natural/sequential_kl,0.002045916786669565
R11,91005,matched_continuous48/natural/parallel_kl,0.021465120095585318
R11,91005,matched_continuous48/natural/oracle_parallel_kl,0.019273203532861445
R11,91005,matched_continuous48/natural/marginal_kl,0.0021919165627238813
R11,91005,matched_continuous48/natural/order_tv,0.02533114663148196
R11,91005,matched_continuous48/natural/geometry_probability_mae,0.016872174079167676
R11,91005,matched_continuous48/natural/response_rmse,0.03106913531491934
R11,91005,matched_continuous96/natural/sequential_kl,0.0008669920284929697
R11,91005,matched_continuous96/natural/parallel_kl,0.019786071509603494
R11,91005,matched_continuous96/natural/oracle_parallel_kl,0.019273203532861445
R11,91005,matched_continuous96/natural/marginal_kl,0.0005128679767420406
R11,91005,matched_continuous96/natural/order_tv,0.014428597813440438
R11,91005,matched_continuous96/natural/geometry_probability_mae,0.019617769743064777
R11,91005,matched_continuous96/natural/response_rmse,0.03826062631811191
R11,91005,matched_continuous128/natural/sequential_kl,0.015730931885640162
R11,91005,matched_continuous128/natural/parallel_kl,0.03888224967281296
R11,91005,matched_continuous128/natural/oracle_parallel_kl,0.019273203532861445
R11,91005,matched_continuous128/natural/marginal_kl,0.019609046139951528
R11,91005,matched_continuous128/natural/order_tv,0.0223972579618521
R11,91005,matched_continuous128/natural/geometry_probability_mae,0.04076209065570559
R11,91005,matched_continuous128/natural/response_rmse,0.0968609499045282
R11,91005,unequal_distance_w48/natural/sequential_kl,0.0026901060542117577
R11,91005,unequal_distance_w48/natural/parallel_kl,0.06880091913193717
R11,91005,unequal_distance_w48/natural/oracle_parallel_kl,0.06648278685712661
R11,91005,unequal_distance_w48/natural/marginal_kl,0.0023181322748105576
R11,91005,unequal_distance_w48/natural/order_tv,0.02828239260650367
R11,91005,unequal_distance_w48/natural/geometry_probability_mae,0.030757963719459252
R11,91005,unequal_distance_w48/natural/response_rmse,0.041491296024126205
R11,91005,matched_continuous48/common/sequential_kl,0.0020502500714491894
R11,91005,matched_continuous48/common/parallel_kl,0.021473786665144563
R11,91005,matched_continuous48/common/oracle_parallel_kl,0.019273203532861445
R11,91005,matched_continuous48/common/marginal_kl,0.0022005831322831288
R11,91005,matched_continuous48/common/order_tv,0.02603421037029264
R11,91005,matched_continuous48/common/geometry_probability_mae,0.016872174079167676
R11,91005,matched_continuous48/common/response_rmse,0.03106913531491934
R11,91005,matched_continuous96/common/sequential_kl,0.0008525006890523641
R11,91005,matched_continuous96/common/parallel_kl,0.01975698728054183
R11,91005,matched_continuous96/common/oracle_parallel_kl,0.019273203532861445
R11,91005,matched_continuous96/common/marginal_kl,0.0004837837476803815
R11,91005,matched_continuous96/common/order_tv,0.014463853824612533
R11,91005,matched_continuous96/common/geometry_probability_mae,0.018621340325805657
R11,91005,matched_continuous96/common/response_rmse,0.03616836821808811
R11,91005,matched_continuous128/common/sequential_kl,0.016893195080133545
R11,91005,matched_continuous128/common/parallel_kl,0.04029235629591984
R11,91005,matched_continuous128/common/oracle_parallel_kl,0.019273203532861445
R11,91005,matched_continuous128/common/marginal_kl,0.021019152763058414
R11,91005,matched_continuous128/common/order_tv,0.02266909324037035
R11,91005,matched_continuous128/common/geometry_probability_mae,0.04280040512858952
R11,91005,matched_continuous128/common/response_rmse,0.10229457455947172
R11,91005,unequal_distance_w48/common/sequential_kl,0.0027367214700838973
R11,91005,unequal_distance_w48/common/parallel_kl,0.06889414996368144
R11,91005,unequal_distance_w48/common/oracle_parallel_kl,0.06648278685712661
R11,91005,unequal_distance_w48/common/marginal_kl,0.002411363106554834
R11,91005,unequal_distance_w48/common/order_tv,0.02904775089757806
R11,91005,unequal_distance_w48/common/geometry_probability_mae,0.030757963719459252
R11,91005,unequal_distance_w48/common/response_rmse,0.041491296024126205
R11,91005,w128_k8/CE,0.47802971342027367
R11,91005,w128_k32/CE,0.4741887330980411
R11,91005,w128_t05/CE,0.29935764575954055
R11,91005,w128_t095/CE,0.41265237112346365
R11,91005,w48_t05/CE,0.2842815412772177
R11,91005,w48_t095/CE,0.3985113818785134
R11,91005,continuous128/G_1_8_NRMSE,0.03775346600723835
R11,91005,continuous128/G_9_48_NRMSE,0.10547378749538412
R11,91005,continuous128/G_49_64_NRMSE,0.08741141405706139
R11,91005,continuous128/m_bias,-0.0013874371846516916
R11,91005,continuous128/m2_bias,0.0214131063645861
R11,91005,continuous128/abs_m_bias,0.01618226369222009
R11,91005,continuous128/energy_bias,0.009827320969949538
R11,91005,continuous48/G_1_8_NRMSE,0.06248726937900201
R11,91005,continuous48/G_9_24_NRMSE,0.09715215468804052
R11,91005,continuous48/G_1_24_NRMSE,0.08137629539310144
R11,91005,continuous48/m_bias,0.20186106363932294
R11,91005,continuous48/m2_bias,-0.03367806437574783
R11,91005,continuous48/abs_m_bias,-0.04363420274522567
R11,91005,continuous48/energy_bias,0.011159910377881332
R11,91005,held_s10_w48/G_10_30_NRMSE,0.11074429381858847
R11,91005,held_s10_w48/G_40_120_NRMSE,0.18787673621302486
R11,91005,held_s10_w48/G_130_470_NRMSE,0.1072226561906816
R11,91005,held_s10_w48/m_bias,0.03829193115234375
R11,91005,held_s10_w48/m2_bias,-0.025750443523312766
R11,91005,held_s10_w48/abs_m_bias,-0.037785000271267355
R11,91005,held_s10_w48/energy_bias,-6.925975177263233e-06
R11,91006,matched_continuous48/natural/sequential_kl,0.0015321759872821328
R11,91006,matched_continuous48/natural/parallel_kl,0.021327235701101132
R11,91006,matched_continuous48/natural/oracle_parallel_kl,0.019273203532861445
R11,91006,matched_continuous48/natural/marginal_kl,0.0020540321682396803
R11,91006,matched_continuous48/natural/order_tv,0.029944198959746402
R11,91006,matched_continuous48/natural/geometry_probability_mae,0.010985496416465044
R11,91006,matched_continuous48/natural/response_rmse,0.023593382336239963
R11,91006,matched_continuous96/natural/sequential_kl,0.007979489572127981
R11,91006,matched_continuous96/natural/parallel_kl,0.030486179296854838
R11,91006,matched_continuous96/natural/oracle_parallel_kl,0.019273203532861445
R11,91006,matched_continuous96/natural/marginal_kl,0.011212975763993414
R11,91006,matched_continuous96/natural/order_tv,0.020003099541489384
R11,91006,matched_continuous96/natural/geometry_probability_mae,0.02797899134802447
R11,91006,matched_continuous96/natural/response_rmse,0.05551995766677522
R11,91006,matched_continuous128/natural/sequential_kl,0.0024126471116034513
R11,91006,matched_continuous128/natural/parallel_kl,0.02103726578424896
R11,91006,matched_continuous128/natural/oracle_parallel_kl,0.019273203532861445
R11,91006,matched_continuous128/natural/marginal_kl,0.0017640622513875144
R11,91006,matched_continuous128/natural/order_tv,0.026656521051091238
R11,91006,matched_continuous128/natural/geometry_probability_mae,0.017423005491000808
R11,91006,matched_continuous128/natural/response_rmse,0.017028470835769898
R11,91006,unequal_distance_w48/natural/sequential_kl,0.0021412560207059055
R11,91006,unequal_distance_w48/natural/parallel_kl,0.06830658095283142
R11,91006,unequal_distance_w48/natural/oracle_parallel_kl,0.06648278685712661
R11,91006,unequal_distance_w48/natural/marginal_kl,0.0018237940957048099
R11,91006,unequal_distance_w48/natural/order_tv,0.025234069420773175
R11,91006,unequal_distance_w48/natural/geometry_probability_mae,0.014537810186054517
R11,91006,unequal_distance_w48/natural/response_rmse,0.03347404494638386
R11,91006,matched_continuous48/common/sequential_kl,0.0018495648208506517
R11,91006,matched_continuous48/common/parallel_kl,0.021962013368238175
R11,91006,matched_continuous48/common/oracle_parallel_kl,0.019273203532861445
R11,91006,matched_continuous48/common/marginal_kl,0.0026888098353767278
R11,91006,matched_continuous48/common/order_tv,0.033290615348073406
R11,91006,matched_continuous48/common/geometry_probability_mae,0.010985496416465044
R11,91006,matched_continuous48/common/response_rmse,0.023593382336239963
R11,91006,matched_continuous96/common/sequential_kl,0.008817657965961958
R11,91006,matched_continuous96/common/parallel_kl,0.031681598313248654
R11,91006,matched_continuous96/common/oracle_parallel_kl,0.019273203532861445
R11,91006,matched_continuous96/common/marginal_kl,0.012408394780387218
R11,91006,matched_continuous96/common/order_tv,0.020534196768735302
R11,91006,matched_continuous96/common/geometry_probability_mae,0.028740880525608793
R11,91006,matched_continuous96/common/response_rmse,0.05753006150495145
R11,91006,matched_continuous128/common/sequential_kl,0.002484514620691468
R11,91006,matched_continuous128/common/parallel_kl,0.02105293992408541
R11,91006,matched_continuous128/common/oracle_parallel_kl,0.019273203532861445
R11,91006,matched_continuous128/common/marginal_kl,0.0017797363912239583
R11,91006,matched_continuous128/common/order_tv,0.02714972578182983
R11,91006,matched_continuous128/common/geometry_probability_mae,0.017726037367684043
R11,91006,matched_continuous128/common/response_rmse,0.018657901121397005
R11,91006,unequal_distance_w48/common/sequential_kl,0.00219147758887863
R11,91006,unequal_distance_w48/common/parallel_kl,0.06840702408917686
R11,91006,unequal_distance_w48/common/oracle_parallel_kl,0.06648278685712661
R11,91006,unequal_distance_w48/common/marginal_kl,0.0019242372320502489
R11,91006,unequal_distance_w48/common/order_tv,0.02638139983349453
R11,91006,unequal_distance_w48/common/geometry_probability_mae,0.014537810186054517
R11,91006,unequal_distance_w48/common/response_rmse,0.03347404494638386
R11,91006,w128_k8/CE,0.4779441479691092
R11,91006,w128_k32/CE,0.4702793417018816
R11,91006,w128_t05/CE,0.30102431164032867
R11,91006,w128_t095/CE,0.41081030152095466
R11,91006,w48_t05/CE,0.28416579131824166
R11,91006,w48_t095/CE,0.39848578576216487
R11,91006,continuous128/G_1_8_NRMSE,0.025989110094706155
R11,91006,continuous128/G_9_48_NRMSE,0.03553615826107985
R11,91006,continuous128/G_49_64_NRMSE,0.04896429643278842
R11,91006,continuous128/m_bias,0.026656945546468098
R11,91006,continuous128/m2_bias,0.006785257767963515
R11,91006,continuous128/abs_m_bias,0.009487469991048159
R11,91006,continuous128/energy_bias,0.025262647413519135
R11,91006,continuous48/G_1_8_NRMSE,0.00340360414454789
R11,91006,continuous48/G_9_24_NRMSE,0.01651799997770157
R11,91006,continuous48/G_1_24_NRMSE,0.011826983944048117
R11,91006,continuous48/m_bias,0.04047054714626737
R11,91006,continuous48/m2_bias,-0.0009720862647633055
R11,91006,continuous48/abs_m_bias,-0.005263434516058929
R11,91006,continuous48/energy_bias,0.001553582806959275
R11,91006,held_s10_w48/G_10_30_NRMSE,0.05676803989424293
R11,91006,held_s10_w48/G_40_120_NRMSE,0.21296881663204933
R11,91006,held_s10_w48/G_130_470_NRMSE,0.4243593957881854
R11,91006,held_s10_w48/m_bias,-0.014984978569878467
R11,91006,held_s10_w48/m2_bias,0.07556487822238309
R11,91006,held_s10_w48/abs_m_bias,0.0850448608398438
R11,91006,held_s10_w48/energy_bias,-0.022613308953900735
