condition,arm,seed,band,queries,ce,brier
w48_k1_natural,R00,91001,near,23,0.6549336801554337,0.2140571697197235
w48_k1_natural,R00,91001,middle,273,0.6311608096972651,0.2186825360614226
w48_k1_natural,R00,91001,far,3800,0.6882520191500128,0.2471741477199331
w48_k1_natural,R00,91002,near,23,0.5884237677430603,0.1972900834541276
w48_k1_natural,R00,91002,middle,273,0.6207691257344028,0.21471798775951012
w48_k1_natural,R00,91002,far,3800,0.6873129148857637,0.24673641106527977
w48_k1_natural,R00,91003,near,23,0.591853848961214,0.19875560889877023
w48_k1_natural,R00,91003,middle,273,0.6316997133852958,0.21883657055299915
w48_k1_natural,R00,91003,far,3800,0.7029294921081426,0.2537048370039159
w48_k1_natural,R00,91004,near,23,0.6025879129258364,0.20181118014263125
w48_k1_natural,R00,91004,middle,273,0.6263898074781541,0.21692940834269075
w48_k1_natural,R00,91004,far,3800,0.6906024239619678,0.2482744601153406
w48_k1_natural,R00,91005,near,23,0.6097266943699037,0.20348739236779156
w48_k1_natural,R00,91005,middle,273,0.6199993958822736,0.21448082420727269
w48_k1_natural,R00,91005,far,3800,0.6850512500874131,0.24577308957472435
w48_k1_natural,R00,91006,near,23,0.5832430888028715,0.19598007686815727
w48_k1_natural,R00,91006,middle,273,0.6299542780903021,0.2182446000511866
w48_k1_natural,R00,91006,far,3800,0.7072645098243955,0.25557613997127593
w48_k1_natural,R10,91001,near,23,0.6199233963678338,0.20625172707134273
w48_k1_natural,R10,91001,middle,273,0.6267928501619685,0.21706319428459067
w48_k1_natural,R10,91001,far,3800,0.7030452560408056,0.2537943537396772
w48_k1_natural,R10,91002,near,23,0.6410370730578328,0.211106252124145
w48_k1_natural,R10,91002,middle,273,0.6233687052794429,0.21577298363658937
w48_k1_natural,R10,91002,far,3800,0.6988749807563193,0.25199244765507345
w48_k1_natural,R10,91003,near,23,0.6133441565683517,0.20459879449970497
w48_k1_natural,R10,91003,middle,273,0.6250163456609379,0.2164285426086034
w48_k1_natural,R10,91003,far,3800,0.698355581683327,0.2517629839310067
w48_k1_natural,R10,91004,near,23,0.60680396570311,0.20255202907657938
w48_k1_natural,R10,91004,middle,273,0.6283992460281277,0.2176394653244295
w48_k1_natural,R10,91004,far,3800,0.7087327721541681,0.25621215252007484
w48_k1_natural,R10,91005,near,23,0.6039487195209304,0.20242427961373674
w48_k1_natural,R10,91005,middle,273,0.6202557347533051,0.2144796985743063
w48_k1_natural,R10,91005,far,3800,0.6890800173887679,0.2476434603023886
w48_k1_natural,R10,91006,near,23,0.6285542606459684,0.20819986641979452
w48_k1_natural,R10,91006,middle,273,0.6259099119611515,0.21671782946887092
w48_k1_natural,R10,91006,far,3800,0.6972492172764025,0.25128429223958526
w48_k1_natural,R11,91001,near,23,0.6141164191867806,0.20470719371974225
w48_k1_natural,R11,91001,middle,273,0.6312293677136903,0.21871272235721906
w48_k1_natural,R11,91001,far,3800,0.7090887354332457,0.2563524423510441
w48_k1_natural,R11,91002,near,23,0.6226001389762387,0.2069858821260834
w48_k1_natural,R11,91002,middle,273,0.6236040117656461,0.21587143701502842
w48_k1_natural,R11,91002,far,3800,0.7024770297855945,0.25355371903919743
w48_k1_natural,R11,91003,near,23,0.6167093153740922,0.20528811305539446
w48_k1_natural,R11,91003,middle,273,0.6264233656566751,0.21695544776358042
w48_k1_natural,R11,91003,far,3800,0.7008578343291348,0.2528500293801089
w48_k1_natural,R11,91004,near,23,0.6198660826569518,0.2062563564984489
w48_k1_natural,R11,91004,middle,273,0.6312602265336551,0.21872664523222454
w48_k1_natural,R11,91004,far,3800,0.7122275325389125,0.25767208982459966
w48_k1_natural,R11,91005,near,23,0.6284366402839405,0.20829399602004822
w48_k1_natural,R11,91005,middle,273,0.6227702744488879,0.21550002776043803
w48_k1_natural,R11,91005,far,3800,0.6922616860814306,0.24907488252152044
w48_k1_natural,R11,91006,near,23,0.615329284202886,0.2050742630059214
w48_k1_natural,R11,91006,middle,273,0.6266211772646314,0.21698152338729954
w48_k1_natural,R11,91006,far,3800,0.6989690610847004,0.25204886007375016
w48_k2_natural,R00,91001,near,41,0.5546542458553442,0.1801846469449692
w48_k2_natural,R00,91001,middle,529,0.5603230344969045,0.18885827409570394
w48_k2_natural,R00,91001,far,3526,0.6303276563340011,0.2198103986474836
w48_k2_natural,R00,91002,near,41,0.536981059089456,0.17463010075539562
w48_k2_natural,R00,91002,middle,529,0.5641491478374938,0.19040580269043125
w48_k2_natural,R00,91002,far,3526,0.6343814733307779,0.22185467978253753
w48_k2_natural,R00,91003,near,41,0.5405191706522356,0.17566594496927662
w48_k2_natural,R00,91003,middle,529,0.5622436785503323,0.1891285387959544
w48_k2_natural,R00,91003,far,3526,0.6285550910935631,0.21887758585643013
w48_k2_natural,R00,91004,near,41,0.5227507508355048,0.1701001922789963
w48_k2_natural,R00,91004,middle,529,0.5593982147770985,0.18810341683290466
w48_k2_natural,R00,91004,far,3526,0.6300473718837041,0.2197648814062444
w48_k2_natural,R00,91005,near,41,0.5407032541390387,0.17658689446075768
w48_k2_natural,R00,91005,middle,529,0.557550776474542,0.18742126018050526
w48_k2_natural,R00,91005,far,3526,0.6305709156330926,0.220003037202391
w48_k2_natural,R00,91006,near,41,0.5511451251868854,0.17712077605291307
w48_k2_natural,R00,91006,middle,529,0.5564966379013934,0.1870631081061329
w48_k2_natural,R00,91006,far,3526,0.6313833769346209,0.22038723379594746
w48_k2_natural,R10,91001,near,41,0.5340319473233096,0.17430996896410533
w48_k2_natural,R10,91001,middle,529,0.5645031821205078,0.19044856862103943
w48_k2_natural,R10,91001,far,3526,0.6315366231623474,0.22039297778563574
w48_k2_natural,R10,91002,near,41,0.5480539389597939,0.17729462019061806
w48_k2_natural,R10,91002,middle,529,0.564061885871526,0.19014057323441041
w48_k2_natural,R10,91002,far,3526,0.6329425746512388,0.22116630530112008
w48_k2_natural,R10,91003,near,41,0.5344397083726304,0.17484716811004916
w48_k2_natural,R10,91003,middle,529,0.5640795024662729,0.19020336564813756
w48_k2_natural,R10,91003,far,3526,0.6344256919751251,0.22184091553963517
w48_k2_natural,R10,91004,near,41,0.5373781934645163,0.174965755677466
w48_k2_natural,R10,91004,middle,529,0.5655774540064309,0.19069586573492228
w48_k2_natural,R10,91004,far,3526,0.6342231747199394,0.22172713592360513
w48_k2_natural,R10,91005,near,41,0.5356262447842526,0.17478328937265386
w48_k2_natural,R10,91005,middle,529,0.5664624253252297,0.19121215468247044
w48_k2_natural,R10,91005,far,3526,0.6352026109600963,0.2223110552799117
w48_k2_natural,R10,91006,near,41,0.5417368466281638,0.17470023943708377
w48_k2_natural,R10,91006,middle,529,0.5612906545916994,0.18861827654085722
w48_k2_natural,R10,91006,far,3526,0.6291835232579854,0.21925787255278376
w48_k2_natural,R11,91001,near,41,0.5408748845628769,0.17634468647872054
w48_k2_natural,R11,91001,middle,529,0.5638859723143526,0.19009816957564643
w48_k2_natural,R11,91001,far,3526,0.6303418770648141,0.2198068698858885
w48_k2_natural,R11,91002,near,41,0.5451682823435091,0.17708849446812286
w48_k2_natural,R11,91002,middle,529,0.5632712546046832,0.1897278844516707
w48_k2_natural,R11,91002,far,3526,0.6328433240441219,0.22107776096822682
w48_k2_natural,R11,91003,near,41,0.5363624665359656,0.17532155335306523
w48_k2_natural,R11,91003,middle,529,0.5632797829642616,0.1898460373953867
w48_k2_natural,R11,91003,far,3526,0.6334023805525494,0.22133988300306243
w48_k2_natural,R11,91004,near,41,0.5397537420363901,0.17524226877954463
w48_k2_natural,R11,91004,middle,529,0.563534703615244,0.1898239347754657
w48_k2_natural,R11,91004,far,3526,0.6330789346530352,0.2211319536282252
w48_k2_natural,R11,91005,near,41,0.5481239230901431,0.17756408388942987
w48_k2_natural,R11,91005,middle,529,0.5632795721450679,0.1898125308349872
w48_k2_natural,R11,91005,far,3526,0.6325738040647131,0.2210391499459472
w48_k2_natural,R11,91006,near,41,0.536580599793019,0.17403738358911136
w48_k2_natural,R11,91006,middle,529,0.5629082825315622,0.18936548508925002
w48_k2_natural,R11,91006,far,3526,0.6310769615870057,0.22019319596739426
w48_k2_common,R00,91001,near,41,0.5477674619799442,0.1778260273709193
w48_k2_common,R00,91001,middle,529,0.5987751349936793,0.20324130648932134
w48_k2_common,R00,91001,far,3526,0.6919063622708713,0.24923963397043178
w48_k2_common,R00,91002,near,41,0.5537552727088599,0.18275107555368286
w48_k2_common,R00,91002,middle,529,0.6092873546809112,0.20909507630579213
w48_k2_common,R00,91002,far,3526,0.6578747551144523,0.23259732433881689
w48_k2_common,R00,91003,near,41,0.6266962292969284,0.2169331627607174
w48_k2_common,R00,91003,middle,529,0.6499449102022771,0.22855026762723082
w48_k2_common,R00,91003,far,3526,0.6827309117702439,0.2448070381952908
w48_k2_common,R00,91004,near,41,0.5293087240179624,0.17210565448648588
w48_k2_common,R00,91004,middle,529,0.5868063398356185,0.19906494066418784
w48_k2_common,R00,91004,far,3526,0.6843087859299158,0.24566734779923738
w48_k2_common,R00,91005,near,41,0.5712336055024201,0.19078909916020154
w48_k2_common,R00,91005,middle,529,0.603032917522332,0.20601715593355094
w48_k2_common,R00,91005,far,3526,0.665383110531489,0.2362949512217164
w48_k2_common,R00,91006,near,41,0.6532896303721698,0.2301600552259573
w48_k2_common,R00,91006,middle,529,0.6702094975769362,0.23858012992089161
w48_k2_common,R00,91006,far,3526,0.6921668256846866,0.24951064867694428
w48_k2_common,R10,91001,near,41,0.544263063100733,0.17667817642666434
w48_k2_common,R10,91001,middle,529,0.5740401581872995,0.19412273130458127
w48_k2_common,R10,91001,far,3526,0.6594170627672231,0.23389403853431537
w48_k2_common,R10,91002,near,41,0.5295249338294175,0.17305137715920002
w48_k2_common,R10,91002,middle,529,0.5605176297105092,0.187841888286986
w48_k2_common,R10,91002,far,3526,0.6311358261679351,0.22013698527399117
w48_k2_common,R10,91003,near,41,0.6517657724304428,0.23184958047941018
w48_k2_common,R10,91003,middle,529,0.6654428641124822,0.2377213399215242
w48_k2_common,R10,91003,far,3526,0.6936012796719409,0.2504326866136997
w48_k2_common,R10,91004,near,41,0.5266728579092451,0.17141340363069066
w48_k2_common,R10,91004,middle,529,0.5756255809789734,0.1950913062933869
w48_k2_common,R10,91004,far,3526,0.642647717678467,0.22550492498539537
w48_k2_common,R10,91005,near,41,0.551621310622758,0.18251066441603514
w48_k2_common,R10,91005,middle,529,0.5869212605485702,0.19847508947580883
w48_k2_common,R10,91005,far,3526,0.6668961978089177,0.23705422009317068
w48_k2_common,R10,91006,near,41,0.6383897442614219,0.2233845364194597
w48_k2_common,R10,91006,middle,529,0.6528494215384857,0.230470031892131
w48_k2_common,R10,91006,far,3526,0.6800333786787425,0.24369091709080376
w48_k2_common,R11,91001,near,41,0.5410004427356698,0.17540283922615438
w48_k2_common,R11,91001,middle,529,0.5764058347465031,0.19531791848490224
w48_k2_common,R11,91001,far,3526,0.6528182029959084,0.23058460301230363
w48_k2_common,R11,91002,near,41,0.5304307008980392,0.17272322913836302
w48_k2_common,R11,91002,middle,529,0.5617186064183166,0.18844254798280177
w48_k2_common,R11,91002,far,3526,0.6330838194268849,0.2210622357620253
w48_k2_common,R11,91003,near,41,0.5840271668395586,0.19829582402854554
w48_k2_common,R11,91003,middle,529,0.6210190649990809,0.21580774612308223
w48_k2_common,R11,91003,far,3526,0.6669949898484158,0.23748154407279773
w48_k2_common,R11,91004,near,41,0.5390629481466148,0.1748006705952658
w48_k2_common,R11,91004,middle,529,0.5785163860592407,0.1964882646961875
w48_k2_common,R11,91004,far,3526,0.6368010403660582,0.22281161551235598
w48_k2_common,R11,91005,near,41,0.538565618455616,0.1769160682964864
w48_k2_common,R11,91005,middle,529,0.5674724139175583,0.19007945800218476
w48_k2_common,R11,91005,far,3526,0.652076451370821,0.2299659728327935
w48_k2_common,R11,91006,near,41,0.6122202297416305,0.2110253593981823
w48_k2_common,R11,91006,middle,529,0.6438323811050787,0.22583460557839596
w48_k2_common,R11,91006,far,3526,0.6880161471436422,0.2474593593078168
w48_k8_natural,R00,91001,near,178,0.41201202375268453,0.12624059377640243
w48_k8_natural,R00,91001,middle,1658,0.520457535972976,0.17063840460545823
w48_k8_natural,R00,91001,far,2260,0.5749632877877482,0.1933535070448359
w48_k8_natural,R00,91002,near,178,0.3987933660790542,0.12017410127043521
w48_k8_natural,R00,91002,middle,1658,0.5211137153451614,0.17096512927564816
w48_k8_natural,R00,91002,far,2260,0.5743912743683189,0.19347803462956145
w48_k8_natural,R00,91003,near,178,0.405052436895108,0.12235793445468927
w48_k8_natural,R00,91003,middle,1658,0.5192905952635042,0.17020928556412468
w48_k8_natural,R00,91003,far,2260,0.5750213892784759,0.193676747526171
w48_k8_natural,R00,91004,near,178,0.4043386243442874,0.12236397678486066
w48_k8_natural,R00,91004,middle,1658,0.5215544483117068,0.17107866067533448
w48_k8_natural,R00,91004,far,2260,0.577814352963061,0.1948099515471684
w48_k8_natural,R00,91005,near,178,0.40783185651595283,0.12404164784166889
w48_k8_natural,R00,91005,middle,1658,0.5191352666797846,0.17012437708975756
w48_k8_natural,R00,91005,far,2260,0.5750743342550954,0.19362326113427028
w48_k8_natural,R00,91006,near,178,0.4016348476141206,0.1212217742055946
w48_k8_natural,R00,91006,middle,1658,0.5208738586670809,0.1707075269916543
w48_k8_natural,R00,91006,far,2260,0.5747718106603116,0.19367008003426522
w48_k8_natural,R10,91001,near,178,0.41123759726210113,0.12569572487676056
w48_k8_natural,R10,91001,middle,1658,0.5200560432121771,0.17047444479276072
w48_k8_natural,R10,91001,far,2260,0.5749524034838179,0.19349764618739773
w48_k8_natural,R10,91002,near,178,0.4078037662071381,0.1236150235442629
w48_k8_natural,R10,91002,middle,1658,0.5188389569054473,0.169992066173505
w48_k8_natural,R10,91002,far,2260,0.5737368794394877,0.19296050311612137
w48_k8_natural,R10,91003,near,178,0.4092333435350909,0.1243719700308076
w48_k8_natural,R10,91003,middle,1658,0.5205831915875777,0.17064860648854172
w48_k8_natural,R10,91003,far,2260,0.573714924245289,0.19304507740212304
w48_k8_natural,R10,91004,near,178,0.40721037255927794,0.12362933834507141
w48_k8_natural,R10,91004,middle,1658,0.5215008656403486,0.17092915674040043
w48_k8_natural,R10,91004,far,2260,0.5770441121127394,0.19433141234356507
w48_k8_natural,R10,91005,near,178,0.4131496325073441,0.12622805590111277
w48_k8_natural,R10,91005,middle,1658,0.520530525537916,0.17063685596845085
w48_k8_natural,R10,91005,far,2260,0.5748532923334105,0.1935366932466662
w48_k8_natural,R10,91006,near,178,0.4112628191884574,0.12494665826480317
w48_k8_natural,R10,91006,middle,1658,0.5206555545830299,0.1707397320129731
w48_k8_natural,R10,91006,far,2260,0.5746684114921479,0.19354904822515637
w48_k8_natural,R11,91001,near,178,0.40832975538549654,0.12421494164414915
w48_k8_natural,R11,91001,middle,1658,0.5204129383265956,0.1707344945662226
w48_k8_natural,R11,91001,far,2260,0.5750393516481968,0.19361728630139646
w48_k8_natural,R11,91002,near,178,0.40642220516009325,0.12299242010215439
w48_k8_natural,R11,91002,middle,1658,0.5191732644442848,0.17012730958419542
w48_k8_natural,R11,91002,far,2260,0.5741006608018311,0.19315011059582063
w48_k8_natural,R11,91003,near,178,0.4083858557467337,0.1240703886250156
w48_k8_natural,R11,91003,middle,1658,0.5211469347300958,0.1708995860090352
w48_k8_natural,R11,91003,far,2260,0.5739687654019443,0.19314447721479974
w48_k8_natural,R11,91004,near,178,0.40673905020302603,0.12356781058965496
w48_k8_natural,R11,91004,middle,1658,0.5217144862575139,0.1710938110902169
w48_k8_natural,R11,91004,far,2260,0.5764648335450339,0.1941065231373882
w48_k8_natural,R11,91005,near,178,0.40802140882331517,0.12432848868942128
w48_k8_natural,R11,91005,middle,1658,0.5200720940976331,0.17049287133557578
w48_k8_natural,R11,91005,far,2260,0.5745859471084548,0.1933715173943535
w48_k8_natural,R11,91006,near,178,0.40800962410664876,0.12375744189791389
w48_k8_natural,R11,91006,middle,1658,0.5207216082225535,0.17080445094177768
w48_k8_natural,R11,91006,far,2260,0.5754128103371008,0.19376167978282866
w48_k32_natural,R00,91001,near,596,0.3441980424314899,0.10023877979451852
w48_k32_natural,R00,91001,middle,3084,0.4803243412863593,0.15357459997436224
w48_k32_natural,R00,91001,far,416,0.5128943107577352,0.1676275673455613
w48_k32_natural,R00,91002,near,596,0.3456820490728366,0.1007863523867888
w48_k32_natural,R00,91002,middle,3084,0.4788176510731021,0.15288144146411115
w48_k32_natural,R00,91002,far,416,0.5097841940558759,0.16640219225397218
w48_k32_natural,R00,91003,near,596,0.34892726746820574,0.10201627843480095
w48_k32_natural,R00,91003,middle,3084,0.48054168537494235,0.15359643808794463
w48_k32_natural,R00,91003,far,416,0.5102060090479064,0.1664897898666693
w48_k32_natural,R00,91004,near,596,0.3488998954775192,0.10194078159985827
w48_k32_natural,R00,91004,middle,3084,0.47976514355676897,0.15319974951503745
w48_k32_natural,R00,91004,far,416,0.5121539718654275,0.16732598606509475
w48_k32_natural,R00,91005,near,596,0.34875394888732814,0.10189890282550694
w48_k32_natural,R00,91005,middle,3084,0.4802276746920681,0.15347194283972446
w48_k32_natural,R00,91005,far,416,0.5116200400916093,0.16714619351201448
w48_k32_natural,R00,91006,near,596,0.3452605890207173,0.10051032412498268
w48_k32_natural,R00,91006,middle,3084,0.47943754688121226,0.15298964285588273
w48_k32_natural,R00,91006,far,416,0.5143441874530628,0.16803406923166475
w48_k32_natural,R10,91001,near,596,0.3467341592702625,0.1011047803011624
w48_k32_natural,R10,91001,middle,3084,0.4801191487085999,0.15344128014943914
w48_k32_natural,R10,91001,far,416,0.5131344688095,0.16773664550598288
w48_k32_natural,R10,91002,near,596,0.34918912653517,0.10205891482429338
w48_k32_natural,R10,91002,middle,3084,0.4809903096322446,0.15381699773886157
w48_k32_natural,R10,91002,far,416,0.5103883129125462,0.16671165068368354
w48_k32_natural,R10,91003,near,596,0.34899734591698844,0.10220407529157516
w48_k32_natural,R10,91003,middle,3084,0.48244287791747653,0.1544526167789111
w48_k32_natural,R10,91003,far,416,0.5114181331210812,0.16698046420536825
w48_k32_natural,R10,91004,near,596,0.3522786442144769,0.10325955196658178
w48_k32_natural,R10,91004,middle,3084,0.48141898048390475,0.1539833451560716
w48_k32_natural,R10,91004,far,416,0.5122932533369184,0.167454332006101
w48_k32_natural,R10,91005,near,596,0.349643583994892,0.10241154831348817
w48_k32_natural,R10,91005,middle,3084,0.480967812435821,0.15381551373378938
w48_k32_natural,R10,91005,far,416,0.5129752166433046,0.16764102495865688
w48_k32_natural,R10,91006,near,596,0.346031627974018,0.10072339644042624
w48_k32_natural,R10,91006,middle,3084,0.4800230179463693,0.15328661515386824
w48_k32_natural,R10,91006,far,416,0.5125231984661625,0.1672444000126561
w48_k32_natural,R11,91001,near,596,0.34588010148370335,0.10088125996462863
w48_k32_natural,R11,91001,middle,3084,0.479358426941985,0.1531483514364873
w48_k32_natural,R11,91001,far,416,0.511846145487334,0.16716187151496506
w48_k32_natural,R11,91002,near,596,0.3472140239072566,0.10117983167743128
w48_k32_natural,R11,91002,middle,3084,0.4809919727431352,0.15382992733836748
w48_k32_natural,R11,91002,far,416,0.5115114664733428,0.16714041527179857
w48_k32_natural,R11,91003,near,596,0.3490842420676248,0.10220501384530378
w48_k32_natural,R11,91003,middle,3084,0.4824742423352473,0.1544478757488969
w48_k32_natural,R11,91003,far,416,0.5121243664335482,0.16725955900418088
w48_k32_natural,R11,91004,near,596,0.3501687917354158,0.10233316707082464
w48_k32_natural,R11,91004,middle,3084,0.48073123071680013,0.1536798028581409
w48_k32_natural,R11,91004,far,416,0.5121048069217896,0.1672976630521402
w48_k32_natural,R11,91005,near,596,0.3452309295781189,0.10052388423909081
w48_k32_natural,R11,91005,middle,3084,0.47948685723346945,0.15315304393220133
w48_k32_natural,R11,91005,far,416,0.5116752804373212,0.1671687324482023
w48_k32_natural,R11,91006,near,596,0.34639451764914897,0.10090966269180483
w48_k32_natural,R11,91006,middle,3084,0.4805714993215708,0.15356980858825456
w48_k32_natural,R11,91006,far,416,0.5126846334716142,0.1674356426238841
w48_k32_common,R00,91001,near,596,0.36320687436673615,0.10726175563619074
w48_k32_common,R00,91001,middle,3084,0.4837350967462586,0.15470971722119972
w48_k32_common,R00,91001,far,416,0.5218469363599781,0.1703191898646051
w48_k32_common,R00,91002,near,596,0.36458805153276636,0.10697832945654603
w48_k32_common,R00,91002,middle,3084,0.4865905896220281,0.15568059224601616
w48_k32_common,R00,91002,far,416,0.5268549687220537,0.17210900667045761
w48_k32_common,R00,91003,near,596,0.3816595323840578,0.11288014920243936
w48_k32_common,R00,91003,middle,3084,0.4881585359793705,0.15611017602953986
w48_k32_common,R00,91003,far,416,0.5199629215193615,0.1692049611338511
w48_k32_common,R00,91004,near,596,0.35889761517680296,0.10415104647963212
w48_k32_common,R00,91004,middle,3084,0.4850776857865676,0.155370631690355
w48_k32_common,R00,91004,far,416,0.5167038915140745,0.16831625125549213
w48_k32_common,R00,91005,near,596,0.3564984641144305,0.10449853246389824
w48_k32_common,R00,91005,middle,3084,0.4850526568473504,0.15518361872417513
w48_k32_common,R00,91005,far,416,0.524784920250617,0.17114438806902207
w48_k32_common,R00,91006,near,596,0.3916530917326055,0.11648932535537078
w48_k32_common,R00,91006,middle,3084,0.5047362312658713,0.16312952097893316
w48_k32_common,R00,91006,far,416,0.5387230196856753,0.1772907358579756
w48_k32_common,R10,91001,near,596,0.36307511685235594,0.10718591794562168
w48_k32_common,R10,91001,middle,3084,0.483269001715883,0.15470719451333156
w48_k32_common,R10,91001,far,416,0.5177194579151079,0.1690922009008184
w48_k32_common,R10,91002,near,596,0.3708640049836175,0.10900217682491169
w48_k32_common,R10,91002,middle,3084,0.4882036741157651,0.15606677136337127
w48_k32_common,R10,91002,far,416,0.531365255027599,0.17368046818807484
w48_k32_common,R10,91003,near,596,0.3935563802662615,0.11686851443404268
w48_k32_common,R10,91003,middle,3084,0.49406963045449465,0.15819957223431794
w48_k32_common,R10,91003,far,416,0.526948503896328,0.17173606219563958
w48_k32_common,R10,91004,near,596,0.3540794031073664,0.10283299063977415
w48_k32_common,R10,91004,middle,3084,0.4841355533178168,0.1551312090643601
w48_k32_common,R10,91004,far,416,0.508856291620915,0.16548726452320334
w48_k32_common,R10,91005,near,596,0.3635092587057632,0.10681306940210471
w48_k32_common,R10,91005,middle,3084,0.490373949697476,0.1573901624153658
w48_k32_common,R10,91005,far,416,0.526812943664818,0.1719805666731285
w48_k32_common,R10,91006,near,596,0.39625015657587465,0.1178263251064925
w48_k32_common,R10,91006,middle,3084,0.5019831848632959,0.1616800110044912
w48_k32_common,R10,91006,far,416,0.5414252022972986,0.17795623133122168
w48_k32_common,R11,91001,near,596,0.35728813363349504,0.10480475023551221
w48_k32_common,R11,91001,middle,3084,0.4826132030232557,0.15447559911666323
w48_k32_common,R11,91001,far,416,0.5186567350973186,0.16928994496854133
w48_k32_common,R11,91002,near,596,0.37381575996603356,0.11115837163065592
w48_k32_common,R11,91002,middle,3084,0.49033088968631455,0.15740249259926797
w48_k32_common,R11,91002,far,416,0.5273223435954919,0.1725061275138744
w48_k32_common,R11,91003,near,596,0.39369771096789496,0.11744219562528763
w48_k32_common,R11,91003,middle,3084,0.4940958078207513,0.1582802479247033
w48_k32_common,R11,91003,far,416,0.531883238320291,0.17381382377932278
w48_k32_common,R11,91004,near,596,0.3580987656831486,0.10435957162382463
w48_k32_common,R11,91004,middle,3084,0.48286214998435273,0.1547334233187752
w48_k32_common,R11,91004,far,416,0.5051213070147109,0.16378055294426067
w48_k32_common,R11,91005,near,596,0.359947651210957,0.10581099889490554
w48_k32_common,R11,91005,middle,3084,0.4904020821853481,0.1574144247185811
w48_k32_common,R11,91005,far,416,0.5262999523468974,0.17180219127354393
w48_k32_common,R11,91006,near,596,0.38964707428477374,0.11569099056824154
w48_k32_common,R11,91006,middle,3084,0.50227308541665,0.16194682770888766
w48_k32_common,R11,91006,far,416,0.541086005186182,0.17772540821315286
w48_k128_natural,R00,91001,near,2003,0.3730714967163372,0.1127626125824867
w48_k128_natural,R00,91001,middle,2088,0.4424735039795739,0.13784585182260292
w48_k128_natural,R00,91001,far,5,0.19104890553642354,0.030365993394039715
w48_k128_natural,R00,91002,near,2003,0.37275569786690455,0.11249844960007423
w48_k128_natural,R00,91002,middle,2088,0.44277870198377295,0.137956632279809
w48_k128_natural,R00,91002,far,5,0.2047186000866846,0.03429403849104373
w48_k128_natural,R00,91003,near,2003,0.3724928479328837,0.1125304858202511
w48_k128_natural,R00,91003,middle,2088,0.44182712712208194,0.13754947600475698
w48_k128_natural,R00,91003,far,5,0.19193303542577841,0.03068612263073165
w48_k128_natural,R00,91004,near,2003,0.3719150402600766,0.11217964472068982
w48_k128_natural,R00,91004,middle,2088,0.442494639092206,0.13784608110265842
w48_k128_natural,R00,91004,far,5,0.1998360931454079,0.03290755033605275
w48_k128_natural,R00,91005,near,2003,0.37176326302993484,0.11213172754845789
w48_k128_natural,R00,91005,middle,2088,0.4432280831645277,0.1381084501349456
w48_k128_natural,R00,91005,far,5,0.19857973560848935,0.03254832335191939
w48_k128_natural,R00,91006,near,2003,0.37224467721793064,0.11232959787848906
w48_k128_natural,R00,91006,middle,2088,0.44318847904929337,0.13811709557943372
w48_k128_natural,R00,91006,far,5,0.19273595912337335,0.030763855374443906
w48_k128_natural,R10,91001,near,2003,0.37297390719962287,0.11268496574845689
w48_k128_natural,R10,91001,middle,2088,0.44203296227807887,0.1376743553089861
w48_k128_natural,R10,91001,far,5,0.18921795587613052,0.02982910317623575
w48_k128_natural,R10,91002,near,2003,0.37285962517330085,0.11256118047495252
w48_k128_natural,R10,91002,middle,2088,0.4433790907197906,0.1381819217638846
w48_k128_natural,R10,91002,far,5,0.20114422130995835,0.033237690728880095
w48_k128_natural,R10,91003,near,2003,0.37206474202174383,0.11238502544389725
w48_k128_natural,R10,91003,middle,2088,0.4423808637676519,0.13776701024765628
w48_k128_natural,R10,91003,far,5,0.19204542560293564,0.030695554450740525
w48_k128_natural,R10,91004,near,2003,0.37190470907789613,0.1121887216068798
w48_k128_natural,R10,91004,middle,2088,0.443162543868055,0.13813726068354715
w48_k128_natural,R10,91004,far,5,0.19887775787976397,0.03260081045583303
w48_k128_natural,R10,91005,near,2003,0.3712645313113824,0.11198421089498492
w48_k128_natural,R10,91005,middle,2088,0.44346604946610957,0.13825188460973847
w48_k128_natural,R10,91005,far,5,0.19677056569801973,0.03203730306831991
w48_k128_natural,R10,91006,near,2003,0.3713610530041092,0.112037924224744
w48_k128_natural,R10,91006,middle,2088,0.4428548619129866,0.13802580195988368
w48_k128_natural,R10,91006,far,5,0.2036332523889465,0.03402662171051252
w48_k128_natural,R11,91001,near,2003,0.37264953813995055,0.11257416031400934
w48_k128_natural,R11,91001,middle,2088,0.441987081317223,0.13762248606654137
w48_k128_natural,R11,91001,far,5,0.18950663316768582,0.029905027430782695
w48_k128_natural,R11,91002,near,2003,0.3727271471036507,0.11252960981180254
w48_k128_natural,R11,91002,middle,2088,0.44348821623648677,0.13821859611860823
w48_k128_natural,R11,91002,far,5,0.20269671536139144,0.03370576209368621
w48_k128_natural,R11,91003,near,2003,0.3718112858273664,0.11226881226753298
w48_k128_natural,R11,91003,middle,2088,0.4422588547071991,0.13772809602940464
w48_k128_natural,R11,91003,far,5,0.18786286349605694,0.029502282830572612
w48_k128_natural,R11,91004,near,2003,0.3714832255287108,0.11204279437139744
w48_k128_natural,R11,91004,middle,2088,0.44287890749083125,0.1380171433979667
w48_k128_natural,R11,91004,far,5,0.1954649111561472,0.03161504079556847
w48_k128_natural,R11,91005,near,2003,0.37139768237430143,0.11202311320179652
w48_k128_natural,R11,91005,middle,2088,0.44345912955293715,0.13826477886122898
w48_k128_natural,R11,91005,far,5,0.198425603099404,0.03251867492831591
w48_k128_natural,R11,91006,near,2003,0.37163957227882277,0.11213649303174686
w48_k128_natural,R11,91006,middle,2088,0.44274265056118994,0.13801251514433394
w48_k128_natural,R11,91006,far,5,0.1993230306987476,0.03273997555600237
w48_k512_natural,R00,91001,near,3861,0.336269053283969,0.09854421631412932
w48_k512_natural,R00,91001,middle,235,0.42685823565039793,0.12951310178588385
w48_k512_natural,R00,91002,near,3861,0.3358666140799533,0.09837608681000787
w48_k512_natural,R00,91002,middle,235,0.4263111429430378,0.12901598292686492
w48_k512_natural,R00,91003,near,3861,0.33541320105056704,0.09824708617374307
w48_k512_natural,R00,91003,middle,235,0.42880101520929254,0.1302296723957915
w48_k512_natural,R00,91004,near,3861,0.33586313029838943,0.0984074144629787
w48_k512_natural,R00,91004,middle,235,0.4271241870027724,0.12963660374656524
w48_k512_natural,R00,91005,near,3861,0.3351305843179705,0.09806326427661143
w48_k512_natural,R00,91005,middle,235,0.42246322631322375,0.12793633837752671
w48_k512_natural,R00,91006,near,3861,0.3358905816887312,0.0983535137682105
w48_k512_natural,R00,91006,middle,235,0.4268059330580376,0.12971981108670502
w48_k512_natural,R10,91001,near,3861,0.33609171842376767,0.09849750904300988
w48_k512_natural,R10,91001,middle,235,0.42899399167843383,0.13019241409271753
w48_k512_natural,R10,91002,near,3861,0.33588071862932395,0.0983857399806037
w48_k512_natural,R10,91002,middle,235,0.42617043607876737,0.12889314493525267
w48_k512_natural,R10,91003,near,3861,0.33559789133245915,0.09831336739529004
w48_k512_natural,R10,91003,middle,235,0.4291673340355069,0.13020377265719932
w48_k512_natural,R10,91004,near,3861,0.33607269292270237,0.09844831175505761
w48_k512_natural,R10,91004,middle,235,0.4282083532196434,0.1298741140945026
w48_k512_natural,R10,91005,near,3861,0.3348980315654955,0.09794011390080144
w48_k512_natural,R10,91005,middle,235,0.4233662725362942,0.12822022328759713
w48_k512_natural,R10,91006,near,3861,0.3358509719533622,0.09832872768358551
w48_k512_natural,R10,91006,middle,235,0.4263306472554505,0.12948378829277793
w48_k512_natural,R11,91001,near,3861,0.3359489537379648,0.09845860224074596
w48_k512_natural,R11,91001,middle,235,0.42868269151987753,0.1300807586508866
w48_k512_natural,R11,91002,near,3861,0.3358761684858446,0.09838286246074496
w48_k512_natural,R11,91002,middle,235,0.42643336470313176,0.12903637454747943
w48_k512_natural,R11,91003,near,3861,0.335441833354457,0.09824495654996691
w48_k512_natural,R11,91003,middle,235,0.428640774594686,0.1301081855827171
w48_k512_natural,R11,91004,near,3861,0.33587049265680896,0.09840143971521383
w48_k512_natural,R11,91004,middle,235,0.42809228599434324,0.1298967027077105
w48_k512_natural,R11,91005,near,3861,0.3349403711135541,0.09795351422494104
w48_k512_natural,R11,91005,middle,235,0.42301479652354385,0.12816423673165922
w48_k512_natural,R11,91006,near,3861,0.33575431333021893,0.09829475056859245
w48_k512_natural,R11,91006,middle,235,0.426289634489442,0.12952951910116614
w48_k512_common,R00,91001,near,3861,0.3364850497988705,0.09849671523205661
w48_k512_common,R00,91001,middle,235,0.42449785950966895,0.1287991291648176
w48_k512_common,R00,91002,near,3861,0.33641469641427235,0.0985381505957311
w48_k512_common,R00,91002,middle,235,0.42740564967228584,0.12997450086345141
w48_k512_common,R00,91003,near,3861,0.33620030017994573,0.09842445774600043
w48_k512_common,R00,91003,middle,235,0.42672938734895566,0.1293586068151186
w48_k512_common,R00,91004,near,3861,0.3362000970664641,0.09848596130670047
w48_k512_common,R00,91004,middle,235,0.4263418594378956,0.12962565558267436
w48_k512_common,R00,91005,near,3861,0.33536086943404314,0.09809018050351515
w48_k512_common,R00,91005,middle,235,0.4218155214760525,0.12778944411714505
w48_k512_common,R00,91006,near,3861,0.33744496045294786,0.09884138898392018
w48_k512_common,R00,91006,middle,235,0.42551053141518236,0.12965701913136704
w48_k512_common,R10,91001,near,3861,0.3363508422537768,0.09847166940252895
w48_k512_common,R10,91001,middle,235,0.4245362788956226,0.12880173365302144
w48_k512_common,R10,91002,near,3861,0.3363219816028423,0.09855637572074698
w48_k512_common,R10,91002,middle,235,0.4258445363446735,0.12938333502251195
w48_k512_common,R10,91003,near,3861,0.3365047473219052,0.09852229175796216
w48_k512_common,R10,91003,middle,235,0.42807502488580523,0.12967591505491977
w48_k512_common,R10,91004,near,3861,0.3362623239578806,0.0984523050005029
w48_k512_common,R10,91004,middle,235,0.4252496980425928,0.12918390858373632
w48_k512_common,R10,91005,near,3861,0.3354495677590188,0.09817080812409301
w48_k512_common,R10,91005,middle,235,0.4235809853806719,0.12892873722709564
w48_k512_common,R10,91006,near,3861,0.33742229476785224,0.09884303839900978
w48_k512_common,R10,91006,middle,235,0.4237206558772803,0.12890544638519777
w48_k512_common,R11,91001,near,3861,0.3364088534819422,0.0985008141039387
w48_k512_common,R11,91001,middle,235,0.4250493169628262,0.12891923357999735
w48_k512_common,R11,91002,near,3861,0.3363809851818826,0.09855990373609573
w48_k512_common,R11,91002,middle,235,0.4261226698031827,0.12948926191319124
w48_k512_common,R11,91003,near,3861,0.3362914365173325,0.09844602677402182
w48_k512_common,R11,91003,middle,235,0.42735857607812117,0.12949977827730513
w48_k512_common,R11,91004,near,3861,0.33597076116174335,0.09837884334787539
w48_k512_common,R11,91004,middle,235,0.42539917063293353,0.12914898195371993
w48_k512_common,R11,91005,near,3861,0.33543976075022025,0.09817057641841881
w48_k512_common,R11,91005,middle,235,0.4235398562999612,0.12889756627086668
w48_k512_common,R11,91006,near,3861,0.3373167496387688,0.09878189086374539
w48_k512_common,R11,91006,middle,235,0.42396281144333187,0.1290131358368781
w48_k576_natural,R00,91001,near,3946,0.3345817989736686,0.0977418775922802
w48_k576_natural,R00,91001,middle,150,0.43540584752097383,0.13274508730068865
w48_k576_natural,R00,91002,near,3946,0.33413570603472115,0.09762536082757518
w48_k576_natural,R00,91002,middle,150,0.4362399058477496,0.1329025180128777
w48_k576_natural,R00,91003,near,3946,0.3334995512100577,0.09741161335889835
w48_k576_natural,R00,91003,middle,150,0.43756405374609375,0.13364947895435875
w48_k576_natural,R00,91004,near,3946,0.33413238290415004,0.09766141085617905
w48_k576_natural,R00,91004,middle,150,0.4323499616439318,0.13168849143340758
w48_k576_natural,R00,91005,near,3946,0.33342208060828654,0.0973061336731738
w48_k576_natural,R00,91005,middle,150,0.43044646053333213,0.13102939009459671
w48_k576_natural,R00,91006,near,3946,0.33397291057856227,0.09750846417174211
w48_k576_natural,R00,91006,middle,150,0.4374181558888241,0.13363693882890385
w48_k576_natural,R10,91001,near,3946,0.33455578969456373,0.09774782153058384
w48_k576_natural,R10,91001,middle,150,0.4370505806557483,0.13342443859481443
w48_k576_natural,R10,91002,near,3946,0.334229023475817,0.09765977573911283
w48_k576_natural,R10,91002,middle,150,0.43557005885526556,0.13266032792062513
w48_k576_natural,R10,91003,near,3946,0.3336503120390548,0.09746559801067553
w48_k576_natural,R10,91003,middle,150,0.4383018902507742,0.13371441591768435
w48_k576_natural,R10,91004,near,3946,0.33439248513793746,0.09773026461247579
w48_k576_natural,R10,91004,middle,150,0.43322256125338016,0.13204995887243626
w48_k576_natural,R10,91005,near,3946,0.33326075421821283,0.09722126846868978
w48_k576_natural,R10,91005,middle,150,0.4311545122313287,0.13120485106814178
w48_k576_natural,R10,91006,near,3946,0.3339068995356805,0.09747098354665215
w48_k576_natural,R10,91006,middle,150,0.43621443179182495,0.1331566587919382
w48_k576_natural,R11,91001,near,3946,0.33438604215847795,0.09770014118528215
w48_k576_natural,R11,91001,middle,150,0.4363494843937188,0.13317662077820216
w48_k576_natural,R11,91002,near,3946,0.33417468877695167,0.09764803259829463
w48_k576_natural,R11,91002,middle,150,0.43542818214021606,0.13268855764291065
w48_k576_natural,R11,91003,near,3946,0.3334916840588085,0.09741376147754748
w48_k576_natural,R11,91003,middle,150,0.43777139130838993,0.1336335941973289
w48_k576_natural,R11,91004,near,3946,0.3341865582533792,0.09767667577102354
w48_k576_natural,R11,91004,middle,150,0.4327268523279846,0.13183312230235142
w48_k576_natural,R11,91005,near,3946,0.3332932127273344,0.09723363391286179
w48_k576_natural,R11,91005,middle,150,0.430862955123827,0.13115069469270882
w48_k576_natural,R11,91006,near,3946,0.33388694820668174,0.09745604449807434
w48_k576_natural,R11,91006,middle,150,0.436920511388991,0.1335881066034275
w48_k1152_natural,R00,91001,near,4096,0.2928124461347736,0.08479726681809417
w48_k1152_natural,R00,91002,near,4096,0.29328687367175843,0.08489157399943847
w48_k1152_natural,R00,91003,near,4096,0.29259624729100475,0.08463856259205897
w48_k1152_natural,R00,91004,near,4096,0.29333432527506853,0.08491257979541407
w48_k1152_natural,R00,91005,near,4096,0.29236994428135266,0.08461939595921623
w48_k1152_natural,R00,91006,near,4096,0.29339733507575094,0.0849795853873977
w48_k1152_natural,R10,91001,near,4096,0.2929585970640905,0.08485047349911251
w48_k1152_natural,R10,91002,near,4096,0.29309744800733706,0.08483404797666594
w48_k1152_natural,R10,91003,near,4096,0.29255764234935655,0.08464660519041922
w48_k1152_natural,R10,91004,near,4096,0.29343337683763826,0.08493753541150262
w48_k1152_natural,R10,91005,near,4096,0.29238985039628396,0.08461929352284714
w48_k1152_natural,R10,91006,near,4096,0.2933839133569151,0.08495286994321263
w48_k1152_natural,R11,91001,near,4096,0.29293622208712333,0.0848539841358491
w48_k1152_natural,R11,91002,near,4096,0.2929941682888659,0.08481485177388248
w48_k1152_natural,R11,91003,near,4096,0.2925158359696374,0.0846345373569133
w48_k1152_natural,R11,91004,near,4096,0.29326838280109907,0.08488722511055574
w48_k1152_natural,R11,91005,near,4096,0.29242860298733464,0.08463481105040407
w48_k1152_natural,R11,91006,near,4096,0.29333062934942433,0.08492433624455037
w48_k1728_natural,R00,91001,near,4096,0.2639538926870971,0.07564475723468303
w48_k1728_natural,R00,91002,near,4096,0.2635895474779742,0.07539570799611771
w48_k1728_natural,R00,91003,near,4096,0.2634525726359481,0.07543284250748222
w48_k1728_natural,R00,91004,near,4096,0.2639585412709892,0.07562652630059698
w48_k1728_natural,R00,91005,near,4096,0.2637013700860013,0.07546001364033894
w48_k1728_natural,R00,91006,near,4096,0.26368378795874525,0.07555601766865752
w48_k1728_natural,R10,91001,near,4096,0.2638356105371605,0.07561735245396495
w48_k1728_natural,R10,91002,near,4096,0.2633615601452584,0.0753409141876651
w48_k1728_natural,R10,91003,near,4096,0.2636827838406559,0.07550281337573388
w48_k1728_natural,R10,91004,near,4096,0.26394299830783363,0.0756240938532762
w48_k1728_natural,R10,91005,near,4096,0.26351496271487385,0.0753930063525453
w48_k1728_natural,R10,91006,near,4096,0.26368380775686595,0.07551173027229888
w48_k1728_natural,R11,91001,near,4096,0.26385915049302666,0.0756437318621019
w48_k1728_natural,R11,91002,near,4096,0.26340311041051323,0.07534637111072459
w48_k1728_natural,R11,91003,near,4096,0.26365727679472,0.07549027870347308
w48_k1728_natural,R11,91004,near,4096,0.26387887587900644,0.0756016837094666
w48_k1728_natural,R11,91005,near,4096,0.26348671508285426,0.07538410696056025
w48_k1728_natural,R11,91006,near,4096,0.26365627342525977,0.07551710265438262
w48_k2048_natural,R00,91001,near,4096,0.25280459087588153,0.07200353086804837
w48_k2048_natural,R00,91002,near,4096,0.2517171908662734,0.07164560284925256
w48_k2048_natural,R00,91003,near,4096,0.2525036049792918,0.07195178379964236
w48_k2048_natural,R00,91004,near,4096,0.25323552683239625,0.072220481778214
w48_k2048_natural,R00,91005,near,4096,0.2524696431981584,0.07195807803970306
w48_k2048_natural,R00,91006,near,4096,0.252708396080041,0.07200352001039051
w48_k2048_natural,R10,91001,near,4096,0.25253706649601254,0.07195979624246321
w48_k2048_natural,R10,91002,near,4096,0.25136425031692716,0.07149735530495945
w48_k2048_natural,R10,91003,near,4096,0.2526415123869659,0.07196883942373078
w48_k2048_natural,R10,91004,near,4096,0.253089060919771,0.07218758287926272
w48_k2048_natural,R10,91005,near,4096,0.25245791068119916,0.07192516331455451
w48_k2048_natural,R10,91006,near,4096,0.2528532109924612,0.07202811565221713
w48_k2048_natural,R11,91001,near,4096,0.2525754453743059,0.07198983579985815
w48_k2048_natural,R11,91002,near,4096,0.2513877960757665,0.07149875799781755
w48_k2048_natural,R11,91003,near,4096,0.25258682651375575,0.07195133105861426
w48_k2048_natural,R11,91004,near,4096,0.2529666496058453,0.07215479310292845
w48_k2048_natural,R11,91005,near,4096,0.2523565326578119,0.07188850644646194
w48_k2048_natural,R11,91006,near,4096,0.2527953003638381,0.07201262492474182
w96_k1_natural,R00,91001,near,13,0.48522598186827276,0.150056462788429
w96_k1_natural,R00,91001,middle,67,0.5766909920163735,0.19367014068666313
w96_k1_natural,R00,91001,far,4016,0.6752517885347535,0.2410681894106589
w96_k1_natural,R00,91002,near,13,0.5682022933149606,0.18842507691428612
w96_k1_natural,R00,91002,middle,67,0.6157800939842862,0.21165460921088128
w96_k1_natural,R00,91002,far,4016,0.6723003236301892,0.23959758300190562
w96_k1_natural,R00,91003,near,13,0.5278322083324419,0.16906933400426433
w96_k1_natural,R00,91003,middle,67,0.6203763833068686,0.21427053260829473
w96_k1_natural,R00,91003,far,4016,0.6813955935869372,0.2441292975385985
w96_k1_natural,R00,91004,near,13,0.5934426673676954,0.20055817128235795
w96_k1_natural,R00,91004,middle,67,0.6281598543159557,0.21772419792230102
w96_k1_natural,R00,91004,far,4016,0.6755053993869913,0.24119031467440333
w96_k1_natural,R00,91005,near,13,0.5591223856463046,0.18425364271551062
w96_k1_natural,R00,91005,middle,67,0.6298734492576357,0.21853672819291825
w96_k1_natural,R00,91005,far,4016,0.6770489467440723,0.24195990650497554
w96_k1_natural,R00,91006,near,13,0.6532428510641353,0.23007208244012675
w96_k1_natural,R00,91006,middle,67,0.6643380247195476,0.23561222629565778
w96_k1_natural,R00,91006,far,4016,0.6838018378354914,0.2453287656252836
w96_k1_natural,R10,91001,near,13,0.42810157642562385,0.12946523561208273
w96_k1_natural,R10,91001,middle,67,0.5238949149963265,0.1710198697356525
w96_k1_natural,R10,91001,far,4016,0.6175973036224024,0.21323398933596274
w96_k1_natural,R10,91002,near,13,0.45516926343902225,0.13855573174470595
w96_k1_natural,R10,91002,middle,67,0.5395866629660615,0.17679331597596662
w96_k1_natural,R10,91002,far,4016,0.6204703465450475,0.21450291476450323
w96_k1_natural,R10,91003,near,13,0.43950370270712785,0.13280603281717587
w96_k1_natural,R10,91003,middle,67,0.5323259572908775,0.17422796772334057
w96_k1_natural,R10,91003,far,4016,0.6210931953575453,0.21479892828717984
w96_k1_natural,R10,91004,near,13,0.4455923974215993,0.13496446433059608
w96_k1_natural,R10,91004,middle,67,0.5301692141896828,0.1731191341942609
w96_k1_natural,R10,91004,far,4016,0.6183507683109513,0.2135788964790039
w96_k1_natural,R10,91005,near,13,0.42634921162038253,0.12880115526714508
w96_k1_natural,R10,91005,middle,67,0.5329746165587734,0.17419248951023802
w96_k1_natural,R10,91005,far,4016,0.6224737299153835,0.21542870489800386
w96_k1_natural,R10,91006,near,13,0.43459716401451154,0.13108239779230066
w96_k1_natural,R10,91006,middle,67,0.5209436399544194,0.16988215861232225
w96_k1_natural,R10,91006,far,4016,0.6157073633990501,0.21245163800113268
w96_k1_natural,R11,91001,near,13,0.4339222503459231,0.13120330729457613
w96_k1_natural,R11,91001,middle,67,0.5260018634729802,0.17180050665068888
w96_k1_natural,R11,91001,far,4016,0.6174202157742685,0.21316474162899493
w96_k1_natural,R11,91002,near,13,0.4438942624707949,0.13364940897790195
w96_k1_natural,R11,91002,middle,67,0.5270232502158783,0.17213709373309438
w96_k1_natural,R11,91002,far,4016,0.6197965512449645,0.2142227387805974
w96_k1_natural,R11,91003,near,13,0.45288620828288156,0.13659875582612666
w96_k1_natural,R11,91003,middle,67,0.5310210844165245,0.17357362771477328
w96_k1_natural,R11,91003,far,4016,0.6218991588137917,0.21516965591388418
w96_k1_natural,R11,91004,near,13,0.4353793130906436,0.13176645703401982
w96_k1_natural,R11,91004,middle,67,0.522836293070172,0.1704230164324709
w96_k1_natural,R11,91004,far,4016,0.6200171788098529,0.2143457940454868
w96_k1_natural,R11,91005,near,13,0.4321059677973165,0.1307890065433935
w96_k1_natural,R11,91005,middle,67,0.529013327886847,0.17278245209749657
w96_k1_natural,R11,91005,far,4016,0.6222706270718025,0.21535039393126706
w96_k1_natural,R11,91006,near,13,0.43925213960042137,0.13223240728648206
w96_k1_natural,R11,91006,middle,67,0.5186545645277675,0.1691925332024984
w96_k1_natural,R11,91006,far,4016,0.6157605997115069,0.2124737653698196
w96_k2_natural,R00,91001,near,16,0.41801007696068854,0.12385099007619521
w96_k2_natural,R00,91001,middle,141,0.5596287682362259,0.18673951574096107
w96_k2_natural,R00,91001,far,3939,0.6498744222709892,0.22858228703614694
w96_k2_natural,R00,91002,near,16,0.5288590729180223,0.16982938830177308
w96_k2_natural,R00,91002,middle,141,0.5998296520645003,0.20408779620907475
w96_k2_natural,R00,91002,far,3939,0.6459214713589407,0.22657271614456342
w96_k2_natural,R00,91003,near,16,0.5078118735607314,0.15972873032812357
w96_k2_natural,R00,91003,middle,141,0.6091934203507399,0.20898239463982332
w96_k2_natural,R00,91003,far,3939,0.6537872676114861,0.23049487701372856
w96_k2_natural,R00,91004,near,16,0.5519899888040738,0.18062357332630918
w96_k2_natural,R00,91004,middle,141,0.6040744783841038,0.20624253312254825
w96_k2_natural,R00,91004,far,3939,0.6532544976480369,0.23017762593095675
w96_k2_natural,R00,91005,near,16,0.5059239251409412,0.15911471268717198
w96_k2_natural,R00,91005,middle,141,0.6006651328331951,0.20455709684308662
w96_k2_natural,R00,91005,far,3939,0.6499294596841675,0.2285431403157786
w96_k2_natural,R00,91006,near,16,0.6212880089974778,0.21425596953127285
w96_k2_natural,R00,91006,middle,141,0.6381528261286943,0.22265004659743207
w96_k2_natural,R00,91006,far,3939,0.6639154192116007,0.23542221717747933
w96_k2_natural,R10,91001,near,16,0.42310604176940714,0.12462694307954
w96_k2_natural,R10,91001,middle,141,0.539661356275058,0.17838115884507008
w96_k2_natural,R10,91001,far,3939,0.5948505289615682,0.20309064048943293
w96_k2_natural,R10,91002,near,16,0.4241127156598293,0.12482605721261483
w96_k2_natural,R10,91002,middle,141,0.5458031768514806,0.18063134082087226
w96_k2_natural,R10,91002,far,3939,0.5970989503059555,0.20424773021953918
w96_k2_natural,R10,91003,near,16,0.4010250124331679,0.1157352964173592
w96_k2_natural,R10,91003,middle,141,0.5359942791132141,0.17706720251268285
w96_k2_natural,R10,91003,far,3939,0.5953887604257625,0.20333782736378075
w96_k2_natural,R10,91004,near,16,0.4127948069875496,0.12077668541072901
w96_k2_natural,R10,91004,middle,141,0.5427915823027308,0.1796244612442039
w96_k2_natural,R10,91004,far,3939,0.5919994299466129,0.20181216148455894
w96_k2_natural,R10,91005,near,16,0.38990106050201834,0.11265696462277539
w96_k2_natural,R10,91005,middle,141,0.5374343886845109,0.1770560824630197
w96_k2_natural,R10,91005,far,3939,0.5942811116249133,0.2026503279649225
w96_k2_natural,R10,91006,near,16,0.3937010562611646,0.11362620126418356
w96_k2_natural,R10,91006,middle,141,0.5379212103820437,0.17734538596317379
w96_k2_natural,R10,91006,far,3939,0.5924097905639527,0.2020558020102532
w96_k2_natural,R11,91001,near,16,0.4071623792643253,0.11776693957415581
w96_k2_natural,R11,91001,middle,141,0.540734316312422,0.17875275658284726
w96_k2_natural,R11,91001,far,3939,0.593664592817373,0.20257643576444223
w96_k2_natural,R11,91002,near,16,0.40689459632923153,0.1171734992095014
w96_k2_natural,R11,91002,middle,141,0.5406858481864355,0.1785300796394815
w96_k2_natural,R11,91002,far,3939,0.5931630302907391,0.20231408651199517
w96_k2_natural,R11,91003,near,16,0.4078443009106857,0.11834726841285022
w96_k2_natural,R11,91003,middle,141,0.5385788603016627,0.17787841969717338
w96_k2_natural,R11,91003,far,3939,0.5958558288425021,0.20350069333720497
w96_k2_natural,R11,91004,near,16,0.39575806262458635,0.11473577733867925
w96_k2_natural,R11,91004,middle,141,0.537906253370353,0.17750938765006252
w96_k2_natural,R11,91004,far,3939,0.5923544965160126,0.20188300332627318
w96_k2_natural,R11,91005,near,16,0.4013061145554208,0.11570552154802427
w96_k2_natural,R11,91005,middle,141,0.5340593173470258,0.17587637570401302
w96_k2_natural,R11,91005,far,3939,0.5940922798701449,0.2025081042622225
w96_k2_natural,R11,91006,near,16,0.39852927565998086,0.1145373799066196
w96_k2_natural,R11,91006,middle,141,0.5367010926778473,0.17685682883084286
w96_k2_natural,R11,91006,far,3939,0.5894694355423464,0.20062244077932215
w96_k2_common,R00,91001,near,16,0.4843899086155805,0.14971009180971112
w96_k2_common,R00,91001,middle,141,0.5853415988852028,0.19814817399715018
w96_k2_common,R00,91001,far,3939,0.6955495085879815,0.2512090224798928
w96_k2_common,R00,91002,near,16,0.6361311675558667,0.22157577479331664
w96_k2_common,R00,91002,middle,141,0.6578503086678328,0.23239373900540747
w96_k2_common,R00,91002,far,3939,0.6776134359861797,0.24224080429920664
w96_k2_common,R00,91003,near,16,0.6723132044984828,0.23958919165440162
w96_k2_common,R00,91003,middle,141,0.6802607688230267,0.24355973613101384
w96_k2_common,R00,91003,far,3939,0.692661030355721,0.24975695756841845
w96_k2_common,R00,91004,near,16,0.5947613264768341,0.20133949755705444
w96_k2_common,R00,91004,middle,141,0.626292408046692,0.21685902912360672
w96_k2_common,R00,91004,far,3939,0.690060244410523,0.2484665613202904
w96_k2_common,R00,91005,near,16,0.6707513360663335,0.2388079425681338
w96_k2_common,R00,91005,middle,141,0.6744182273087345,0.24064335776320736
w96_k2_common,R00,91005,far,3939,0.6899435227865934,0.2483987351156414
w96_k2_common,R00,91006,near,16,0.6798275515987992,0.24342824186667933
w96_k2_common,R00,91006,middle,141,0.6843171900776529,0.2456093742943975
w96_k2_common,R00,91006,far,3939,0.6958576151764384,0.2513544065214848
w96_k2_common,R10,91001,near,16,0.46472305599653974,0.14139130432701635
w96_k2_common,R10,91001,middle,141,0.571598531186202,0.19236636925835265
w96_k2_common,R10,91001,far,3939,0.6943948699782231,0.2510352620485984
w96_k2_common,R10,91002,near,16,0.5819830469782106,0.1953557975710753
w96_k2_common,R10,91002,middle,141,0.5996850422260546,0.2043350279284574
w96_k2_common,R10,91002,far,3939,0.6428752145340202,0.22521903106626784
w96_k2_common,R10,91003,near,16,0.7951125350083885,0.300593021016854
w96_k2_common,R10,91003,middle,141,0.7278129266974275,0.26737767900008536
w96_k2_common,R10,91003,far,3939,0.7483818114441452,0.27655944668921445
w96_k2_common,R10,91004,near,16,0.534247057127039,0.17282347060611541
w96_k2_common,R10,91004,middle,141,0.5841622807012548,0.19705474007553486
w96_k2_common,R10,91004,far,3939,0.6766156383926532,0.24184396004817266
w96_k2_common,R10,91005,near,16,0.6212064931103252,0.2142489255383166
w96_k2_common,R10,91005,middle,141,0.6462019166538586,0.22666874495276682
w96_k2_common,R10,91005,far,3939,0.6849803572533409,0.24593109267990207
w96_k2_common,R10,91006,near,16,0.7038377494067026,0.255491529435081
w96_k2_common,R10,91006,middle,141,0.6912624240200833,0.2491397047185546
w96_k2_common,R10,91006,far,3939,0.70542635773207,0.2561038221640868
w96_k2_common,R11,91001,near,16,0.43261614770165113,0.12780918909639122
w96_k2_common,R11,91001,middle,141,0.5757369776455477,0.19448431346068623
w96_k2_common,R11,91001,far,3939,0.6654840171795663,0.236587077376881
w96_k2_common,R11,91002,near,16,0.5683522237577745,0.1888815901414167
w96_k2_common,R11,91002,middle,141,0.5915603248408803,0.2003775739951316
w96_k2_common,R11,91002,far,3939,0.6390369515419835,0.22325284904544426
w96_k2_common,R11,91003,near,16,0.6894678010073243,0.2486251251374355
w96_k2_common,R11,91003,middle,141,0.6707320609680405,0.2392793389259561
w96_k2_common,R11,91003,far,3939,0.6985599429173179,0.2527640980413678
w96_k2_common,R11,91004,near,16,0.4328204517492453,0.12855917097849046
w96_k2_common,R11,91004,middle,141,0.5503449217132003,0.18202852901781677
w96_k2_common,R11,91004,far,3939,0.6583811608378567,0.23278273912244452
w96_k2_common,R11,91005,near,16,0.5872136330753319,0.19766294372189447
w96_k2_common,R11,91005,middle,141,0.6237152258621749,0.21566637457884175
w96_k2_common,R11,91005,far,3939,0.679909743197129,0.24343159317561514
w96_k2_common,R11,91006,near,16,0.6784441943610217,0.2433075876546888
w96_k2_common,R11,91006,middle,141,0.6737774924242158,0.24071143025208472
w96_k2_common,R11,91006,far,3939,0.7041578561973556,0.2554766092181512
w96_k8_natural,R00,91001,near,52,0.4828998885049381,0.15270638121075353
w96_k8_natural,R00,91001,middle,538,0.49888465078523697,0.16027565412222025
w96_k8_natural,R00,91001,far,3506,0.5696128957779212,0.19129235599925082
w96_k8_natural,R00,91002,near,52,0.4572049487756425,0.14260267787431297
w96_k8_natural,R00,91002,middle,538,0.5029091636395671,0.16131870516202781
w96_k8_natural,R00,91002,far,3506,0.5663787669687307,0.18976486624566363
w96_k8_natural,R00,91003,near,52,0.46750959162659067,0.14694404737395833
w96_k8_natural,R00,91003,middle,538,0.5012082502106618,0.16128129157948543
w96_k8_natural,R00,91003,far,3506,0.5654307218719121,0.18942167456384235
w96_k8_natural,R00,91004,near,52,0.4518279666520181,0.14149026619444782
w96_k8_natural,R00,91004,middle,538,0.49904536920136827,0.15974608172589658
w96_k8_natural,R00,91004,far,3506,0.5717543870903171,0.19196895192106697
w96_k8_natural,R00,91005,near,52,0.44539240915845135,0.1388108262369182
w96_k8_natural,R00,91005,middle,538,0.4983203475821325,0.15965108226513772
w96_k8_natural,R00,91005,far,3506,0.5644561306150727,0.18896904293086958
w96_k8_natural,R00,91006,near,52,0.48255689467315815,0.1529896052509167
w96_k8_natural,R00,91006,middle,538,0.49924023219593383,0.15932487708096654
w96_k8_natural,R00,91006,far,3506,0.5693808248644835,0.19103222837499412
w96_k8_natural,R10,91001,near,52,0.4465161319876758,0.140393635053822
w96_k8_natural,R10,91001,middle,538,0.48809479599897043,0.15611475589088167
w96_k8_natural,R10,91001,far,3506,0.5537601752436502,0.18447952767652398
w96_k8_natural,R10,91002,near,52,0.44283511778010065,0.1372852802001248
w96_k8_natural,R10,91002,middle,538,0.487523694290699,0.1558253507729826
w96_k8_natural,R10,91002,far,3506,0.5539795162538371,0.18461314589432745
w96_k8_natural,R10,91003,near,52,0.45234394179012766,0.1412433929970098
w96_k8_natural,R10,91003,middle,538,0.4826979677766798,0.15389158566270894
w96_k8_natural,R10,91003,far,3506,0.554018614643822,0.18457497258585362
w96_k8_natural,R10,91004,near,52,0.4436585790517768,0.13830480400762604
w96_k8_natural,R10,91004,middle,538,0.4837741193911988,0.15430428790111747
w96_k8_natural,R10,91004,far,3506,0.555455577657768,0.1853707566757037
w96_k8_natural,R10,91005,near,52,0.4395308600616504,0.1368223210233107
w96_k8_natural,R10,91005,middle,538,0.4872824893832747,0.1556717548292756
w96_k8_natural,R10,91005,far,3506,0.5542911186478804,0.18468848641451596
w96_k8_natural,R10,91006,near,52,0.4401650038310133,0.13768580134043437
w96_k8_natural,R10,91006,middle,538,0.4821108143894526,0.15344710242310056
w96_k8_natural,R10,91006,far,3506,0.5560873140878851,0.18548204247799946
w96_k8_natural,R11,91001,near,52,0.4364885737506533,0.13575226635721693
w96_k8_natural,R11,91001,middle,538,0.48740837997084513,0.15575548248428497
w96_k8_natural,R11,91001,far,3506,0.553568327570711,0.18436222661254378
w96_k8_natural,R11,91002,near,52,0.43652717244634964,0.13513993257140244
w96_k8_natural,R11,91002,middle,538,0.48543078306652443,0.1550413901611068
w96_k8_natural,R11,91002,far,3506,0.555228486989789,0.18520305808963747
w96_k8_natural,R11,91003,near,52,0.44163106809363356,0.13597571326202135
w96_k8_natural,R11,91003,middle,538,0.48295071485733704,0.1539953072698973
w96_k8_natural,R11,91003,far,3506,0.5537360144790968,0.18443301335653303
w96_k8_natural,R11,91004,near,52,0.44621472663999673,0.14000120905849955
w96_k8_natural,R11,91004,middle,538,0.4837440630330544,0.15435282605109377
w96_k8_natural,R11,91004,far,3506,0.5554565835826742,0.18534546174889405
w96_k8_natural,R11,91005,near,52,0.4393592994429119,0.13663739795645036
w96_k8_natural,R11,91005,middle,538,0.4837927505674963,0.15422826129089606
w96_k8_natural,R11,91005,far,3506,0.5549658574011425,0.18496831945287706
w96_k8_natural,R11,91006,near,52,0.4370898931171657,0.1361685457498541
w96_k8_natural,R11,91006,middle,538,0.48162969423918717,0.15331875844059667
w96_k8_natural,R11,91006,far,3506,0.5535009745406441,0.18438388061229113
w96_k32_natural,R00,91001,near,160,0.4250509256973478,0.13273057263575724
w96_k32_natural,R00,91001,middle,1795,0.47868234628450473,0.1522764870418462
w96_k32_natural,R00,91001,far,2141,0.5199206413324444,0.16938223144866185
w96_k32_natural,R00,91002,near,160,0.4281374830031256,0.1341810543081639
w96_k32_natural,R00,91002,middle,1795,0.48058137001927775,0.1532024577440775
w96_k32_natural,R00,91002,far,2141,0.5226510632285025,0.17067837404678318
w96_k32_natural,R00,91003,near,160,0.42535522506543294,0.13277915753906128
w96_k32_natural,R00,91003,middle,1795,0.47853949769455295,0.1520637890880084
w96_k32_natural,R00,91003,far,2141,0.5208265153767887,0.16977102070608868
w96_k32_natural,R00,91004,near,160,0.4285434766643027,0.1335100645903172
w96_k32_natural,R00,91004,middle,1795,0.4795535525533644,0.15266114136648995
w96_k32_natural,R00,91004,far,2141,0.5234676493189534,0.1710641084231359
w96_k32_natural,R00,91005,near,160,0.4251023651570027,0.13309899523678856
w96_k32_natural,R00,91005,middle,1795,0.4812534374040911,0.1536505131403918
w96_k32_natural,R00,91005,far,2141,0.5210714819948733,0.16991951599190944
w96_k32_natural,R00,91006,near,160,0.4224730519669766,0.13215248323257764
w96_k32_natural,R00,91006,middle,1795,0.47809908859583566,0.15195336008908905
w96_k32_natural,R00,91006,far,2141,0.5218532088039132,0.17026604749593607
w96_k32_natural,R10,91001,near,160,0.4273758955124343,0.13385061760437922
w96_k32_natural,R10,91001,middle,1795,0.47871320522637656,0.15236560900753882
w96_k32_natural,R10,91001,far,2141,0.519549165392864,0.1692060046949942
w96_k32_natural,R10,91002,near,160,0.4260820268933737,0.1337770446021326
w96_k32_natural,R10,91002,middle,1795,0.4793254566624255,0.1526297496069188
w96_k32_natural,R10,91002,far,2141,0.5197981200857814,0.16935921985570837
w96_k32_natural,R10,91003,near,160,0.42289933911973926,0.13182431081239404
w96_k32_natural,R10,91003,middle,1795,0.47757969112073123,0.1519216074824159
w96_k32_natural,R10,91003,far,2141,0.5196128976628038,0.16932178664556638
w96_k32_natural,R10,91004,near,160,0.4264518820047921,0.13325344559082
w96_k32_natural,R10,91004,middle,1795,0.4768078698980321,0.15154907082270383
w96_k32_natural,R10,91004,far,2141,0.5196110677342024,0.16932966436314356
w96_k32_natural,R10,91005,near,160,0.42973211240262527,0.13503384323076717
w96_k32_natural,R10,91005,middle,1795,0.47845917563816537,0.1522572123766441
w96_k32_natural,R10,91005,far,2141,0.5211058733005688,0.1699276292955852
w96_k32_natural,R10,91006,near,160,0.425910384864692,0.13349029556228836
w96_k32_natural,R10,91006,middle,1795,0.47758382408986416,0.15177026223606513
w96_k32_natural,R10,91006,far,2141,0.521156399081393,0.16993875171046244
w96_k32_natural,R11,91001,near,160,0.4228400716570585,0.13204382041851564
w96_k32_natural,R11,91001,middle,1795,0.4779502275330072,0.15209113143305938
w96_k32_natural,R11,91001,far,2141,0.5190262949292448,0.1690386369953613
w96_k32_natural,R11,91002,near,160,0.4231678955467714,0.13257012579167943
w96_k32_natural,R11,91002,middle,1795,0.47962926147850027,0.15275993337837557
w96_k32_natural,R11,91002,far,2141,0.5193804363759664,0.16916062933674672
w96_k32_natural,R11,91003,near,160,0.42203020454577056,0.13182659721766293
w96_k32_natural,R11,91003,middle,1795,0.47757107557624523,0.1518644020531628
w96_k32_natural,R11,91003,far,2141,0.5194276967745433,0.16923333939050367
w96_k32_natural,R11,91004,near,160,0.424696265531454,0.13242188799259053
w96_k32_natural,R11,91004,middle,1795,0.4773077442422522,0.15171913890721986
w96_k32_natural,R11,91004,far,2141,0.5200009964468761,0.1694557524317798
w96_k32_natural,R11,91005,near,160,0.4283925477635836,0.1346557786039908
w96_k32_natural,R11,91005,middle,1795,0.4786445851978576,0.1523753852094686
w96_k32_natural,R11,91005,far,2141,0.5211352134481018,0.16984406923083534
w96_k32_natural,R11,91006,near,160,0.4209150897363463,0.13151015460190435
w96_k32_natural,R11,91006,middle,1795,0.47805823127232794,0.15196833243115718
w96_k32_natural,R11,91006,far,2141,0.520692278614168,0.16972331131002108
w96_k32_common,R00,91001,near,160,0.46755277850676097,0.1466655999755785
w96_k32_common,R00,91001,middle,1795,0.5347040678204749,0.17720990583459387
w96_k32_common,R00,91001,far,2141,0.6563379170430023,0.23353254305697915
w96_k32_common,R00,91002,near,160,0.49523671129126645,0.157843787171862
w96_k32_common,R00,91002,middle,1795,0.5328515855105957,0.17349520235413493
w96_k32_common,R00,91002,far,2141,0.572758866938586,0.1916440555184938
w96_k32_common,R00,91003,near,160,0.565976886303241,0.1884241080069567
w96_k32_common,R00,91003,middle,1795,0.5811760575487287,0.19546569882150958
w96_k32_common,R00,91003,far,2141,0.613843517179186,0.21110891630436535
w96_k32_common,R00,91004,near,160,0.5132510827620665,0.16519707815378282
w96_k32_common,R00,91004,middle,1795,0.531196360819615,0.17301015082157867
w96_k32_common,R00,91004,far,2141,0.5963138112804282,0.20315376111441497
w96_k32_common,R00,91005,near,160,0.5627213644258815,0.18776743130188786
w96_k32_common,R00,91005,middle,1795,0.5690744071015481,0.1906606451681962
w96_k32_common,R00,91005,far,2141,0.603507242949989,0.20672939114381458
w96_k32_common,R00,91006,near,160,0.5920993849818548,0.20059176467928452
w96_k32_common,R00,91006,middle,1795,0.5996790170432953,0.204283262088455
w96_k32_common,R00,91006,far,2141,0.6380460699409383,0.2228684937768281
w96_k32_common,R10,91001,near,160,0.4576251986532368,0.14422564332667162
w96_k32_common,R10,91001,middle,1795,0.5110209221421748,0.16641546064492344
w96_k32_common,R10,91001,far,2141,0.5930099023012892,0.20334860509704097
w96_k32_common,R10,91002,near,160,0.48107934866783564,0.15323517803255085
w96_k32_common,R10,91002,middle,1795,0.507341597815745,0.16391104455988462
w96_k32_common,R10,91002,far,2141,0.5414200748921848,0.17834137938270123
w96_k32_common,R10,91003,near,160,0.603554368016931,0.20823927439759035
w96_k32_common,R10,91003,middle,1795,0.606239560425077,0.20981926421178143
w96_k32_common,R10,91003,far,2141,0.6241970600889005,0.21786922516304424
w96_k32_common,R10,91004,near,160,0.4745705019214911,0.15114202677538366
w96_k32_common,R10,91004,middle,1795,0.4851195972608699,0.1542180000521683
w96_k32_common,R10,91004,far,2141,0.5385638751070969,0.17743685140454812
w96_k32_common,R10,91005,near,160,0.5419275905076881,0.1784052653009014
w96_k32_common,R10,91005,middle,1795,0.5561715850805989,0.18469324197614673
w96_k32_common,R10,91005,far,2141,0.600194182665705,0.2051396664609208
w96_k32_common,R10,91006,near,160,0.5819558677054382,0.19718306487459783
w96_k32_common,R10,91006,middle,1795,0.5873151378345636,0.19966308019203866
w96_k32_common,R10,91006,far,2141,0.626794047645766,0.21850806638056575
w96_k32_common,R11,91001,near,160,0.4517483016341172,0.14182305453413852
w96_k32_common,R11,91001,middle,1795,0.5166194358700302,0.16865355702961743
w96_k32_common,R11,91001,far,2141,0.5926087288951667,0.2027810167760999
w96_k32_common,R11,91002,near,160,0.47361308860424317,0.15090556046248432
w96_k32_common,R11,91002,middle,1795,0.4976081282864208,0.15967772361363392
w96_k32_common,R11,91002,far,2141,0.5323262882107546,0.17424861738816627
w96_k32_common,R11,91003,near,160,0.5535839542215563,0.18418173525875312
w96_k32_common,R11,91003,middle,1795,0.5709660460237914,0.19261639934766328
w96_k32_common,R11,91003,far,2141,0.5965511919937239,0.20427443746926527
w96_k32_common,R11,91004,near,160,0.45335160362381116,0.14374429433074082
w96_k32_common,R11,91004,middle,1795,0.4833341326533114,0.1537095872259201
w96_k32_common,R11,91004,far,2141,0.5372458260818637,0.17680117455094627
w96_k32_common,R11,91005,near,160,0.525560933123179,0.17235449062756966
w96_k32_common,R11,91005,middle,1795,0.5475179108852782,0.18154248690313451
w96_k32_common,R11,91005,far,2141,0.5939064762736567,0.2024643762375845
w96_k32_common,R11,91006,near,160,0.5380547838565033,0.1758706097550747
w96_k32_common,R11,91006,middle,1795,0.5592963570093323,0.18546980629106388
w96_k32_common,R11,91006,far,2141,0.6114262099967032,0.21007438342851353
w96_k128_natural,R00,91001,near,598,0.349285690644127,0.10302431605617798
w96_k128_natural,R00,91001,middle,3152,0.4698219642536082,0.14858217781482677
w96_k128_natural,R00,91001,far,346,0.5485434924783168,0.18211748353693794
w96_k128_natural,R00,91002,near,598,0.3503110456462439,0.10355100564551009
w96_k128_natural,R00,91002,middle,3152,0.47011296136274605,0.14890416164536827
w96_k128_natural,R00,91002,far,346,0.5527656461639785,0.18416499120752133
w96_k128_natural,R00,91003,near,598,0.34980078211425236,0.10290802396373132
w96_k128_natural,R00,91003,middle,3152,0.4696934687901766,0.14857796578807392
w96_k128_natural,R00,91003,far,346,0.5526747129327328,0.1839660363098005
w96_k128_natural,R00,91004,near,598,0.35262261151114893,0.10391796956497971
w96_k128_natural,R00,91004,middle,3152,0.47140731910335254,0.1493846127210285
w96_k128_natural,R00,91004,far,346,0.5505715546376676,0.18310053535628065
w96_k128_natural,R00,91005,near,598,0.34864179324770767,0.10210731889542668
w96_k128_natural,R00,91005,middle,3152,0.4713061312995385,0.14934545634605267
w96_k128_natural,R00,91005,far,346,0.5517517070499058,0.18327798294493935
w96_k128_natural,R00,91006,near,598,0.3497034764933765,0.1031457556447546
w96_k128_natural,R00,91006,middle,3152,0.47045485608199056,0.14883893351864982
w96_k128_natural,R00,91006,far,346,0.5532318388091684,0.18408147756735568
w96_k128_natural,R10,91001,near,598,0.3499558967242045,0.10293990724920002
w96_k128_natural,R10,91001,middle,3152,0.47016203284338975,0.14878380468172153
w96_k128_natural,R10,91001,far,346,0.5506066723852222,0.18292875488948682
w96_k128_natural,R10,91002,near,598,0.3498353110506136,0.10303043864288919
w96_k128_natural,R10,91002,middle,3152,0.4698895954818358,0.14877933009420014
w96_k128_natural,R10,91002,far,346,0.5508537201608672,0.18322694172592277
w96_k128_natural,R10,91003,near,598,0.34808964278862686,0.10211356345505457
w96_k128_natural,R10,91003,middle,3152,0.47024426798875746,0.1488128023360161
w96_k128_natural,R10,91003,far,346,0.5538934719021046,0.18436875172396372
w96_k128_natural,R10,91004,near,598,0.3511077706760276,0.10320425271315907
w96_k128_natural,R10,91004,middle,3152,0.4702091911304559,0.14880836665359112
w96_k128_natural,R10,91004,far,346,0.5460536946182963,0.18104192065852884
w96_k128_natural,R10,91005,near,598,0.34927319147491537,0.10224645012568555
w96_k128_natural,R10,91005,middle,3152,0.4711003334227331,0.14926042617254168
w96_k128_natural,R10,91005,far,346,0.5512470078086733,0.18313256617653667
w96_k128_natural,R10,91006,near,598,0.35165878928424826,0.10389220029189025
w96_k128_natural,R10,91006,middle,3152,0.47069097870849114,0.1488992294862682
w96_k128_natural,R10,91006,far,346,0.5521833421511467,0.18385867508830953
w96_k128_natural,R11,91001,near,598,0.3495364183973084,0.10301721061275375
w96_k128_natural,R11,91001,middle,3152,0.4695091656239908,0.1485138213857701
w96_k128_natural,R11,91001,far,346,0.5498254004932783,0.18260536062138805
w96_k128_natural,R11,91002,near,598,0.3497243446159462,0.1033657017092356
w96_k128_natural,R11,91002,middle,3152,0.47010585002697025,0.14883874726764706
w96_k128_natural,R11,91002,far,346,0.549528903036878,0.18266359246036476
w96_k128_natural,R11,91003,near,598,0.3478296176187091,0.10221600448837145
w96_k128_natural,R11,91003,middle,3152,0.46983716129648345,0.14865655491535498
w96_k128_natural,R11,91003,far,346,0.5547692947187284,0.18471948623033138
w96_k128_natural,R11,91004,near,598,0.3500127214426278,0.10315362691023099
w96_k128_natural,R11,91004,middle,3152,0.4707364843176363,0.14901858805724855
w96_k128_natural,R11,91004,far,346,0.5468896392657225,0.18131072798925438
w96_k128_natural,R11,91005,near,598,0.34914997596461045,0.1025863473357369
w96_k128_natural,R11,91005,middle,3152,0.47085350279174404,0.14918804124839138
w96_k128_natural,R11,91005,far,346,0.5513089131140387,0.1833348134617795
w96_k128_natural,R11,91006,near,598,0.3509490459042694,0.1037372277411788
w96_k128_natural,R11,91006,middle,3152,0.4713461167965143,0.1491299943445981
w96_k128_natural,R11,91006,far,346,0.5539887985774539,0.18459153198352637
w96_k512_natural,R00,91001,near,1982,0.35938712980716037,0.10717020932287127
w96_k512_natural,R00,91001,middle,2113,0.43331190872454267,0.13478558301659063
w96_k512_natural,R00,91001,far,1,0.17681828521756632,0.026266025173262486
w96_k512_natural,R00,91002,near,1982,0.3588117745005261,0.1067365389860608
w96_k512_natural,R00,91002,middle,2113,0.43343895225195933,0.13497702436327697
w96_k512_natural,R00,91002,far,1,0.18752378637430078,0.02923778569257629
w96_k512_natural,R00,91003,near,1982,0.359422634787244,0.10718536288927166
w96_k512_natural,R00,91003,middle,2113,0.43314029489045697,0.13483715952523914
w96_k512_natural,R00,91003,far,1,0.18234849249569138,0.02778526032020978
w96_k512_natural,R00,91004,near,1982,0.3585774019842121,0.10668197459793334
w96_k512_natural,R00,91004,middle,2113,0.43374739190027456,0.1349044885909932
w96_k512_natural,R00,91004,far,1,0.16765156397298236,0.023824404772590846
w96_k512_natural,R00,91005,near,1982,0.3589049500382159,0.10698978434518637
w96_k512_natural,R00,91005,middle,2113,0.43433522192780366,0.13532435217432634
w96_k512_natural,R00,91005,far,1,0.17565037628538624,0.025949590102104736
w96_k512_natural,R00,91006,near,1982,0.35993929081277365,0.10730115533182934
w96_k512_natural,R00,91006,middle,2113,0.4337093798015949,0.1349304275733528
w96_k512_natural,R00,91006,far,1,0.1856626257571608,0.028712029888972035
w96_k512_natural,R10,91001,near,1982,0.35951899186794106,0.10712991327800933
w96_k512_natural,R10,91001,middle,2113,0.43351157100105087,0.13486898587334872
w96_k512_natural,R10,91001,far,1,0.1825834342853701,0.0278505596136549
w96_k512_natural,R10,91002,near,1982,0.35839858971944305,0.1065618756765455
w96_k512_natural,R10,91002,middle,2113,0.43376869963713227,0.13514616515859745
w96_k512_natural,R10,91002,far,1,0.19482998686905215,0.031338005470743724
w96_k512_natural,R10,91003,near,1982,0.35958638936478265,0.10733742691154055
w96_k512_natural,R10,91003,middle,2113,0.4338466986507849,0.13516101692169225
w96_k512_natural,R10,91003,far,1,0.18363509816416845,0.02814360746335809
w96_k512_natural,R10,91004,near,1982,0.35853806850900855,0.10673650817044388
w96_k512_natural,R10,91004,middle,2113,0.4334997465956382,0.13482439271715294
w96_k512_natural,R10,91004,far,1,0.17212703959313985,0.0250043963033022
w96_k512_natural,R10,91005,near,1982,0.35959373391002597,0.10724960452887443
w96_k512_natural,R10,91005,middle,2113,0.43452306317286465,0.13540234864269216
w96_k512_natural,R10,91005,far,1,0.1814031849482176,0.027523143548965123
w96_k512_natural,R10,91006,near,1982,0.3598843329169972,0.10719922670774058
w96_k512_natural,R10,91006,middle,2113,0.4344293135787097,0.13514281572462145
w96_k512_natural,R10,91006,far,1,0.2011706335034302,0.03320672319185314
w96_k512_natural,R11,91001,near,1982,0.35911205874353574,0.10696871856823323
w96_k512_natural,R11,91001,middle,2113,0.4336931366616415,0.13491818817876836
w96_k512_natural,R11,91001,far,1,0.18568883824696159,0.028719408254581857
w96_k512_natural,R11,91002,near,1982,0.35824161043536906,0.10651938098361922
w96_k512_natural,R11,91002,middle,2113,0.43379292321081125,0.13511284049280425
w96_k512_natural,R11,91002,far,1,0.1967903568549379,0.03191124624176056
w96_k512_natural,R11,91003,near,1982,0.35907462370858284,0.10712552774552155
w96_k512_natural,R11,91003,middle,2113,0.4337676808290454,0.1351262381463222
w96_k512_natural,R11,91003,far,1,0.179071149989709,0.026880778825537854
w96_k512_natural,R11,91004,near,1982,0.3580710338309593,0.10662440723515293
w96_k512_natural,R11,91004,middle,2113,0.4339429682989682,0.1349475443524566
w96_k512_natural,R11,91004,far,1,0.17591795086202594,0.026021950416258655
w96_k512_natural,R11,91005,near,1982,0.35948821348663174,0.10721892566020487
w96_k512_natural,R11,91005,middle,2113,0.43429365668815434,0.13531506127459703
w96_k512_natural,R11,91005,far,1,0.18558108616255148,0.02868908271835835
w96_k512_natural,R11,91006,near,1982,0.3597338879043157,0.107143470452931
w96_k512_natural,R11,91006,middle,2113,0.4346058025246602,0.1351884787406584
w96_k512_natural,R11,91006,far,1,0.19956950516907065,0.032730856568014
w96_k512_common,R00,91001,near,1982,0.3627469695238115,0.10811530795191548
w96_k512_common,R00,91001,middle,2113,0.4372680072248469,0.13607524307630803
w96_k512_common,R00,91001,far,1,0.23643192878438374,0.044335674220580046
w96_k512_common,R00,91002,near,1982,0.37137757948426026,0.11101628173448735
w96_k512_common,R00,91002,middle,2113,0.4403292257086475,0.1374701970694665
w96_k512_common,R00,91002,far,1,0.23400362431800162,0.04353108868235722
w96_k512_common,R00,91003,near,1982,0.378161467104046,0.11309109008723953
w96_k512_common,R00,91003,middle,2113,0.4438529647919636,0.13862512524125625
w96_k512_common,R00,91003,far,1,0.26406820132231285,0.05386058582583986
w96_k512_common,R00,91004,near,1982,0.37028466718954417,0.1104966831507142
w96_k512_common,R00,91004,middle,2113,0.43624907501156424,0.13573636450328547
w96_k512_common,R00,91004,far,1,0.18366546533024541,0.028152087516028823
w96_k512_common,R00,91005,near,1982,0.3717986818483677,0.11121281237219399
w96_k512_common,R00,91005,middle,2113,0.4394801728810726,0.1369505955685635
w96_k512_common,R00,91005,far,1,0.20372565293952405,0.033971605777122216
w96_k512_common,R00,91006,near,1982,0.38203038742399564,0.11469725041238553
w96_k512_common,R00,91006,middle,2113,0.446879647700654,0.1395315838626508
w96_k512_common,R00,91006,far,1,0.38358062381556807,0.10149504035234092
w96_k512_common,R10,91001,near,1982,0.3633790365421284,0.10828991254297761
w96_k512_common,R10,91001,middle,2113,0.43728379939425166,0.13619543348055202
w96_k512_common,R10,91001,far,1,0.22308465993401275,0.03998115642319022
w96_k512_common,R10,91002,near,1982,0.37598277892756504,0.11232582954936456
w96_k512_common,R10,91002,middle,2113,0.4425793653825008,0.1381817781065319
w96_k512_common,R10,91002,far,1,0.2538521436198425,0.050262724766190425
w96_k512_common,R10,91003,near,1982,0.3842746290321401,0.11520060755562611
w96_k512_common,R10,91003,middle,2113,0.44703699360548177,0.13976800144127985
w96_k512_common,R10,91003,far,1,0.26556430432688927,0.05439477080495525
w96_k512_common,R10,91004,near,1982,0.366402917057659,0.10922194798110331
w96_k512_common,R10,91004,middle,2113,0.43550763395794523,0.1354995978149774
w96_k512_common,R10,91004,far,1,0.1721722818863371,0.02501644309620943
w96_k512_common,R10,91005,near,1982,0.377332115394845,0.11315001534222592
w96_k512_common,R10,91005,middle,2113,0.4407966888382122,0.13731304064095193
w96_k512_common,R10,91005,far,1,0.25039190794038924,0.04906418829412318
w96_k512_common,R10,91006,near,1982,0.3905053460307799,0.11743167325077364
w96_k512_common,R10,91006,middle,2113,0.4517788849437017,0.14131320204406767
w96_k512_common,R10,91006,far,1,0.3786599208886438,0.09936462437423188
w96_k512_common,R11,91001,near,1982,0.3626929755994448,0.1080154580165902
w96_k512_common,R11,91001,middle,2113,0.43707891699145024,0.136092871380205
w96_k512_common,R11,91001,far,1,0.22999055661179268,0.04221335727655906
w96_k512_common,R11,91002,near,1982,0.3737869094544333,0.11195777077333843
w96_k512_common,R11,91002,middle,2113,0.4439321917515694,0.13884374866242713
w96_k512_common,R11,91002,far,1,0.24217451245244473,0.04625975593724818
w96_k512_common,R11,91003,near,1982,0.3839997275475278,0.11499596195929451
w96_k512_common,R11,91003,middle,2113,0.44641142407031104,0.1394629864924222
w96_k512_common,R11,91003,far,1,0.2668555869110672,0.05485729735977807
w96_k512_common,R11,91004,near,1982,0.3672063131264989,0.10940781381547932
w96_k512_common,R11,91004,middle,2113,0.4357617079773987,0.13558688735730753
w96_k512_common,R11,91004,far,1,0.18982368038875133,0.02989269627031721
w96_k512_common,R11,91005,near,1982,0.37495546252076556,0.11255135010105555
w96_k512_common,R11,91005,middle,2113,0.43959869934612106,0.13700762826036583
w96_k512_common,R11,91005,far,1,0.23538382436760777,0.0439877351893756
w96_k512_common,R11,91006,near,1982,0.38626432493527924,0.11602260463315203
w96_k512_common,R11,91006,middle,2113,0.4482818605052263,0.14001651340991705
w96_k512_common,R11,91006,far,1,0.34132180566985093,0.08361921820810725
w96_k2048_natural,R00,91001,near,3906,0.32754310927775704,0.0963091001546663
w96_k2048_natural,R00,91001,middle,190,0.352149071426636,0.10422121673906173
w96_k2048_natural,R00,91002,near,3906,0.32799302258399704,0.09641503939333942
w96_k2048_natural,R00,91002,middle,190,0.3556257086953606,0.10555645030652859
w96_k2048_natural,R00,91003,near,3906,0.3280658364783487,0.09651214769185054
w96_k2048_natural,R00,91003,middle,190,0.35180023401237115,0.10400257118022697
w96_k2048_natural,R00,91004,near,3906,0.3280351466774435,0.09648517782534373
w96_k2048_natural,R00,91004,middle,190,0.35336602758087154,0.10457783318362267
w96_k2048_natural,R00,91005,near,3906,0.32800459541912347,0.09645135479673028
w96_k2048_natural,R00,91005,middle,190,0.3506424689662719,0.10357375275287607
w96_k2048_natural,R00,91006,near,3906,0.32825478997331037,0.0966348365703921
w96_k2048_natural,R00,91006,middle,190,0.3557426598314334,0.10554769264123255
w96_k2048_natural,R10,91001,near,3906,0.3273079082188663,0.09623020856142686
w96_k2048_natural,R10,91001,middle,190,0.35161041054206,0.1039635576107407
w96_k2048_natural,R10,91002,near,3906,0.3276295180216868,0.09629363923331923
w96_k2048_natural,R10,91002,middle,190,0.35504022586126704,0.10546343590184143
w96_k2048_natural,R10,91003,near,3906,0.32799611617456426,0.09652080670308481
w96_k2048_natural,R10,91003,middle,190,0.3526484470167778,0.10425243421771258
w96_k2048_natural,R10,91004,near,3906,0.3280097332501255,0.09646884891809078
w96_k2048_natural,R10,91004,middle,190,0.3513735194516394,0.10411492856090558
w96_k2048_natural,R10,91005,near,3906,0.32791211378329893,0.09639394149739546
w96_k2048_natural,R10,91005,middle,190,0.3499557301394053,0.10333508431606322
w96_k2048_natural,R10,91006,near,3906,0.32798292045113725,0.09653559749220438
w96_k2048_natural,R10,91006,middle,190,0.3566373549698489,0.10580900167136403
w96_k2048_natural,R11,91001,near,3906,0.327445225571729,0.09628117487474698
w96_k2048_natural,R11,91001,middle,190,0.3514395940682785,0.10399711405151445
w96_k2048_natural,R11,91002,near,3906,0.32763950494706573,0.09630808686859607
w96_k2048_natural,R11,91002,middle,190,0.3550546912937068,0.10541545661774682
w96_k2048_natural,R11,91003,near,3906,0.3280349505904618,0.0965245087811848
w96_k2048_natural,R11,91003,middle,190,0.353018387885529,0.10434800497837377
w96_k2048_natural,R11,91004,near,3906,0.327749883412497,0.09639762786350145
w96_k2048_natural,R11,91004,middle,190,0.35188372912735044,0.1042123783130348
w96_k2048_natural,R11,91005,near,3906,0.32784030497242944,0.0963866398190112
w96_k2048_natural,R11,91005,middle,190,0.3500347922027847,0.10341182040568193
w96_k2048_natural,R11,91006,near,3906,0.32802323118994814,0.0965691582683208
w96_k2048_natural,R11,91006,middle,190,0.3570134979066414,0.1059202296485947
w96_k2304_natural,R00,91001,near,3956,0.3239558978971382,0.09496434563968306
w96_k2304_natural,R00,91001,middle,140,0.33304610356662706,0.09702557896091579
w96_k2304_natural,R00,91002,near,3956,0.3250200189347451,0.09532651850871322
w96_k2304_natural,R00,91002,middle,140,0.33321603763566066,0.09691415076168272
w96_k2304_natural,R00,91003,near,3956,0.32474220490829264,0.09523215985112854
w96_k2304_natural,R00,91003,middle,140,0.33079014538532164,0.09630630815532647
w96_k2304_natural,R00,91004,near,3956,0.3248444882107382,0.09531529734042252
w96_k2304_natural,R00,91004,middle,140,0.3331053292388413,0.09694643939877853
w96_k2304_natural,R00,91005,near,3956,0.32494704785329526,0.09535128470702539
w96_k2304_natural,R00,91005,middle,140,0.32951833664115,0.09517518335455978
w96_k2304_natural,R00,91006,near,3956,0.32539803149956126,0.09552193276502914
w96_k2304_natural,R00,91006,middle,140,0.33465045314848874,0.09737772928815852
w96_k2304_natural,R10,91001,near,3956,0.3236970982980467,0.09488950519139341
w96_k2304_natural,R10,91001,middle,140,0.33376452727831957,0.09715032450906182
w96_k2304_natural,R10,91002,near,3956,0.3247838304269697,0.09523613170534916
w96_k2304_natural,R10,91002,middle,140,0.3318429293763918,0.09655859481288277
w96_k2304_natural,R10,91003,near,3956,0.3244795101781505,0.09516869784997915
w96_k2304_natural,R10,91003,middle,140,0.33194976412791094,0.09667977321676167
w96_k2304_natural,R10,91004,near,3956,0.3246330627972266,0.09525996660087414
w96_k2304_natural,R10,91004,middle,140,0.33135672475864114,0.0964693080368951
w96_k2304_natural,R10,91005,near,3956,0.32485412527064456,0.09530050484010161
w96_k2304_natural,R10,91005,middle,140,0.3292941427606272,0.09525696714617667
w96_k2304_natural,R10,91006,near,3956,0.32510182057160736,0.09543222792292846
w96_k2304_natural,R10,91006,middle,140,0.33517928116877027,0.09750317736746801
w96_k2304_natural,R11,91001,near,3956,0.3238601544698025,0.09494295238594078
w96_k2304_natural,R11,91001,middle,140,0.3339347782087328,0.09735313342559113
w96_k2304_natural,R11,91002,near,3956,0.3248599017186118,0.09527760428127363
w96_k2304_natural,R11,91002,middle,140,0.331993343710395,0.09657602264128243
w96_k2304_natural,R11,91003,near,3956,0.3245265311535724,0.095185064303132
w96_k2304_natural,R11,91003,middle,140,0.33258105500929414,0.09688937650741031
w96_k2304_natural,R11,91004,near,3956,0.32441503677809114,0.09519480085007033
w96_k2304_natural,R11,91004,middle,140,0.3312082780720385,0.09641897787696732
w96_k2304_natural,R11,91005,near,3956,0.32468223334430657,0.09526373821879254
w96_k2304_natural,R11,91005,middle,140,0.3295790322080625,0.09539585684996513
w96_k2304_natural,R11,91006,near,3956,0.3251023282156909,0.09545690288628465
w96_k2304_natural,R11,91006,middle,140,0.335780826633407,0.0975934601363435
w96_k4608_natural,R00,91001,near,4094,0.2916014430907172,0.08483309413525941
w96_k4608_natural,R00,91001,middle,2,0.09249392899609629,0.008239655205137808
w96_k4608_natural,R00,91002,near,4094,0.2937772130003826,0.08559829045248199
w96_k4608_natural,R00,91002,middle,2,0.10093114926943994,0.009870435104675224
w96_k4608_natural,R00,91003,near,4094,0.2935645101962408,0.0854910491519681
w96_k4608_natural,R00,91003,middle,2,0.09439514613585251,0.00841198975241042
w96_k4608_natural,R00,91004,near,4094,0.29361584043092603,0.08555274911053058
w96_k4608_natural,R00,91004,middle,2,0.10716108723658721,0.011072175866530642
w96_k4608_natural,R00,91005,near,4094,0.29223416484424275,0.08493686623478044
w96_k4608_natural,R00,91005,middle,2,0.0864263384963028,0.007135817205067951
w96_k4608_natural,R00,91006,near,4094,0.29343309698679965,0.0854396222214072
w96_k4608_natural,R00,91006,middle,2,0.08763188016791296,0.007328301811060811
w96_k4608_natural,R10,91001,near,4094,0.29151402520360736,0.08475346674908618
w96_k4608_natural,R10,91001,middle,2,0.09402149349925047,0.008582686559067909
w96_k4608_natural,R10,91002,near,4094,0.29352300278986804,0.08547030977687356
w96_k4608_natural,R10,91002,middle,2,0.10834307062755591,0.011583799054267985
w96_k4608_natural,R10,91003,near,4094,0.29304521800241745,0.08533856024081536
w96_k4608_natural,R10,91003,middle,2,0.09365241817419186,0.0082724173033899
w96_k4608_natural,R10,91004,near,4094,0.2938049394455579,0.08563912802257748
w96_k4608_natural,R10,91004,middle,2,0.10998216509700166,0.01180923848024129
w96_k4608_natural,R10,91005,near,4094,0.29241157197508644,0.08494803159559554
w96_k4608_natural,R10,91005,middle,2,0.08713115723601246,0.007228308150800444
w96_k4608_natural,R10,91006,near,4094,0.2930226095711538,0.08535010995306334
w96_k4608_natural,R10,91006,middle,2,0.08581733547307135,0.007044850148847814
w96_k4608_natural,R11,91001,near,4094,0.29177394692245484,0.08485577924974129
w96_k4608_natural,R11,91001,middle,2,0.0943546832590999,0.00862967173945961
w96_k4608_natural,R11,91002,near,4094,0.2936223257149976,0.08549833535185723
w96_k4608_natural,R11,91002,middle,2,0.10628322596511713,0.011097292807720649
w96_k4608_natural,R11,91003,near,4094,0.29321448761140884,0.08538669972674613
w96_k4608_natural,R11,91003,middle,2,0.09573393597952781,0.00860857997566633
w96_k4608_natural,R11,91004,near,4094,0.29354490664714555,0.0855551919985828
w96_k4608_natural,R11,91004,middle,2,0.11001109074441572,0.011810816091184506
w96_k4608_natural,R11,91005,near,4094,0.29248375194288334,0.0849888156981962
w96_k4608_natural,R11,91005,middle,2,0.0878537439353766,0.007352441415381605
w96_k4608_natural,R11,91006,near,4094,0.2929856432759723,0.08535695788940158
w96_k4608_natural,R11,91006,middle,2,0.08403431016827874,0.00676193344394882
w96_k6912_natural,R00,91001,near,4096,0.2727279186786912,0.07855177471720415
w96_k6912_natural,R00,91002,near,4096,0.2726137408029605,0.07856082512432377
w96_k6912_natural,R00,91003,near,4096,0.2739654893109829,0.07900888780116853
w96_k6912_natural,R00,91004,near,4096,0.27345225848041554,0.07888838957497818
w96_k6912_natural,R00,91005,near,4096,0.2724777127865019,0.07848659890286423
w96_k6912_natural,R00,91006,near,4096,0.27408856953673755,0.07902352539066655
w96_k6912_natural,R10,91001,near,4096,0.2729995459320497,0.0786390069073058
w96_k6912_natural,R10,91002,near,4096,0.2723653795750173,0.07843105328887884
w96_k6912_natural,R10,91003,near,4096,0.27304347932068607,0.0786439500450559
w96_k6912_natural,R10,91004,near,4096,0.2735188755837897,0.07894545545493367
w96_k6912_natural,R10,91005,near,4096,0.2723181983775521,0.07840277950119365
w96_k6912_natural,R10,91006,near,4096,0.2737924394888187,0.07895923719971919
w96_k6912_natural,R11,91001,near,4096,0.273269443673632,0.07873994705439727
w96_k6912_natural,R11,91002,near,4096,0.27250743248304343,0.07847979043662462
w96_k6912_natural,R11,91003,near,4096,0.2729968162070164,0.0786295468312117
w96_k6912_natural,R11,91004,near,4096,0.2734899355833329,0.0789346254448863
w96_k6912_natural,R11,91005,near,4096,0.27236002166389406,0.07841445262238537
w96_k6912_natural,R11,91006,near,4096,0.27375598048176386,0.0789609653887056
w128_k1_natural,R00,91001,middle,52,0.6598271118218123,0.23347419795176594
w128_k1_natural,R00,91001,far,4044,0.6891927194333427,0.24802341729412192
w128_k1_natural,R00,91002,middle,52,0.6701610284855994,0.23852828863047604
w128_k1_natural,R00,91002,far,4044,0.6897104144110826,0.24828214278831376
w128_k1_natural,R00,91003,middle,52,0.6677992355536854,0.23738813289307303
w128_k1_natural,R00,91003,far,4044,0.6911132074677642,0.24898309933504714
w128_k1_natural,R00,91004,middle,52,0.6765782437257789,0.2417227358709906
w128_k1_natural,R00,91004,far,4044,0.6889506042698268,0.2479021416751293
w128_k1_natural,R00,91005,middle,52,0.6791088564395952,0.2429840200077644
w128_k1_natural,R00,91005,far,4044,0.6903181783418788,0.24858574792927646
w128_k1_natural,R00,91006,middle,52,0.6815004308468524,0.24417924968090612
w128_k1_natural,R00,91006,far,4044,0.6899988573959286,0.24842611046547028
w128_k1_natural,R10,91001,middle,52,0.6420225399103064,0.2241529781682562
w128_k1_natural,R10,91001,far,4044,0.6716530766104071,0.2393262328016357
w128_k1_natural,R10,91002,middle,52,0.6221845872513132,0.21563759934705487
w128_k1_natural,R10,91002,far,4044,0.6689381714714726,0.23803057236073005
w128_k1_natural,R10,91003,middle,52,0.6252157092643569,0.21721311507241386
w128_k1_natural,R10,91003,far,4044,0.6686308935023567,0.23789136206561218
w128_k1_natural,R10,91004,middle,52,0.6354685688784838,0.2216109259100863
w128_k1_natural,R10,91004,far,4044,0.6738977077786011,0.24040735274696742
w128_k1_natural,R10,91005,middle,52,0.6391724663240645,0.2232669272664898
w128_k1_natural,R10,91005,far,4044,0.6725306295380493,0.2397559038784947
w128_k1_natural,R10,91006,middle,52,0.6505239779192505,0.22761152328606743
w128_k1_natural,R10,91006,far,4044,0.673307481181933,0.24007344024656518
w128_k1_natural,R11,91001,middle,52,0.6387520651034819,0.2227348302700739
w128_k1_natural,R11,91001,far,4044,0.6718435730885287,0.2394133295283604
w128_k1_natural,R11,91002,middle,52,0.6273287262029877,0.21817296659133228
w128_k1_natural,R11,91002,far,4044,0.6712258905621779,0.239121426363852
w128_k1_natural,R11,91003,middle,52,0.6266244314145334,0.21783433984855932
w128_k1_natural,R11,91003,far,4044,0.6686993096770696,0.23790892387712184
w128_k1_natural,R11,91004,middle,52,0.6461387249073807,0.22583468262358788
w128_k1_natural,R11,91004,far,4044,0.6759996047728595,0.24142693272224572
w128_k1_natural,R11,91005,middle,52,0.6344743321503817,0.22106210388516828
w128_k1_natural,R11,91005,far,4044,0.6739400302983516,0.24044113350726756
w128_k1_natural,R11,91006,middle,52,0.6530226738141525,0.228055267407224
w128_k1_natural,R11,91006,far,4044,0.6726120292405315,0.23975168092267846
w128_k2_natural,R00,91001,middle,90,0.6493193287794172,0.22847833688013514
w128_k2_natural,R00,91001,far,4006,0.6808936011543828,0.243882559288484
w128_k2_natural,R00,91002,middle,90,0.6614032916144114,0.23419656540036224
w128_k2_natural,R00,91002,far,4006,0.6813832371178408,0.24412817398321135
w128_k2_natural,R00,91003,middle,90,0.6605350529158317,0.23383954393039139
w128_k2_natural,R00,91003,far,4006,0.6861989489521287,0.24652757066308156
w128_k2_natural,R00,91004,middle,90,0.6682725425461965,0.23759239100173601
w128_k2_natural,R00,91004,far,4006,0.6819614003879367,0.24441196870052326
w128_k2_natural,R00,91005,middle,90,0.6717700100916635,0.23933606071982277
w128_k2_natural,R00,91005,far,4006,0.6841069561729494,0.24548380775378187
w128_k2_natural,R00,91006,middle,90,0.6790081706221086,0.24293532833281375
w128_k2_natural,R00,91006,far,4006,0.6859571085116649,0.24640607570385595
w128_k2_natural,R10,91001,middle,90,0.6136802315445138,0.21242340305034935
w128_k2_natural,R10,91001,far,4006,0.6396673200660016,0.22394407754156456
w128_k2_natural,R10,91002,middle,90,0.6035329086049916,0.20723399004861542
w128_k2_natural,R10,91002,far,4006,0.6370439072494964,0.22265938967907564
w128_k2_natural,R10,91003,middle,90,0.606366220395662,0.20927063396069304
w128_k2_natural,R10,91003,far,4006,0.63904920474272,0.2236826405691974
w128_k2_natural,R10,91004,middle,90,0.611520809341234,0.2109238021673783
w128_k2_natural,R10,91004,far,4006,0.6432135650931571,0.22566836119446387
w128_k2_natural,R10,91005,middle,90,0.6200203766615758,0.21484078434835285
w128_k2_natural,R10,91005,far,4006,0.6451049538214605,0.22653548122796527
w128_k2_natural,R10,91006,middle,90,0.6239303589102043,0.2165656965028427
w128_k2_natural,R10,91006,far,4006,0.6398442281488096,0.22408123421704776
w128_k2_natural,R11,91001,middle,90,0.6122129026530693,0.21193120167524526
w128_k2_natural,R11,91001,far,4006,0.6398310844018095,0.22404868921082144
w128_k2_natural,R11,91002,middle,90,0.6072669934198061,0.20963270784087296
w128_k2_natural,R11,91002,far,4006,0.6405760140077937,0.22440548262608498
w128_k2_natural,R11,91003,middle,90,0.6067228931078397,0.20925145282691754
w128_k2_natural,R11,91003,far,4006,0.638621894910432,0.22342244877232798
w128_k2_natural,R11,91004,middle,90,0.617925387715716,0.21407523931146788
w128_k2_natural,R11,91004,far,4006,0.6463011586248895,0.22712039737767428
w128_k2_natural,R11,91005,middle,90,0.6176219512918381,0.21397992770334398
w128_k2_natural,R11,91005,far,4006,0.6469001872875705,0.2274140932468728
w128_k2_natural,R11,91006,middle,90,0.6215498063427479,0.21563792719999786
w128_k2_natural,R11,91006,far,4006,0.6408206607402553,0.22456839768475742
w128_k2_common,R00,91001,middle,90,0.6441607348301066,0.22591099375446305
w128_k2_common,R00,91001,far,4006,0.6857831090253835,0.24632866098485542
w128_k2_common,R00,91002,middle,90,0.6826889307859676,0.24477651096393882
w128_k2_common,R00,91002,far,4006,0.6900762312594806,0.24846573883675863
w128_k2_common,R00,91003,middle,90,0.6846440476651505,0.24574994612157564
w128_k2_common,R00,91003,far,4006,0.6923487009330275,0.24960077536987385
w128_k2_common,R00,91004,middle,90,0.6601857436200326,0.23358273546257158
w128_k2_common,R00,91004,far,4006,0.6916593587617148,0.24925766069227065
w128_k2_common,R00,91005,middle,90,0.6858286853675669,0.2463413282624423
w128_k2_common,R00,91005,far,4006,0.69366099569747,0.25025684144759824
w128_k2_common,R00,91006,middle,90,0.6776704547858254,0.2422761765587955
w128_k2_common,R00,91006,far,4006,0.6904722052764282,0.24866290442858432
w128_k2_common,R10,91001,middle,90,0.6182827097033367,0.2138638758356896
w128_k2_common,R10,91001,far,4006,0.683151137447006,0.24518144244429657
w128_k2_common,R10,91002,middle,90,0.6324803952769974,0.2201125138797218
w128_k2_common,R10,91002,far,4006,0.6653734194585335,0.23620859671988642
w128_k2_common,R10,91003,middle,90,0.6593250445799771,0.23387123911002466
w128_k2_common,R10,91003,far,4006,0.7072151082658543,0.256524580391313
w128_k2_common,R10,91004,middle,90,0.6258214397991066,0.2170750792957035
w128_k2_common,R10,91004,far,4006,0.6802838207536331,0.24361695618768023
w128_k2_common,R10,91005,middle,90,0.6848858599653919,0.2458759308152445
w128_k2_common,R10,91005,far,4006,0.7023304489365149,0.2545786603937797
w128_k2_common,R10,91006,middle,90,0.6647979738078136,0.23595067953101953
w128_k2_common,R10,91006,far,4006,0.6889675509290308,0.2479093856011106
w128_k2_common,R11,91001,middle,90,0.6150689099665113,0.21245357162305964
w128_k2_common,R11,91001,far,4006,0.6710209942652824,0.23909562933766737
w128_k2_common,R11,91002,middle,90,0.6384942790218316,0.22300701573273163
w128_k2_common,R11,91002,far,4006,0.6679669074755417,0.2374647326828368
w128_k2_common,R11,91003,middle,90,0.6500712842261468,0.22886111832001532
w128_k2_common,R11,91003,far,4006,0.6842377160851099,0.24559281279385184
w128_k2_common,R11,91004,middle,90,0.6282462470314806,0.21821905303295225
w128_k2_common,R11,91004,far,4006,0.6775561525257577,0.24223742840173926
w128_k2_common,R11,91005,middle,90,0.6781170872626099,0.24249363718764702
w128_k2_common,R11,91005,far,4006,0.7060114165268675,0.25639969989753464
w128_k2_common,R11,91006,middle,90,0.6539622190327805,0.2306964654865456
w128_k2_common,R11,91006,far,4006,0.6883135799419506,0.24758644033452687
w128_k8_natural,R00,91001,near,17,0.5416838037036831,0.17594447441541894
w128_k8_natural,R00,91001,middle,335,0.5803765686249067,0.19628922211279595
w128_k8_natural,R00,91001,far,3744,0.6243770117594303,0.21641742204540737
w128_k8_natural,R00,91002,near,17,0.5863356842161201,0.19811546650314646
w128_k8_natural,R00,91002,middle,335,0.597807158033567,0.20378255063664413
w128_k8_natural,R00,91002,far,3744,0.6261224817722267,0.21720376717369444
w128_k8_natural,R00,91003,near,17,0.546706150048541,0.17900361423657105
w128_k8_natural,R00,91003,middle,335,0.5863763036555798,0.19843903497855078
w128_k8_natural,R00,91003,far,3744,0.61511014704604,0.21208088503609174
w128_k8_natural,R00,91004,near,17,0.6189002466541488,0.21424364776705024
w128_k8_natural,R00,91004,middle,335,0.6078533719011521,0.20833359715838737
w128_k8_natural,R00,91004,far,3744,0.6370608678570677,0.22233083177199453
w128_k8_natural,R00,91005,near,17,0.6245036280355362,0.2172559838805153
w128_k8_natural,R00,91005,middle,335,0.6030264694126876,0.20628960018535084
w128_k8_natural,R00,91005,far,3744,0.6298188283173588,0.21894920626524667
w128_k8_natural,R00,91006,near,17,0.664097298925818,0.23635933313409652
w128_k8_natural,R00,91006,middle,335,0.616412293060262,0.21253362801215922
w128_k8_natural,R00,91006,far,3744,0.6356228771695499,0.22168413700103823
w128_k8_natural,R10,91001,near,17,0.5586492654918235,0.18495029017719064
w128_k8_natural,R10,91001,middle,335,0.5686420590280373,0.19131380593213357
w128_k8_natural,R10,91001,far,3744,0.5914254448408167,0.20164351937967764
w128_k8_natural,R10,91002,near,17,0.5651276762323123,0.18919702527520302
w128_k8_natural,R10,91002,middle,335,0.5650983898610612,0.19003672358355897
w128_k8_natural,R10,91002,far,3744,0.5900679026337121,0.20113231560440875
w128_k8_natural,R10,91003,near,17,0.5393562359778648,0.1668947059862767
w128_k8_natural,R10,91003,middle,335,0.5660325176650324,0.19043345236065085
w128_k8_natural,R10,91003,far,3744,0.5910508736509404,0.2015421623513677
w128_k8_natural,R10,91004,near,17,0.5394498582228059,0.17664121855989764
w128_k8_natural,R10,91004,middle,335,0.5690391657364563,0.1916001391664595
w128_k8_natural,R10,91004,far,3744,0.5920290438523397,0.20195944260092744
w128_k8_natural,R10,91005,near,17,0.596146076719921,0.20497599716513182
w128_k8_natural,R10,91005,middle,335,0.567191660619001,0.19088670372634806
w128_k8_natural,R10,91005,far,3744,0.591744072372315,0.20174423094778757
w128_k8_natural,R10,91006,near,17,0.5825945080962386,0.19323810751040854
w128_k8_natural,R10,91006,middle,335,0.5684696173899523,0.19141251582179636
w128_k8_natural,R10,91006,far,3744,0.5920621148826113,0.20197554732776152
w128_k8_natural,R11,91001,near,17,0.5336413724026122,0.1702282695647824
w128_k8_natural,R11,91001,middle,335,0.5708104961655949,0.19237591633511109
w128_k8_natural,R11,91001,far,3744,0.5910132960411548,0.20152425558152348
w128_k8_natural,R11,91002,near,17,0.5446865980162009,0.17548047335087008
w128_k8_natural,R11,91002,middle,335,0.5685859826264992,0.1916683171385607
w128_k8_natural,R11,91002,far,3744,0.5899722206958646,0.2010853805403682
w128_k8_natural,R11,91003,near,17,0.5579947987385239,0.1806615408341102
w128_k8_natural,R11,91003,middle,335,0.5679738544605673,0.19137859362581744
w128_k8_natural,R11,91003,far,3744,0.5910407433852464,0.20149173644616888
w128_k8_natural,R11,91004,near,17,0.5238385721339265,0.16732716668248832
w128_k8_natural,R11,91004,middle,335,0.5744678413418668,0.19406719081959475
w128_k8_natural,R11,91004,far,3744,0.5926427408162637,0.20227988256298518
w128_k8_natural,R11,91005,near,17,0.5601535306949934,0.18523147644009536
w128_k8_natural,R11,91005,middle,335,0.5701855030407424,0.1922862979338738
w128_k8_natural,R11,91005,far,3744,0.5921336738322861,0.20194504240395567
w128_k8_natural,R11,91006,near,17,0.5450715080668322,0.17546784254405257
w128_k8_natural,R11,91006,middle,335,0.573764352254756,0.19378763166598925
w128_k8_natural,R11,91006,far,3744,0.5919519427040547,0.20192902325362827
w128_k32_natural,R00,91001,near,97,0.4129286089996985,0.1256426487557207
w128_k32_natural,R00,91001,middle,1129,0.5385185797021957,0.17782443732531725
w128_k32_natural,R00,91001,far,2870,0.5530489702066214,0.184142805053667
w128_k32_natural,R00,91002,near,97,0.43094315982821607,0.1332741898291972
w128_k32_natural,R00,91002,middle,1129,0.5348850957808146,0.17666038087215352
w128_k32_natural,R00,91002,far,2870,0.5534703060292135,0.1843416219414566
w128_k32_natural,R00,91003,near,97,0.4294534677462876,0.13377699111962219
w128_k32_natural,R00,91003,middle,1129,0.538612642459364,0.17778690068844152
w128_k32_natural,R00,91003,far,2870,0.5535514574813672,0.18437567521783121
w128_k32_natural,R00,91004,near,97,0.4307615037982582,0.13352405548231827
w128_k32_natural,R00,91004,middle,1129,0.5372591906923335,0.17716750465614398
w128_k32_natural,R00,91004,far,2870,0.5569637211327421,0.1858794746812192
w128_k32_natural,R00,91005,near,97,0.4498302833021211,0.1413249880991711
w128_k32_natural,R00,91005,middle,1129,0.5399154275484745,0.1787612650609949
w128_k32_natural,R00,91005,far,2870,0.5578284285082704,0.18651663677652855
w128_k32_natural,R00,91006,near,97,0.4528420680657717,0.142269909212364
w128_k32_natural,R00,91006,middle,1129,0.5418482592219382,0.17979447554666483
w128_k32_natural,R00,91006,far,2870,0.5645735207329496,0.1894702851834948
w128_k32_natural,R10,91001,near,97,0.4311200043499611,0.13268339613295252
w128_k32_natural,R10,91001,middle,1129,0.5411552637700668,0.17869326383822945
w128_k32_natural,R10,91001,far,2870,0.5589422737208853,0.18696747895576518
w128_k32_natural,R10,91002,near,97,0.4314135412013339,0.13407773774180842
w128_k32_natural,R10,91002,middle,1129,0.5372596941617417,0.17739797877849203
w128_k32_natural,R10,91002,far,2870,0.5533698255433396,0.184456895827142
w128_k32_natural,R10,91003,near,97,0.4179397969687226,0.12737134886612209
w128_k32_natural,R10,91003,middle,1129,0.539690212718853,0.17839218490788775
w128_k32_natural,R10,91003,far,2870,0.5542517278722457,0.18493305568173318
w128_k32_natural,R10,91004,near,97,0.4162223787743648,0.12732352332135896
w128_k32_natural,R10,91004,middle,1129,0.538156765863901,0.1775711330201477
w128_k32_natural,R10,91004,far,2870,0.5548120221282247,0.185120336572114
w128_k32_natural,R10,91005,near,97,0.44229570324607337,0.13940978125575795
w128_k32_natural,R10,91005,middle,1129,0.5392656353799066,0.1781374506502003
w128_k32_natural,R10,91005,far,2870,0.5557849597441205,0.18566781723073225
w128_k32_natural,R10,91006,near,97,0.4277184223007314,0.13229998814214236
w128_k32_natural,R10,91006,middle,1129,0.5367881082170418,0.17703154982277994
w128_k32_natural,R10,91006,far,2870,0.5536468135275585,0.18457880221394943
w128_k32_natural,R11,91001,near,97,0.41513329453127606,0.12465511176018193
w128_k32_natural,R11,91001,middle,1129,0.5394458247033922,0.17795015589575636
w128_k32_natural,R11,91001,far,2870,0.5549342819210833,0.18524463624381107
w128_k32_natural,R11,91002,near,97,0.4235340273712309,0.12923473883608916
w128_k32_natural,R11,91002,middle,1129,0.5377310323400827,0.17742989785381974
w128_k32_natural,R11,91002,far,2870,0.5525128052167761,0.18406032953450532
w128_k32_natural,R11,91003,near,97,0.4255680225665176,0.1301772751756353
w128_k32_natural,R11,91003,middle,1129,0.5403786307799472,0.1785869744095969
w128_k32_natural,R11,91003,far,2870,0.5554599547816561,0.1854876096592915
w128_k32_natural,R11,91004,near,97,0.4142738672412662,0.1259268164286683
w128_k32_natural,R11,91004,middle,1129,0.5393259774134688,0.17794573885088608
w128_k32_natural,R11,91004,far,2870,0.5553275164766485,0.18529379222506112
w128_k32_natural,R11,91005,near,97,0.4383857271199204,0.13627401729231603
w128_k32_natural,R11,91005,middle,1129,0.5401032060281181,0.17819590089610063
w128_k32_natural,R11,91005,far,2870,0.5567868908437114,0.18611577373835397
w128_k32_natural,R11,91006,near,97,0.41446661415947966,0.12597277539211701
w128_k32_natural,R11,91006,middle,1129,0.5386755836528292,0.17777396891516706
w128_k32_natural,R11,91006,far,2870,0.5551502597856819,0.18525978945058177
w128_k32_common,R00,91001,near,97,0.47598639813132476,0.14908713643276483
w128_k32_common,R00,91001,middle,1129,0.6048660440763073,0.20810876137569717
w128_k32_common,R00,91001,far,2870,0.6498510299508726,0.22961532498092954
w128_k32_common,R00,91002,near,97,0.5716956980969715,0.1910003687453313
w128_k32_common,R00,91002,middle,1129,0.6115740734633929,0.20988828415381058
w128_k32_common,R00,91002,far,2870,0.6305292908033953,0.2190367733687087
w128_k32_common,R00,91003,near,97,0.6218454173100477,0.2146332134347027
w128_k32_common,R00,91003,middle,1129,0.6455635624705843,0.22639726701869958
w128_k32_common,R00,91003,far,2870,0.6673850520180001,0.23716120831948256
w128_k32_common,R00,91004,near,97,0.5465424797040932,0.17953248338242958
w128_k32_common,R00,91004,middle,1129,0.6128778181809285,0.2106638777545753
w128_k32_common,R00,91004,far,2870,0.6523676370604663,0.2298449754944679
w128_k32_common,R00,91005,near,97,0.6247665567698342,0.21626889364343554
w128_k32_common,R00,91005,middle,1129,0.6384085425958761,0.2229262408245161
w128_k32_common,R00,91005,far,2870,0.6581469749749965,0.2326322706328289
w128_k32_common,R00,91006,near,97,0.6165211045670766,0.2120275124689411
w128_k32_common,R00,91006,middle,1129,0.6529315482322234,0.2300676491938054
w128_k32_common,R00,91006,far,2870,0.6800397799020886,0.2434709297105132
w128_k32_common,R10,91001,near,97,0.4644331856508994,0.14623826213947552
w128_k32_common,R10,91001,middle,1129,0.57737213425977,0.1959946724666082
w128_k32_common,R10,91001,far,2870,0.6173970639103227,0.2147950182234643
w128_k32_common,R10,91002,near,97,0.5168464572721677,0.16913258301782264
w128_k32_common,R10,91002,middle,1129,0.5491040448536152,0.18243941910652908
w128_k32_common,R10,91002,far,2870,0.5653052518704462,0.18925542879812807
w128_k32_common,R10,91003,near,97,0.6181180775367441,0.21626046008990413
w128_k32_common,R10,91003,middle,1129,0.642980489247562,0.22713465706188687
w128_k32_common,R10,91003,far,2870,0.6575806425713758,0.2336060177841033
w128_k32_common,R10,91004,near,97,0.46849802679028246,0.1459751304129029
w128_k32_common,R10,91004,middle,1129,0.5581574473776112,0.18613764242163286
w128_k32_common,R10,91004,far,2870,0.5836464474948603,0.19765022433274734
w128_k32_common,R10,91005,near,97,0.57796122568185,0.1937798690563958
w128_k32_common,R10,91005,middle,1129,0.6206807494962376,0.2143606671362811
w128_k32_common,R10,91005,far,2870,0.6545423847827472,0.2309712539420589
w128_k32_common,R10,91006,near,97,0.5727056660912497,0.19192759247756663
w128_k32_common,R10,91006,middle,1129,0.6154172815940231,0.21287228132549488
w128_k32_common,R10,91006,far,2870,0.6393722459938777,0.22414596941347237
w128_k32_common,R11,91001,near,97,0.4471088585196297,0.13752301036048853
w128_k32_common,R11,91001,middle,1129,0.569598415323012,0.1924953874699494
w128_k32_common,R11,91001,far,2870,0.6058681222609168,0.20889892849163777
w128_k32_common,R11,91002,near,97,0.517060686841258,0.16844839246872914
w128_k32_common,R11,91002,middle,1129,0.5516179803504359,0.18328290216053486
w128_k32_common,R11,91002,far,2870,0.5684886290587254,0.19048583293531995
w128_k32_common,R11,91003,near,97,0.582014243429691,0.19851412196068716
w128_k32_common,R11,91003,middle,1129,0.6075815238423173,0.20978448603968158
w128_k32_common,R11,91003,far,2870,0.6250566263645951,0.2176819477495821
w128_k32_common,R11,91004,near,97,0.4424187535920642,0.13483581865679298
w128_k32_common,R11,91004,middle,1129,0.5584127467381174,0.18608895851176402
w128_k32_common,R11,91004,far,2870,0.5796351306131748,0.1957137865743095
w128_k32_common,R11,91005,near,97,0.5388969897460067,0.17593564149903054
w128_k32_common,R11,91005,middle,1129,0.59635684545012,0.20289321045909162
w128_k32_common,R11,91005,far,2870,0.6312406323236908,0.21965490913276076
w128_k32_common,R11,91006,near,97,0.557115662168109,0.18403417554393944
w128_k32_common,R11,91006,middle,1129,0.6192108828913916,0.2140835360453951
w128_k32_common,R11,91006,far,2870,0.6538426193069405,0.23068460928755086
w128_k128_natural,R00,91001,near,351,0.39627260458737296,0.1213156481111249
w128_k128_natural,R00,91001,middle,2751,0.4967274333926427,0.1600660834411753
w128_k128_natural,R00,91001,far,994,0.5437656777318112,0.17993088246120656
w128_k128_natural,R00,91002,near,351,0.39628498395609574,0.12098715466164965
w128_k128_natural,R00,91002,middle,2751,0.4964461656402828,0.16004652663413138
w128_k128_natural,R00,91002,far,994,0.5452208091118127,0.18087828167836673
w128_k128_natural,R00,91003,near,351,0.39937020144978636,0.12272317942312626
w128_k128_natural,R00,91003,middle,2751,0.49709750160417454,0.16021220888116483
w128_k128_natural,R00,91003,far,994,0.5396033988371063,0.17832924143911263
w128_k128_natural,R00,91004,near,351,0.40101037298062114,0.12316033590427901
w128_k128_natural,R00,91004,middle,2751,0.49618928970667603,0.1600059065632594
w128_k128_natural,R00,91004,far,994,0.542611321926928,0.17951670099653957
w128_k128_natural,R00,91005,near,351,0.4082385202530675,0.12631437403431228
w128_k128_natural,R00,91005,middle,2751,0.5005587698882021,0.16179435157126723
w128_k128_natural,R00,91005,far,994,0.5438914954895419,0.18013817180591432
w128_k128_natural,R00,91006,near,351,0.40541487578026353,0.12520567540655977
w128_k128_natural,R00,91006,middle,2751,0.4984937235104332,0.16081194562900533
w128_k128_natural,R00,91006,far,994,0.5430247838717502,0.17969330650061693
w128_k128_natural,R10,91001,near,351,0.40165747502932,0.12342172676566938
w128_k128_natural,R10,91001,middle,2751,0.4988408661554831,0.16092675320613864
w128_k128_natural,R10,91001,far,994,0.5451088875409649,0.18050203602857812
w128_k128_natural,R10,91002,near,351,0.39860293130663976,0.12189794674415355
w128_k128_natural,R10,91002,middle,2751,0.49739791149982276,0.16032552961105828
w128_k128_natural,R10,91002,far,994,0.543032444110533,0.17979130734842902
w128_k128_natural,R10,91003,near,351,0.4003087833817121,0.12333800640538128
w128_k128_natural,R10,91003,middle,2751,0.49783976072203334,0.16070178850678396
w128_k128_natural,R10,91003,far,994,0.5402518523489627,0.17860818602461714
w128_k128_natural,R10,91004,near,351,0.40047386021785153,0.12316073270051073
w128_k128_natural,R10,91004,middle,2751,0.4978924222467433,0.16067582953864418
w128_k128_natural,R10,91004,far,994,0.5426316307365793,0.17963445313538398
w128_k128_natural,R10,91005,near,351,0.4065191534785936,0.12589879739350687
w128_k128_natural,R10,91005,middle,2751,0.4996451852362742,0.16137106703916837
w128_k128_natural,R10,91005,far,994,0.5437113596962319,0.17998961388792267
w128_k128_natural,R10,91006,near,351,0.4036311992100364,0.1242269350813669
w128_k128_natural,R10,91006,middle,2751,0.4976190224797024,0.16047875003298112
w128_k128_natural,R10,91006,far,994,0.5426844229748671,0.17957400641074295
w128_k128_natural,R11,91001,near,351,0.3993325193281941,0.12263663128263495
w128_k128_natural,R11,91001,middle,2751,0.4976789510087673,0.16051039392300437
w128_k128_natural,R11,91001,far,994,0.5434908280629236,0.17991423631790698
w128_k128_natural,R11,91002,near,351,0.39700583794978134,0.12139537613402376
w128_k128_natural,R11,91002,middle,2751,0.4966223904329248,0.16009608128854733
w128_k128_natural,R11,91002,far,994,0.5415975195232567,0.1791246610581128
w128_k128_natural,R11,91003,near,351,0.3976780790457202,0.12236781976841168
w128_k128_natural,R11,91003,middle,2751,0.4977948968766933,0.16063310413901208
w128_k128_natural,R11,91003,far,994,0.5405168307220215,0.17872743914349173
w128_k128_natural,R11,91004,near,351,0.3976436396896178,0.12211861223182953
w128_k128_natural,R11,91004,middle,2751,0.4981885788499779,0.16075581226899793
w128_k128_natural,R11,91004,far,994,0.542831375112566,0.17960650902575018
w128_k128_natural,R11,91005,near,351,0.40587453006678453,0.12571406592545917
w128_k128_natural,R11,91005,middle,2751,0.4995885419407332,0.1613900694478075
w128_k128_natural,R11,91005,far,994,0.5428887650176965,0.17975502745784772
w128_k128_natural,R11,91006,near,351,0.4011720736990351,0.123443289344701
w128_k128_natural,R11,91006,middle,2751,0.49733736382159194,0.16034050310743345
w128_k128_natural,R11,91006,far,994,0.5414240495658714,0.17899257490489537
w128_k512_natural,R00,91001,near,1273,0.3680604330970106,0.11177975083148942
w128_k512_natural,R00,91001,middle,2807,0.4741943205526882,0.15119333725686915
w128_k512_natural,R00,91001,far,16,0.6624422118796691,0.24140718799722913
w128_k512_natural,R00,91002,near,1273,0.3697023786685387,0.11210698839417653
w128_k512_natural,R00,91002,middle,2807,0.4727756828702555,0.1505720296026455
w128_k512_natural,R00,91002,far,16,0.667170615786429,0.24420007035805308
w128_k512_natural,R00,91003,near,1273,0.3705890376798405,0.11269326726926224
w128_k512_natural,R00,91003,middle,2807,0.47607262657421806,0.1519035707047505
w128_k512_natural,R00,91003,far,16,0.6770341114372609,0.24692999824238454
w128_k512_natural,R00,91004,near,1273,0.3660152921495592,0.11110256869959985
w128_k512_natural,R00,91004,middle,2807,0.47340749474907645,0.1507879612558575
w128_k512_natural,R00,91004,far,16,0.6795652031687656,0.24941678573700976
w128_k512_natural,R00,91005,near,1273,0.37190468435845053,0.11308773092525844
w128_k512_natural,R00,91005,middle,2807,0.47720622187454803,0.15238312117175176
w128_k512_natural,R00,91005,far,16,0.682175498623236,0.2501239768311586
w128_k512_natural,R00,91006,near,1273,0.37068731866986887,0.11299701935928286
w128_k512_natural,R00,91006,middle,2807,0.4746753022535961,0.15138366132419934
w128_k512_natural,R00,91006,far,16,0.6713134404127534,0.24376212570644518
w128_k512_natural,R10,91001,near,1273,0.37014262640283185,0.11210395348974467
w128_k512_natural,R10,91001,middle,2807,0.47447495343469265,0.1512907076195864
w128_k512_natural,R10,91001,far,16,0.6828695568458317,0.24952901821115342
w128_k512_natural,R10,91002,near,1273,0.3693224778098984,0.11177398015021639
w128_k512_natural,R10,91002,middle,2807,0.4741058197112691,0.1511451715448097
w128_k512_natural,R10,91002,far,16,0.6542415699550378,0.23858635540123357
w128_k512_natural,R10,91003,near,1273,0.3709769749056112,0.11291703524472635
w128_k512_natural,R10,91003,middle,2807,0.47665265222255543,0.1522613562068344
w128_k512_natural,R10,91003,far,16,0.6768415076861877,0.24720021505294298
w128_k512_natural,R10,91004,near,1273,0.36650214924650665,0.11124931145370895
w128_k512_natural,R10,91004,middle,2807,0.4736727516352232,0.15098724010500725
w128_k512_natural,R10,91004,far,16,0.6661875350768772,0.24305599882196482
w128_k512_natural,R10,91005,near,1273,0.37185593113102383,0.11292683564664084
w128_k512_natural,R10,91005,middle,2807,0.47727451743370264,0.15236361194749337
w128_k512_natural,R10,91005,far,16,0.689030114589988,0.25282141514241646
w128_k512_natural,R10,91006,near,1273,0.3708865682314065,0.11297802869966998
w128_k512_natural,R10,91006,middle,2807,0.4742867800372451,0.15131352455227595
w128_k512_natural,R10,91006,far,16,0.6621452188199213,0.239735338119821
w128_k512_natural,R11,91001,near,1273,0.3701379146684389,0.11214975453048932
w128_k512_natural,R11,91001,middle,2807,0.4737185198656319,0.15098174194209246
w128_k512_natural,R11,91001,far,16,0.6701874500174729,0.24456667285030748
w128_k512_natural,R11,91002,near,1273,0.36952802344050095,0.11190158517357594
w128_k512_natural,R11,91002,middle,2807,0.47335044953866295,0.15079461552550683
w128_k512_natural,R11,91002,far,16,0.6495096154834198,0.23626469194833793
w128_k512_natural,R11,91003,near,1273,0.3701727764390502,0.11261168972165848
w128_k512_natural,R11,91003,middle,2807,0.4763940484524163,0.1521686136221635
w128_k512_natural,R11,91003,far,16,0.6779704119772813,0.24795683528986195
w128_k512_natural,R11,91004,near,1273,0.36729955759129707,0.11150636109155067
w128_k512_natural,R11,91004,middle,2807,0.47408225870875814,0.15110858532721072
w128_k512_natural,R11,91004,far,16,0.6642103720766432,0.24254552832738763
w128_k512_natural,R11,91005,near,1273,0.3735372702577397,0.11360762858318803
w128_k512_natural,R11,91005,middle,2807,0.4780411696469176,0.15273072980186533
w128_k512_natural,R11,91005,far,16,0.6855974032265717,0.2514270745844837
w128_k512_natural,R11,91006,near,1273,0.37063587271633375,0.11299338172458112
w128_k512_natural,R11,91006,middle,2807,0.47376030616385,0.15112126130010292
w128_k512_natural,R11,91006,far,16,0.6671258594754905,0.24184504887784908
w128_k512_common,R00,91001,near,1273,0.37175883365042356,0.1121949323148507
w128_k512_common,R00,91001,middle,2807,0.47394088088072384,0.15099606693653556
w128_k512_common,R00,91001,far,16,0.6299318813743914,0.22430693553701836
w128_k512_common,R00,91002,near,1273,0.3987386908320782,0.1218101579446553
w128_k512_common,R00,91002,middle,2807,0.47983770868925835,0.15340349170088058
w128_k512_common,R00,91002,far,16,0.6275252283646816,0.22174219598649156
w128_k512_common,R00,91003,near,1273,0.40885388587237537,0.12458778827937969
w128_k512_common,R00,91003,middle,2807,0.4902436411228516,0.15746746997775607
w128_k512_common,R00,91003,far,16,0.6539057552563488,0.23346523839530126
w128_k512_common,R00,91004,near,1273,0.3937127018670343,0.11987455485329597
w128_k512_common,R00,91004,middle,2807,0.4791854423399109,0.15292089576788373
w128_k512_common,R00,91004,far,16,0.6384647739874529,0.22899100195303704
w128_k512_common,R00,91005,near,1273,0.40470168987083127,0.1242908300665564
w128_k512_common,R00,91005,middle,2807,0.48993378262093,0.1574476716408731
w128_k512_common,R00,91005,far,16,0.7075482440621892,0.2554694549970449
w128_k512_common,R00,91006,near,1273,0.4196740332471411,0.12906333516046384
w128_k512_common,R00,91006,middle,2807,0.49383831644802156,0.15853010783040353
w128_k512_common,R00,91006,far,16,0.6389045559360713,0.22630920407662936
w128_k512_common,R10,91001,near,1273,0.3754250471242971,0.113560412581091
w128_k512_common,R10,91001,middle,2807,0.4754651408493504,0.15175662516636942
w128_k512_common,R10,91001,far,16,0.649532647602259,0.23405832114598973
w128_k512_common,R10,91002,near,1273,0.41002887453442016,0.12538346573666065
w128_k512_common,R10,91002,middle,2807,0.4856880188589,0.1554622544609466
w128_k512_common,R10,91002,far,16,0.6500882797875526,0.2312247525861116
w128_k512_common,R10,91003,near,1273,0.4103290064417806,0.12521142730477358
w128_k512_common,R10,91003,middle,2807,0.49217456021392025,0.15815615086970333
w128_k512_common,R10,91003,far,16,0.6542062289223691,0.2335682588459525
w128_k512_common,R10,91004,near,1273,0.3853513920577808,0.11727778142541578
w128_k512_common,R10,91004,middle,2807,0.47655799838852225,0.15200331459739608
w128_k512_common,R10,91004,far,16,0.6517920636846375,0.235409933947395
w128_k512_common,R10,91005,near,1273,0.41121461986972596,0.12601691193342204
w128_k512_common,R10,91005,middle,2807,0.4943124450077786,0.1589597828506673
w128_k512_common,R10,91005,far,16,0.7343728504058943,0.26386816626174386
w128_k512_common,R10,91006,near,1273,0.42691884543857606,0.13183903898981195
w128_k512_common,R10,91006,middle,2807,0.49903909395279494,0.16086068079407503
w128_k512_common,R10,91006,far,16,0.6689348447013308,0.24056109535665424
w128_k512_common,R11,91001,near,1273,0.37294318240546204,0.11289579159850387
w128_k512_common,R11,91001,middle,2807,0.47368004182500595,0.15110893060808128
w128_k512_common,R11,91001,far,16,0.6278225190732367,0.2244355837667859
w128_k512_common,R11,91002,near,1273,0.40578193232879683,0.12475898240573124
w128_k512_common,R11,91002,middle,2807,0.48390385526072477,0.1550160689221962
w128_k512_common,R11,91002,far,16,0.6453114941592618,0.23115262595162508
w128_k512_common,R11,91003,near,1273,0.41318151951836507,0.1268848184620388
w128_k512_common,R11,91003,middle,2807,0.4941527966932776,0.15923732924739462
w128_k512_common,R11,91003,far,16,0.6629631596666239,0.2367214682699171
w128_k512_common,R11,91004,near,1273,0.38467301384794766,0.11686675524043753
w128_k512_common,R11,91004,middle,2807,0.47513599868589,0.15135932647852934
w128_k512_common,R11,91004,far,16,0.635966649752383,0.2279261898887347
w128_k512_common,R11,91005,near,1273,0.40292197658443585,0.12299857498741569
w128_k512_common,R11,91005,middle,2807,0.4894334742333765,0.15702675623168674
w128_k512_common,R11,91005,far,16,0.7084888184979341,0.2548889675608808
w128_k512_common,R11,91006,near,1273,0.42055652776823244,0.12963747173384293
w128_k512_common,R11,91006,middle,2807,0.4962499099764632,0.1597584049729275
w128_k512_common,R11,91006,far,16,0.6504297311414124,0.23244054192311978
w128_k2048_natural,R00,91001,near,3242,0.3423706856823998,0.1021749059609231
w128_k2048_natural,R00,91001,middle,854,0.45620846435403317,0.14431410153525248
w128_k2048_natural,R00,91002,near,3242,0.3419808515111365,0.10184435477970953
w128_k2048_natural,R00,91002,middle,854,0.45594489479272776,0.14378701847804035
w128_k2048_natural,R00,91003,near,3242,0.34385320629196875,0.10261639689181595
w128_k2048_natural,R00,91003,middle,854,0.45679411077666,0.1443271676491511
w128_k2048_natural,R00,91004,near,3242,0.342046422538513,0.10196124125364862
w128_k2048_natural,R00,91004,middle,854,0.4532477913863964,0.14305375461158118
w128_k2048_natural,R00,91005,near,3242,0.34328980432775985,0.10250772121863051
w128_k2048_natural,R00,91005,middle,854,0.45773600852445634,0.14456372244898674
w128_k2048_natural,R00,91006,near,3242,0.34302572711183327,0.10225720648574498
w128_k2048_natural,R00,91006,middle,854,0.4519632674355611,0.14240644620443207
w128_k2048_natural,R10,91001,near,3242,0.3426797990621306,0.10214886070916025
w128_k2048_natural,R10,91001,middle,854,0.45583335602537217,0.14401580721648002
w128_k2048_natural,R10,91002,near,3242,0.3425430822398459,0.10199846476273611
w128_k2048_natural,R10,91002,middle,854,0.4560398702266579,0.14389354223782666
w128_k2048_natural,R10,91003,near,3242,0.34462935072461737,0.10283271847244649
w128_k2048_natural,R10,91003,middle,854,0.4576837779329163,0.14467608801874804
w128_k2048_natural,R10,91004,near,3242,0.342347895680444,0.10212150719194339
w128_k2048_natural,R10,91004,middle,854,0.4546588679228147,0.14369810240068423
w128_k2048_natural,R10,91005,near,3242,0.34427259637560825,0.10280534559681516
w128_k2048_natural,R10,91005,middle,854,0.457544902920611,0.1446508823423104
w128_k2048_natural,R10,91006,near,3242,0.34416131134171035,0.1026642493130574
w128_k2048_natural,R10,91006,middle,854,0.45249529963842117,0.14270726851422935
w128_k2048_natural,R11,91001,near,3242,0.34298752345671035,0.10225063499844654
w128_k2048_natural,R11,91001,middle,854,0.4562712106465005,0.14428245682672372
w128_k2048_natural,R11,91002,near,3242,0.34237755871901643,0.10194295876355383
w128_k2048_natural,R11,91002,middle,854,0.455802598654404,0.14387213866874168
w128_k2048_natural,R11,91003,near,3242,0.34484105718838864,0.10288441906616091
w128_k2048_natural,R11,91003,middle,854,0.45800383619031443,0.14482166521430423
w128_k2048_natural,R11,91004,near,3242,0.34247754753597176,0.10214151644147074
w128_k2048_natural,R11,91004,middle,854,0.45491952170188027,0.14374777316465887
w128_k2048_natural,R11,91005,near,3242,0.3445424086286935,0.10293729387401165
w128_k2048_natural,R11,91005,middle,854,0.45798557395368655,0.14484738213802037
w128_k2048_natural,R11,91006,near,3242,0.34407279530513296,0.1026767900101162
w128_k2048_natural,R11,91006,middle,854,0.4525954305508379,0.1428280471875728
w128_k4096_natural,R00,91001,near,3939,0.3245111545456391,0.09634789081463556
w128_k4096_natural,R00,91001,middle,157,0.4897726367483118,0.15497666630925397
w128_k4096_natural,R00,91002,near,3939,0.32424899744095476,0.0960553624406637
w128_k4096_natural,R00,91002,middle,157,0.486362386358359,0.1536216973221987
w128_k4096_natural,R00,91003,near,3939,0.3255500235872878,0.09649301519487276
w128_k4096_natural,R00,91003,middle,157,0.4874336031135949,0.15426537369022697
w128_k4096_natural,R00,91004,near,3939,0.325248660115117,0.09649294608453467
w128_k4096_natural,R00,91004,middle,157,0.4878925421089046,0.1545384532619251
w128_k4096_natural,R00,91005,near,3939,0.32477015141491994,0.09636648553229939
w128_k4096_natural,R00,91005,middle,157,0.48614736370231626,0.15330439094566048
w128_k4096_natural,R00,91006,near,3939,0.32508745635082714,0.09628716388353109
w128_k4096_natural,R00,91006,middle,157,0.4782063048938401,0.15109709620810166
w128_k4096_natural,R10,91001,near,3939,0.3249483646968985,0.09640368423406775
w128_k4096_natural,R10,91001,middle,157,0.4877844574664537,0.15426984933878346
w128_k4096_natural,R10,91002,near,3939,0.3242693837032101,0.09609404231439822
w128_k4096_natural,R10,91002,middle,157,0.48429101973372823,0.15260403900482536
w128_k4096_natural,R10,91003,near,3939,0.3257350726205601,0.09644349664907383
w128_k4096_natural,R10,91003,middle,157,0.48900656452424773,0.15501246359662493
w128_k4096_natural,R10,91004,near,3939,0.32555154471521663,0.0966871789806584
w128_k4096_natural,R10,91004,middle,157,0.490202536183715,0.15571344918740176
w128_k4096_natural,R10,91005,near,3939,0.32520040501880154,0.09642934377791669
w128_k4096_natural,R10,91005,middle,157,0.4856245017742563,0.15310133159383849
w128_k4096_natural,R10,91006,near,3939,0.32525069420355374,0.09628517831937003
w128_k4096_natural,R10,91006,middle,157,0.4816154612848637,0.1524587658769062
w128_k4096_natural,R11,91001,near,3939,0.325202025935552,0.0964597216025601
w128_k4096_natural,R11,91001,middle,157,0.4882685579393342,0.15460212093817732
w128_k4096_natural,R11,91002,near,3939,0.32427424786209236,0.09609283521792832
w128_k4096_natural,R11,91002,middle,157,0.48487323167213614,0.15287284148388236
w128_k4096_natural,R11,91003,near,3939,0.32582355037487054,0.09644430154067259
w128_k4096_natural,R11,91003,middle,157,0.48792555394489434,0.15471586974092802
w128_k4096_natural,R11,91004,near,3939,0.3254258303630007,0.09664784580070222
w128_k4096_natural,R11,91004,middle,157,0.48972458178658307,0.15541844401863045
w128_k4096_natural,R11,91005,near,3939,0.325325849461198,0.09650612531061412
w128_k4096_natural,R11,91005,middle,157,0.485060596013464,0.15280543589006054
w128_k4096_natural,R11,91006,near,3939,0.32527978562118093,0.09631038522608026
w128_k4096_natural,R11,91006,middle,157,0.48092157600849117,0.15236853688166904
w128_k8192_natural,R00,91001,near,4095,0.2924939658787974,0.08512362008510722
w128_k8192_natural,R00,91001,middle,1,0.17042086809801682,0.02455181260296868
w128_k8192_natural,R00,91002,near,4095,0.29188964264955997,0.08489134847737882
w128_k8192_natural,R00,91002,middle,1,0.16052595634044323,0.02199416053972314
w128_k8192_natural,R00,91003,near,4095,0.293657925864834,0.085442386553951
w128_k8192_natural,R00,91003,middle,1,0.1505568361341591,0.019535978135966303
w128_k8192_natural,R00,91004,near,4095,0.2930342127771515,0.08526106953088644
w128_k8192_natural,R00,91004,middle,1,0.15328301156665178,0.020196134460004567
w128_k8192_natural,R00,91005,near,4095,0.2919642879933054,0.08492870521123407
w128_k8192_natural,R00,91005,middle,1,0.1541488445025888,0.020407713800102423
w128_k8192_natural,R00,91006,near,4095,0.2929793337282368,0.08527498485863813
w128_k8192_natural,R00,91006,middle,1,0.16819015352457378,0.02396517537244791
w128_k8192_natural,R10,91001,near,4095,0.2922442486305859,0.08498107351651167
w128_k8192_natural,R10,91001,middle,1,0.18704987098462864,0.029103550596991434
w128_k8192_natural,R10,91002,near,4095,0.29178329590046,0.0848601353195091
w128_k8192_natural,R10,91002,middle,1,0.15883913293282548,0.021569742671410985
w128_k8192_natural,R10,91003,near,4095,0.2930022119575667,0.0851120472822769
w128_k8192_natural,R10,91003,middle,1,0.156418046047943,0.02096657606854535
w128_k8192_natural,R10,91004,near,4095,0.29332939340720804,0.08546548583959643
w128_k8192_natural,R10,91004,middle,1,0.13841712913502274,0.016709335035614004
w128_k8192_natural,R10,91005,near,4095,0.2921878938062855,0.08497819752216842
w128_k8192_natural,R10,91005,middle,1,0.15043035653530393,0.019505573455696812
w128_k8192_natural,R10,91006,near,4095,0.2934447154655246,0.08531846215894201
w128_k8192_natural,R10,91006,middle,1,0.19097762511581376,0.030223449426362237
w128_k8192_natural,R11,91001,near,4095,0.2924180040340824,0.08502314435780761
w128_k8192_natural,R11,91001,middle,1,0.18435047556438935,0.02834364786917143
w128_k8192_natural,R11,91002,near,4095,0.2918821591332303,0.0849054519242957
w128_k8192_natural,R11,91002,middle,1,0.15755308926687622,0.02124846670488645
w128_k8192_natural,R11,91003,near,4095,0.2931217910083647,0.08515014036635819
w128_k8192_natural,R11,91003,middle,1,0.15287044684749265,0.020095641745601966
w128_k8192_natural,R11,91004,near,4095,0.2932681870952684,0.08542429277913158
w128_k8192_natural,R11,91004,middle,1,0.1417930127662695,0.01747661219447938
w128_k8192_natural,R11,91005,near,4095,0.2920942917808056,0.08495715885954847
w128_k8192_natural,R11,91005,middle,1,0.15066495059204915,0.019561983703036967
w128_k8192_natural,R11,91006,near,4095,0.29364828593580294,0.0853756346761498
w128_k8192_natural,R11,91006,middle,1,0.19527938168683512,0.03146905512709797
w128_k12288_natural,R00,91001,near,4096,0.2707608869984466,0.07773967657000488
w128_k12288_natural,R00,91002,near,4096,0.26888816810205424,0.0771487024439434
w128_k12288_natural,R00,91003,near,4096,0.27250732384339504,0.07828310822033645
w128_k12288_natural,R00,91004,near,4096,0.27131490539954795,0.07801032750077175
w128_k12288_natural,R00,91005,near,4096,0.27003055051764513,0.07759286243930133
w128_k12288_natural,R00,91006,near,4096,0.27102886050657093,0.07792121746875938
w128_k12288_natural,R10,91001,near,4096,0.27108154732091505,0.07780172220820711
w128_k12288_natural,R10,91002,near,4096,0.26892300402472263,0.07715551211541868
w128_k12288_natural,R10,91003,near,4096,0.27221098625671913,0.07806380363837037
w128_k12288_natural,R10,91004,near,4096,0.2715653359979917,0.0781842255380191
w128_k12288_natural,R10,91005,near,4096,0.2702421189259768,0.0776471046116032
w128_k12288_natural,R10,91006,near,4096,0.2714010223281548,0.07801760756968626
w128_k12288_natural,R11,91001,near,4096,0.2713994106736237,0.0779064441858989
w128_k12288_natural,R11,91002,near,4096,0.26898080754286813,0.0771864569963179
w128_k12288_natural,R11,91003,near,4096,0.27223849343466877,0.07806641749174184
w128_k12288_natural,R11,91004,near,4096,0.27159685514155957,0.07816159955979468
w128_k12288_natural,R11,91005,near,4096,0.27021463383767386,0.07765543432484334
w128_k12288_natural,R11,91006,near,4096,0.2714512553467294,0.0780254013247502
