seed,arm,geometry,state,variant,ce,brier
91001,A,continuous48,k1_natural,base,0.6411819835556066,0.22444571264497387
91001,A,continuous48,k1_natural,f3_0.9,0.64138143324819,0.22452858061125366
91001,A,continuous48,k1_natural,f3_1.1,0.6410073155907966,0.2243733189724547
91001,A,continuous48,k2_fixed,base,0.6097470829680036,0.2102573411293779
91001,A,continuous48,k2_fixed,f3_0.9,0.6098268733104371,0.21029099287074837
91001,A,continuous48,k2_fixed,f3_1.1,0.6096935869943567,0.21023469370368897
91001,A,continuous48,k2_natural,base,0.6092799575752617,0.2100807649274134
91001,A,continuous48,k2_natural,f3_0.9,0.6093619653113362,0.21011575469662205
91001,A,continuous48,k2_natural,f3_1.1,0.609221951434318,0.21005584060568
91001,A,continuous48,k32_fixed,base,0.47519766328228563,0.15171096764296427
91001,A,continuous48,k32_fixed,f3_0.9,0.475194442659936,0.15170613286915194
91001,A,continuous48,k32_fixed,f3_1.1,0.4752150130494571,0.15172201185281547
91001,A,continuous48,k32_natural,base,0.47395157370655605,0.15122236354603363
91001,A,continuous48,k32_natural,f3_0.9,0.47401612572341834,0.15124986438484855
91001,A,continuous48,k32_natural,f3_1.1,0.4739114707399802,0.15120432626936253
91001,A,continuous48,k8_fixed,base,0.5439099408982043,0.18051137597755773
91001,A,continuous48,k8_fixed,f3_0.9,0.544014020633972,0.1805481872018082
91001,A,continuous48,k8_fixed,f3_1.1,0.5438155582323121,0.1804784262173479
91001,A,continuous48,k8_natural,base,0.5431208643414706,0.18021699021857976
91001,A,continuous48,k8_natural,f3_0.9,0.5432779298558708,0.1802779431889782
91001,A,continuous48,k8_natural,f3_1.1,0.5429787303917433,0.18016200288027745
91001,A,continuous48,rate0.5,base,0.29629114619260344,0.08621620856671623
91001,A,continuous48,rate0.5,f3_0.9,0.2962895138525884,0.08621558034892031
91001,A,continuous48,rate0.5,f3_1.1,0.2962963734769838,0.08621794911724469
91001,A,continuous48,rate0.8,base,0.3463723380273471,0.10309085123871727
91001,A,continuous48,rate0.8,f3_0.9,0.3463739313081587,0.10309169976051871
91001,A,continuous48,rate0.8,f3_1.1,0.34637590823753145,0.10309158218113494
91001,A,continuous48,rate0.95,base,0.41768890131986885,0.1290406432348235
91001,A,continuous48,rate0.95,f3_0.9,0.41772731302933286,0.12905563690033697
91001,A,continuous48,rate0.95,f3_1.1,0.4176606017945071,0.12902952833600087
91001,A,held_gap57_w32,k1_natural,base,0.6605776620883556,0.23389508595944974
91001,A,held_gap57_w32,k1_natural,f3_0.9,0.6607337629802723,0.23396701923493748
91001,A,held_gap57_w32,k1_natural,f3_1.1,0.6604312620477296,0.2338269348316293
91001,A,held_gap57_w32,k2_fixed,base,0.6440325419274757,0.22602545183740505
91001,A,held_gap57_w32,k2_fixed,f3_0.9,0.6442380625391354,0.2261210195736714
91001,A,held_gap57_w32,k2_fixed,f3_1.1,0.6438319207149594,0.2259313789214183
91001,A,held_gap57_w32,k2_natural,base,0.6441910063000076,0.22610785249290313
91001,A,held_gap57_w32,k2_natural,f3_0.9,0.6444404182868061,0.22622414171451782
91001,A,held_gap57_w32,k2_natural,f3_1.1,0.6439388278035819,0.22598917242072472
91001,A,held_gap57_w32,k32_fixed,base,0.5511772129207916,0.1832941794161485
91001,A,held_gap57_w32,k32_fixed,f3_0.9,0.5509207576646524,0.18317768165298293
91001,A,held_gap57_w32,k32_fixed,f3_1.1,0.5517133710269347,0.1835305464947937
91001,A,held_gap57_w32,k32_natural,base,0.5502754231670477,0.182930904294807
91001,A,held_gap57_w32,k32_natural,f3_0.9,0.5501455100391984,0.18287429434816121
91001,A,held_gap57_w32,k32_natural,f3_1.1,0.5506282257824283,0.18308417706107558
91001,A,held_gap57_w32,k8_fixed,base,0.5917919883394694,0.2016999157216573
91001,A,held_gap57_w32,k8_fixed,f3_0.9,0.5920052204543356,0.2018006980337948
91001,A,held_gap57_w32,k8_fixed,f3_1.1,0.5916614365693416,0.20163635182052358
91001,A,held_gap57_w32,k8_natural,base,0.5915882794750101,0.20162617370842253
91001,A,held_gap57_w32,k8_natural,f3_0.9,0.5918285242258162,0.2017380764612899
91001,A,held_gap57_w32,k8_natural,f3_1.1,0.5914240867443786,0.2015479801941224
91001,A,held_gap57_w32,rate0.5,base,0.47723224539557724,0.15177223000520693
91001,A,held_gap57_w32,rate0.5,f3_0.9,0.4772831348717447,0.1517944155202707
91001,A,held_gap57_w32,rate0.5,f3_1.1,0.47745601389944947,0.15186076874661467
91001,A,held_gap57_w32,rate0.8,base,0.5026003952485215,0.16233701980923582
91001,A,held_gap57_w32,rate0.8,f3_0.9,0.5025431604971988,0.16230912019422275
91001,A,held_gap57_w32,rate0.8,f3_1.1,0.5029020154560789,0.16247050698492585
91001,A,held_gap57_w32,rate0.95,base,0.5346802907682507,0.1760547889151476
91001,A,held_gap57_w32,rate0.95,f3_0.9,0.5344316455249194,0.17594321281319353
91001,A,held_gap57_w32,rate0.95,f3_1.1,0.5352205618389062,0.17629548850135648
91001,A,held_s10_w48,k1_natural,base,0.6833805500904993,0.24512874314113672
91001,A,held_s10_w48,k1_natural,f3_0.9,0.6833748402936822,0.2451257913716665
91001,A,held_s10_w48,k1_natural,f3_1.1,0.6834183544423453,0.24514737386246868
91001,A,held_s10_w48,k2_fixed,base,0.6766678978262969,0.24180451867968414
91001,A,held_s10_w48,k2_fixed,f3_0.9,0.6766025825515929,0.24177247242468472
91001,A,held_s10_w48,k2_fixed,f3_1.1,0.6767394457171115,0.24183810548401238
91001,A,held_s10_w48,k2_natural,base,0.6757168290105786,0.24133363251389456
91001,A,held_s10_w48,k2_natural,f3_0.9,0.6756444430629615,0.24129833563593317
91001,A,held_s10_w48,k2_natural,f3_1.1,0.6757962007012185,0.24137041941121015
91001,A,held_s10_w48,k32_fixed,base,0.5854405559164501,0.19843035687248903
91001,A,held_s10_w48,k32_fixed,f3_0.9,0.5845130384751402,0.19805213358580392
91001,A,held_s10_w48,k32_fixed,f3_1.1,0.5859434479406153,0.1986426819797094
91001,A,held_s10_w48,k32_natural,base,0.5840366948699884,0.1979329553914015
91001,A,held_s10_w48,k32_natural,f3_0.9,0.5837912783950554,0.19783673045359662
91001,A,held_s10_w48,k32_natural,f3_1.1,0.584258635085819,0.19802511702693668
91001,A,held_s10_w48,k8_fixed,base,0.6341885942744225,0.22118982906196408
91001,A,held_s10_w48,k8_fixed,f3_0.9,0.6338518404432308,0.2210450977674294
91001,A,held_s10_w48,k8_fixed,f3_1.1,0.6344787460414824,0.22131640591108523
91001,A,held_s10_w48,k8_natural,base,0.6301240281386044,0.21930219752423702
91001,A,held_s10_w48,k8_natural,f3_0.9,0.6301491923271997,0.2193211883390804
91001,A,held_s10_w48,k8_natural,f3_1.1,0.6303711978693373,0.219410928193784
91001,A,held_s10_w48,rate0.5,base,0.5244294214867664,0.17088329848575243
91001,A,held_s10_w48,rate0.5,f3_0.9,0.5198058641409007,0.16890875983092424
91001,A,held_s10_w48,rate0.5,f3_1.1,0.527928243338499,0.17235252866203235
91001,A,held_s10_w48,rate0.8,base,0.5348411362070006,0.17581063041395434
91001,A,held_s10_w48,rate0.8,f3_0.9,0.5325714956207075,0.17483885856958303
91001,A,held_s10_w48,rate0.8,f3_1.1,0.537017907983755,0.17675493604740264
91001,A,held_s10_w48,rate0.95,base,0.5611990437595864,0.18762447562410695
91001,A,held_s10_w48,rate0.95,f3_0.9,0.5601481686471468,0.18715865892019315
91001,A,held_s10_w48,rate0.95,f3_1.1,0.5620610548333675,0.1880014830936918
91001,B,continuous48,k1_natural,base,0.6465456743640686,0.22703984988817114
91001,B,continuous48,k1_natural,f3_0.9,0.6462554337546312,0.2269006257731147
91001,B,continuous48,k1_natural,f3_1.1,0.6468620267347511,0.22719174308982426
91001,B,continuous48,k2_fixed,base,0.6176550992355578,0.21356891666601222
91001,B,continuous48,k2_fixed,f3_0.9,0.6174025743621555,0.21345874876106974
91001,B,continuous48,k2_fixed,f3_1.1,0.6179343466234092,0.21369116636727728
91001,B,continuous48,k2_natural,base,0.6164806568615807,0.21305777142949783
91001,B,continuous48,k2_natural,f3_0.9,0.6162484400250642,0.2129573298868032
91001,B,continuous48,k2_natural,f3_1.1,0.6167380497048126,0.21316951994402386
91001,B,continuous48,k32_fixed,base,0.48250603853385815,0.15454311790524805
91001,B,continuous48,k32_fixed,f3_0.9,0.48247813217113666,0.15453529807495853
91001,B,continuous48,k32_fixed,f3_1.1,0.4825374403586344,0.15455202014313799
91001,B,continuous48,k32_natural,base,0.4779748150271937,0.15268812134673357
91001,B,continuous48,k32_natural,f3_0.9,0.47795603394537123,0.15268247386327394
91001,B,continuous48,k32_natural,f3_1.1,0.4779958641665716,0.15269448994994683
91001,B,continuous48,k8_fixed,base,0.5486799488960099,0.18238263299457133
91001,B,continuous48,k8_fixed,f3_0.9,0.5485719478332832,0.18234178900427786
91001,B,continuous48,k8_fixed,f3_1.1,0.5488000965320863,0.18242823003831782
91001,B,continuous48,k8_natural,base,0.5452299430033,0.18096557154077497
91001,B,continuous48,k8_natural,f3_0.9,0.5451756625826828,0.18094691743170588
91001,B,continuous48,k8_natural,f3_1.1,0.5452921910800419,0.1809872753082835
91001,B,continuous48,rate0.5,base,0.296525963207916,0.08626990446045667
91001,B,continuous48,rate0.5,f3_0.9,0.2965275977501336,0.08627019131844914
91001,B,continuous48,rate0.5,f3_1.1,0.29652427347471944,0.0862696038371269
91001,B,continuous48,rate0.8,base,0.34708788346248376,0.1032502770972873
91001,B,continuous48,rate0.8,f3_0.9,0.3470879508151123,0.10325017135903033
91001,B,continuous48,rate0.8,f3_1.1,0.34708783862056763,0.10325039269000354
91001,B,continuous48,rate0.95,base,0.41972586420253716,0.12967289717342712
91001,B,continuous48,rate0.95,f3_0.9,0.41971038691184914,0.12966859467949193
91001,B,continuous48,rate0.95,f3_1.1,0.4197425291347338,0.1296775237202908
91001,B,held_gap57_w32,k1_natural,base,0.6648679016404871,0.23575688760663327
91001,B,held_gap57_w32,k1_natural,f3_0.9,0.6649693464987771,0.23580148127827077
91001,B,held_gap57_w32,k1_natural,f3_1.1,0.6647581409096466,0.23570860156494303
91001,B,held_gap57_w32,k2_fixed,base,0.6494002633172788,0.22816728871133382
91001,B,held_gap57_w32,k2_fixed,f3_0.9,0.6494508845134835,0.228185563617332
91001,B,held_gap57_w32,k2_fixed,f3_1.1,0.6493455018866089,0.22814753954215888
91001,B,held_gap57_w32,k2_natural,base,0.6494483468400087,0.22814126996063797
91001,B,held_gap57_w32,k2_natural,f3_0.9,0.6494943516131617,0.2281578526268391
91001,B,held_gap57_w32,k2_natural,f3_1.1,0.6493986960083942,0.22812341360416516
91001,B,held_gap57_w32,k32_fixed,base,0.5570699705910551,0.18491361949246082
91001,B,held_gap57_w32,k32_fixed,f3_0.9,0.5570886415678385,0.18491883311214546
91001,B,held_gap57_w32,k32_fixed,f3_1.1,0.5570501307300113,0.184908126432019
91001,B,held_gap57_w32,k32_natural,base,0.5580973511160707,0.1853635160998658
91001,B,held_gap57_w32,k32_natural,f3_0.9,0.5581142311311973,0.1853685150519071
91001,B,held_gap57_w32,k32_natural,f3_1.1,0.5580795750511259,0.18535829535798842
91001,B,held_gap57_w32,k8_fixed,base,0.5954276462996441,0.2028575093981329
91001,B,held_gap57_w32,k8_fixed,f3_0.9,0.5954352078742674,0.2028581171731038
91001,B,held_gap57_w32,k8_fixed,f3_1.1,0.5954200131404899,0.20285713843638964
91001,B,held_gap57_w32,k8_natural,base,0.5958869943271741,0.20305768550726191
91001,B,held_gap57_w32,k8_natural,f3_0.9,0.5958932301767115,0.2030583568865777
91001,B,held_gap57_w32,k8_natural,f3_1.1,0.5958808353495854,0.20305726201970836
91001,B,held_gap57_w32,rate0.5,base,0.4839728574102803,0.15368584859051532
91001,B,held_gap57_w32,rate0.5,f3_0.9,0.48396494857791655,0.15368397432178246
91001,B,held_gap57_w32,rate0.5,f3_1.1,0.48398133928621895,0.15368784172001973
91001,B,held_gap57_w32,rate0.8,base,0.5084714210334179,0.16392866355870958
91001,B,held_gap57_w32,rate0.8,f3_0.9,0.5084693285364654,0.16392871353957492
91001,B,held_gap57_w32,rate0.8,f3_1.1,0.5084737120097458,0.16392862327251093
91001,B,held_gap57_w32,rate0.95,base,0.5429015420629922,0.17833425089268395
91001,B,held_gap57_w32,rate0.95,f3_0.9,0.5429172932021911,0.1783388136294873
91001,B,held_gap57_w32,rate0.95,f3_1.1,0.5428845683348094,0.1783293190599534
91001,B,held_s10_w48,k1_natural,base,0.6645863393889172,0.23585415596334522
91001,B,held_s10_w48,k1_natural,f3_0.9,0.664466716817784,0.23579613133791974
91001,B,held_s10_w48,k1_natural,f3_1.1,0.6647200731980223,0.23591907422368014
91001,B,held_s10_w48,k2_fixed,base,0.6559744062503212,0.231771915046423
91001,B,held_s10_w48,k2_fixed,f3_0.9,0.6559720092958526,0.23177014218659608
91001,B,held_s10_w48,k2_fixed,f3_1.1,0.655983004037652,0.2317765586338537
91001,B,held_s10_w48,k2_natural,base,0.6560126390947989,0.23178337280739947
91001,B,held_s10_w48,k2_natural,f3_0.9,0.6560265324786421,0.2317887506688637
91001,B,held_s10_w48,k2_natural,f3_1.1,0.6560035305224926,0.23178021055659526
91001,B,held_s10_w48,k32_fixed,base,0.5890741041728598,0.19923037674270294
91001,B,held_s10_w48,k32_fixed,f3_0.9,0.5891140549776059,0.1992404049685508
91001,B,held_s10_w48,k32_fixed,f3_1.1,0.5890315813370014,0.1992198008803436
91001,B,held_s10_w48,k32_natural,base,0.5905191347128496,0.19971005369899517
91001,B,held_s10_w48,k32_natural,f3_0.9,0.5905507881272423,0.19971848297098274
91001,B,held_s10_w48,k32_natural,f3_1.1,0.5904855802317189,0.1997012221296678
91001,B,held_s10_w48,k8_fixed,base,0.6163189783374758,0.21276749359188982
91001,B,held_s10_w48,k8_fixed,f3_0.9,0.6163391133123238,0.21277068726560702
91001,B,held_s10_w48,k8_fixed,f3_1.1,0.6162985753844595,0.21276451238799807
91001,B,held_s10_w48,k8_natural,base,0.617151440049091,0.2130067669037791
91001,B,held_s10_w48,k8_natural,f3_0.9,0.6171897472386351,0.2130168519246009
91001,B,held_s10_w48,k8_natural,f3_1.1,0.6171104137070695,0.21299594326036722
91001,B,held_s10_w48,rate0.5,base,0.5192304656981385,0.16786485183968708
91001,B,held_s10_w48,rate0.5,f3_0.9,0.5191996638505634,0.16785757134399212
91001,B,held_s10_w48,rate0.5,f3_1.1,0.5192635178931825,0.16787270006565896
91001,B,held_s10_w48,rate0.8,base,0.5341268001508231,0.17483984839322037
91001,B,held_s10_w48,rate0.8,f3_0.9,0.5341100184389673,0.1748362660258869
91001,B,held_s10_w48,rate0.8,f3_1.1,0.534144887994538,0.17484375374264996
91001,B,held_s10_w48,rate0.95,base,0.5673373078353887,0.1891147004422969
91001,B,held_s10_w48,rate0.95,f3_0.9,0.56735910791361,0.18912224618180104
91001,B,held_s10_w48,rate0.95,f3_1.1,0.5673145877807813,0.18910685372288258
91001,C,continuous48,k1_natural,base,0.6382061599985811,0.22318477059035946
91001,C,continuous48,k1_natural,f3_0.9,0.6380791110189176,0.22312230072275335
91001,C,continuous48,k1_natural,f3_1.1,0.6383632149469121,0.22326135326779728
91001,C,continuous48,k2_fixed,base,0.6083357636772829,0.20970700747158408
91001,C,continuous48,k2_fixed,f3_0.9,0.6083316330105036,0.20970642934009814
91001,C,continuous48,k2_fixed,f3_1.1,0.6083783682466312,0.20972352570201916
91001,C,continuous48,k2_natural,base,0.6083262938180161,0.20970332582739704
91001,C,continuous48,k2_natural,f3_0.9,0.6083276790853744,0.2097038807801561
91001,C,continuous48,k2_natural,f3_1.1,0.6083567228415191,0.2097158324714725
91001,C,continuous48,k32_fixed,base,0.47529128246113567,0.15180918053723313
91001,C,continuous48,k32_fixed,f3_0.9,0.4753685290582848,0.1518446087055958
91001,C,continuous48,k32_fixed,f3_1.1,0.4752319441194849,0.1517800644194732
91001,C,continuous48,k32_natural,base,0.47498212325426725,0.15168239136651568
91001,C,continuous48,k32_natural,f3_0.9,0.4750705437921915,0.1517219750801831
91001,C,continuous48,k32_natural,f3_1.1,0.4749127443116185,0.1516490325855082
91001,C,continuous48,k8_fixed,base,0.5433311710091582,0.1803692192278328
91001,C,continuous48,k8_fixed,f3_0.9,0.543298833062892,0.1803447962499613
91001,C,continuous48,k8_fixed,f3_1.1,0.5433610802490244,0.18039300295729047
91001,C,continuous48,k8_natural,base,0.5432495834711552,0.18035828678846874
91001,C,continuous48,k8_natural,f3_0.9,0.5431748811692183,0.18031808611091607
91001,C,continuous48,k8_natural,f3_1.1,0.5433338153354959,0.18040237431202572
91001,C,continuous48,rate0.5,base,0.2962937331636117,0.08621482858191767
91001,C,continuous48,rate0.5,f3_0.9,0.2962989858849764,0.08621632037024896
91001,C,continuous48,rate0.5,f3_1.1,0.2962917760573819,0.08621448022620437
91001,C,continuous48,rate0.8,base,0.3463828901660877,0.10310311487543088
91001,C,continuous48,rate0.8,f3_0.9,0.346384124717432,0.1031033477051929
91001,C,continuous48,rate0.8,f3_1.1,0.3463871153085577,0.10310462680124537
91001,C,continuous48,rate0.95,base,0.41826103348608235,0.12929155060069586
91001,C,continuous48,rate0.95,f3_0.9,0.41830666189825194,0.12930921026703382
91001,C,continuous48,rate0.95,f3_1.1,0.41822621667666354,0.12927800620941604
91001,C,held_gap57_w32,k1_natural,base,0.6631970363295364,0.23492976705844315
91001,C,held_gap57_w32,k1_natural,f3_0.9,0.6636798270810181,0.2351330301685766
91001,C,held_gap57_w32,k1_natural,f3_1.1,0.6628163539184408,0.23477047621818523
91001,C,held_gap57_w32,k2_fixed,base,0.6458080185099265,0.22668770124882137
91001,C,held_gap57_w32,k2_fixed,f3_0.9,0.6461023075016442,0.22679542185938317
91001,C,held_gap57_w32,k2_fixed,f3_1.1,0.6455837248688532,0.22660550728173492
91001,C,held_gap57_w32,k2_natural,base,0.6453721109089744,0.22651090984219452
91001,C,held_gap57_w32,k2_natural,f3_0.9,0.645637574919148,0.22660837590218827
91001,C,held_gap57_w32,k2_natural,f3_1.1,0.6451694537882644,0.2264366339914506
91001,C,held_gap57_w32,k32_fixed,base,0.5529752999271894,0.1839372150122244
91001,C,held_gap57_w32,k32_fixed,f3_0.9,0.5537069932963974,0.18421494532264876
91001,C,held_gap57_w32,k32_fixed,f3_1.1,0.5526310074133048,0.1838154026938953
91001,C,held_gap57_w32,k32_natural,base,0.5521199004558027,0.1835785722519442
91001,C,held_gap57_w32,k32_natural,f3_0.9,0.5522724627286602,0.18361414603277423
91001,C,held_gap57_w32,k32_natural,f3_1.1,0.5520375926904937,0.18356616938594783
91001,C,held_gap57_w32,k8_fixed,base,0.5919276335469434,0.2016694608773479
91001,C,held_gap57_w32,k8_fixed,f3_0.9,0.5918640042677538,0.2016180481173355
91001,C,held_gap57_w32,k8_fixed,f3_1.1,0.5919914232975986,0.2017142715172652
91001,C,held_gap57_w32,k8_natural,base,0.5917920667922874,0.20164213617348226
91001,C,held_gap57_w32,k8_natural,f3_0.9,0.5917601753842856,0.20160935327182117
91001,C,held_gap57_w32,k8_natural,f3_1.1,0.5918251436709847,0.20166942290011777
91001,C,held_gap57_w32,rate0.5,base,0.48739057657509105,0.15482743008586786
91001,C,held_gap57_w32,rate0.5,f3_0.9,0.4874436522502546,0.15483275978194683
91001,C,held_gap57_w32,rate0.5,f3_1.1,0.48748036754596796,0.15487922151552053
91001,C,held_gap57_w32,rate0.8,base,0.5080827669501988,0.16403252069117075
91001,C,held_gap57_w32,rate0.8,f3_0.9,0.5082399637298277,0.16407389861240024
91001,C,held_gap57_w32,rate0.8,f3_1.1,0.5081088185023322,0.1640653922552784
91001,C,held_gap57_w32,rate0.95,base,0.5369560623675551,0.1767763606366015
91001,C,held_gap57_w32,rate0.95,f3_0.9,0.5372114109293442,0.17685756595826616
91001,C,held_gap57_w32,rate0.95,f3_1.1,0.5368384211470677,0.1767500804442592
91001,C,held_s10_w48,k1_natural,base,0.6748911549020705,0.24090550865076396
91001,C,held_s10_w48,k1_natural,f3_0.9,0.6744676269078619,0.24069738822497475
91001,C,held_s10_w48,k1_natural,f3_1.1,0.675201675633451,0.2410575822498087
91001,C,held_s10_w48,k2_fixed,base,0.6602789496259648,0.23380394642211563
91001,C,held_s10_w48,k2_fixed,f3_0.9,0.6600734915013131,0.23370460267666204
91001,C,held_s10_w48,k2_fixed,f3_1.1,0.6603789345883379,0.23385103532434548
91001,C,held_s10_w48,k2_natural,base,0.6597110753789311,0.23352410355257905
91001,C,held_s10_w48,k2_natural,f3_0.9,0.6595490341216883,0.23344476931563424
91001,C,held_s10_w48,k2_natural,f3_1.1,0.6597790625013333,0.23355662123516138
91001,C,held_s10_w48,k32_fixed,base,0.5858649480293261,0.198295458642353
91001,C,held_s10_w48,k32_fixed,f3_0.9,0.586042298449971,0.19834231483548934
91001,C,held_s10_w48,k32_fixed,f3_1.1,0.5857948409012496,0.19827957354169948
91001,C,held_s10_w48,k32_natural,base,0.5844430141732984,0.19783035502808075
91001,C,held_s10_w48,k32_natural,f3_0.9,0.5846769481163205,0.1979138788272313
91001,C,held_s10_w48,k32_natural,f3_1.1,0.5842985605777005,0.197776887001659
91001,C,held_s10_w48,k8_fixed,base,0.6169722372101437,0.21314122597333188
91001,C,held_s10_w48,k8_fixed,f3_0.9,0.6172121432365651,0.2132373981788855
91001,C,held_s10_w48,k8_fixed,f3_1.1,0.6167646805785543,0.21305243296367976
91001,C,held_s10_w48,k8_natural,base,0.6159439211961862,0.2126766046149373
91001,C,held_s10_w48,k8_natural,f3_0.9,0.6161856165756158,0.21277634014334035
91001,C,held_s10_w48,k8_natural,f3_1.1,0.6157403535271663,0.2125888290259589
91001,C,held_s10_w48,rate0.5,base,0.5279865715414357,0.17047041093272622
91001,C,held_s10_w48,rate0.5,f3_0.9,0.5276983246660938,0.17034979134392553
91001,C,held_s10_w48,rate0.5,f3_1.1,0.5283827631246134,0.17064310029860175
91001,C,held_s10_w48,rate0.8,base,0.5390664199621699,0.17648826950134547
91001,C,held_s10_w48,rate0.8,f3_0.9,0.5388006351732245,0.1763615733695722
91001,C,held_s10_w48,rate0.8,f3_1.1,0.5394583007958953,0.17667373904364986
91001,C,held_s10_w48,rate0.95,base,0.5643244396481577,0.18837392722900978
91001,C,held_s10_w48,rate0.95,f3_0.9,0.5642436790073981,0.18831210054701777
91001,C,held_s10_w48,rate0.95,f3_1.1,0.5645154383610712,0.18847727134979114
91002,A,continuous48,k1_natural,base,0.6388895845710519,0.22345086621331828
91002,A,continuous48,k1_natural,f3_0.9,0.6390571460463912,0.22352334750604774
91002,A,continuous48,k1_natural,f3_1.1,0.6387304348080702,0.223381951729309
91002,A,continuous48,k2_fixed,base,0.6076270337968144,0.2093671902950621
91002,A,continuous48,k2_fixed,f3_0.9,0.607564832367949,0.2093388882729079
91002,A,continuous48,k2_fixed,f3_1.1,0.6077033344115186,0.20940100638612455
91002,A,continuous48,k2_natural,base,0.607615290986844,0.2093636382704313
91002,A,continuous48,k2_natural,f3_0.9,0.6075542458890854,0.2093353216831157
91002,A,continuous48,k2_natural,f3_1.1,0.6076901499276802,0.20939730289582714
91002,A,continuous48,k32_fixed,base,0.47416272216166466,0.151324394429731
91002,A,continuous48,k32_fixed,f3_0.9,0.4742320175411639,0.1513514272865118
91002,A,continuous48,k32_fixed,f3_1.1,0.47411914099880914,0.1513071888154524
91002,A,continuous48,k32_natural,base,0.4741819518950279,0.15136434339446445
91002,A,continuous48,k32_natural,f3_0.9,0.47421570426690607,0.1513740197988025
91002,A,continuous48,k32_natural,f3_1.1,0.4741744635269244,0.15136457819519455
91002,A,continuous48,k8_fixed,base,0.5407683747216181,0.17920245392707707
91002,A,continuous48,k8_fixed,f3_0.9,0.5407925493948753,0.17920687494468854
91002,A,continuous48,k8_fixed,f3_1.1,0.5407766843278072,0.17921059709087198
91002,A,continuous48,k8_natural,base,0.5409699501689211,0.1793028583974982
91002,A,continuous48,k8_natural,f3_0.9,0.5409993978703357,0.17930569770720273
91002,A,continuous48,k8_natural,f3_1.1,0.5409663327034003,0.1793093589968746
91002,A,continuous48,rate0.5,base,0.2964048902234105,0.08624797980878347
91002,A,continuous48,rate0.5,f3_0.9,0.2964113553592941,0.08624995823449429
91002,A,continuous48,rate0.5,f3_1.1,0.296399818628877,0.08624637710818506
91002,A,continuous48,rate0.8,base,0.3464003981881281,0.10310941148089635
91002,A,continuous48,rate0.8,f3_0.9,0.3464144064917914,0.10311331694188709
91002,A,continuous48,rate0.8,f3_1.1,0.34639058115675453,0.10310671705493832
91002,A,continuous48,rate0.95,base,0.4180506413947746,0.12918914327714914
91002,A,continuous48,rate0.95,f3_0.9,0.41810930146763947,0.12921130086553345
91002,A,continuous48,rate0.95,f3_1.1,0.41799961275237296,0.12916968399163414
91002,A,held_gap57_w32,k1_natural,base,0.6624902687409067,0.23472578963473587
91002,A,held_gap57_w32,k1_natural,f3_0.9,0.6625269430549448,0.23473672722277725
91002,A,held_gap57_w32,k1_natural,f3_1.1,0.6625536806520061,0.23475787963342087
91002,A,held_gap57_w32,k2_fixed,base,0.6440609755934324,0.22603764086808886
91002,A,held_gap57_w32,k2_fixed,f3_0.9,0.6440802307394701,0.22604031884038986
91002,A,held_gap57_w32,k2_fixed,f3_1.1,0.644084383609496,0.22605290527973187
91002,A,held_gap57_w32,k2_natural,base,0.6439634282733894,0.22599926806117152
91002,A,held_gap57_w32,k2_natural,f3_0.9,0.6439966025873979,0.226009240121511
91002,A,held_gap57_w32,k2_natural,f3_1.1,0.6439764348100777,0.22600906202495033
91002,A,held_gap57_w32,k32_fixed,base,0.5508475752849764,0.18315182819333167
91002,A,held_gap57_w32,k32_fixed,f3_0.9,0.550387937020975,0.18293143714786242
91002,A,held_gap57_w32,k32_fixed,f3_1.1,0.5516893233710896,0.18353295361102645
91002,A,held_gap57_w32,k32_natural,base,0.5505338254787208,0.18304336347176103
91002,A,held_gap57_w32,k32_natural,f3_0.9,0.5500867931874248,0.18283102458488887
91002,A,held_gap57_w32,k32_natural,f3_1.1,0.5513380606080778,0.1834112625528405
91002,A,held_gap57_w32,k8_fixed,base,0.5917961058307325,0.20169441903346227
91002,A,held_gap57_w32,k8_fixed,f3_0.9,0.5918091667273244,0.201701732409078
91002,A,held_gap57_w32,k8_fixed,f3_1.1,0.5918804630302977,0.20173268279719875
91002,A,held_gap57_w32,k8_natural,base,0.5913774790788893,0.2014892591957008
91002,A,held_gap57_w32,k8_natural,f3_0.9,0.5914404980330533,0.20152352733620113
91002,A,held_gap57_w32,k8_natural,f3_1.1,0.5914342632080893,0.20151184614176587
91002,A,held_gap57_w32,rate0.5,base,0.47732213982689725,0.15174811386228446
91002,A,held_gap57_w32,rate0.5,f3_0.9,0.47714388712953226,0.15165910246726558
91002,A,held_gap57_w32,rate0.5,f3_1.1,0.47765743952510176,0.15188948904689595
91002,A,held_gap57_w32,rate0.8,base,0.5027430154948399,0.162383755540723
91002,A,held_gap57_w32,rate0.8,f3_0.9,0.5025056998848583,0.16227309161067563
91002,A,held_gap57_w32,rate0.8,f3_1.1,0.503281821963197,0.162622267011699
91002,A,held_gap57_w32,rate0.95,base,0.5359939370937525,0.17665572829110054
91002,A,held_gap57_w32,rate0.95,f3_0.9,0.5355545627643822,0.17645603578331986
91002,A,held_gap57_w32,rate0.95,f3_1.1,0.536807534333529,0.17701732972909842
91002,A,held_s10_w48,k1_natural,base,0.6737200438237659,0.24035558813214167
91002,A,held_s10_w48,k1_natural,f3_0.9,0.6737115534879266,0.2403522011244995
91002,A,held_s10_w48,k1_natural,f3_1.1,0.6737731853125536,0.2403810551784954
91002,A,held_s10_w48,k2_fixed,base,0.663887583788962,0.23558440149821472
91002,A,held_s10_w48,k2_fixed,f3_0.9,0.6638778326996019,0.23558172891147466
91002,A,held_s10_w48,k2_fixed,f3_1.1,0.6639509771318541,0.2356142126111776
91002,A,held_s10_w48,k2_natural,base,0.6638478710177864,0.23556661083922714
91002,A,held_s10_w48,k2_natural,f3_0.9,0.6638388610248654,0.23556439066771995
91002,A,held_s10_w48,k2_natural,f3_1.1,0.6639118861565305,0.2355966675634114
91002,A,held_s10_w48,k32_fixed,base,0.5853767264479168,0.1985219430876428
91002,A,held_s10_w48,k32_fixed,f3_0.9,0.5847157679019036,0.19824721752071522
91002,A,held_s10_w48,k32_fixed,f3_1.1,0.585817132338811,0.19871552398424586
91002,A,held_s10_w48,k32_natural,base,0.5844936708731798,0.1981343845187549
91002,A,held_s10_w48,k32_natural,f3_0.9,0.5839911788050686,0.19792288427329216
91002,A,held_s10_w48,k32_natural,f3_1.1,0.5848890031022702,0.19830893610286202
91002,A,held_s10_w48,k8_fixed,base,0.6219714640862666,0.21552204648677128
91002,A,held_s10_w48,k8_fixed,f3_0.9,0.6218339938646756,0.2154686951813282
91002,A,held_s10_w48,k8_fixed,f3_1.1,0.622084606623265,0.21556788456893822
91002,A,held_s10_w48,k8_natural,base,0.6214086663869659,0.21526669493478484
91002,A,held_s10_w48,k8_natural,f3_0.9,0.6212497451287807,0.2152045948197351
91002,A,held_s10_w48,k8_natural,f3_1.1,0.6215032852248916,0.21530354867092824
91002,A,held_s10_w48,rate0.5,base,0.5292374116412683,0.17247484053395787
91002,A,held_s10_w48,rate0.5,f3_0.9,0.5246943793616975,0.17045527432567675
91002,A,held_s10_w48,rate0.5,f3_1.1,0.5331070421289773,0.17412445488167702
91002,A,held_s10_w48,rate0.8,base,0.5394000990839453,0.17768559211537682
91002,A,held_s10_w48,rate0.8,f3_0.9,0.5368651255900754,0.17655700914823813
91002,A,held_s10_w48,rate0.8,f3_1.1,0.5417644863448033,0.17872280725369577
91002,A,held_s10_w48,rate0.95,base,0.5640734208337368,0.18887627695666234
91002,A,held_s10_w48,rate0.95,f3_0.9,0.562398590132647,0.18811573636192275
91002,A,held_s10_w48,rate0.95,f3_1.1,0.5653638508446635,0.18944835081149863
91002,B,continuous48,k1_natural,base,0.6383936777202577,0.22324858661306596
91002,B,continuous48,k1_natural,f3_0.9,0.6382937393913195,0.22320343449901717
91002,B,continuous48,k1_natural,f3_1.1,0.6385157751161448,0.22330406417233173
91002,B,continuous48,k2_fixed,base,0.6098628977826179,0.2102402648041529
91002,B,continuous48,k2_fixed,f3_0.9,0.6097079784233174,0.21017777139336516
91002,B,continuous48,k2_fixed,f3_1.1,0.6100396195037355,0.21031202826195847
91002,B,continuous48,k2_natural,base,0.6098171018214573,0.2102248199858663
91002,B,continuous48,k2_natural,f3_0.9,0.6096703851023598,0.21016580091551568
91002,B,continuous48,k2_natural,f3_1.1,0.6099846368063093,0.2102926709199652
91002,B,continuous48,k32_fixed,base,0.47777713077137757,0.15266528235509857
91002,B,continuous48,k32_fixed,f3_0.9,0.4777513559507875,0.15265618345096557
91002,B,continuous48,k32_fixed,f3_1.1,0.47780712480048887,0.15267595235001274
91002,B,continuous48,k32_natural,base,0.47676937307870937,0.15229696767624837
91002,B,continuous48,k32_natural,f3_0.9,0.47675128203227357,0.15229081734207467
91002,B,continuous48,k32_natural,f3_1.1,0.4767909988775262,0.15230438578804284
91002,B,continuous48,k8_fixed,base,0.5423292452046808,0.17973724363680205
91002,B,continuous48,k8_fixed,f3_0.9,0.5422863836761619,0.1797236652255687
91002,B,continuous48,k8_fixed,f3_1.1,0.5423827290851397,0.17975514130067677
91002,B,continuous48,k8_natural,base,0.5421122473012893,0.17965420550579314
91002,B,continuous48,k8_natural,f3_0.9,0.5420745719372982,0.17964236512080517
91002,B,continuous48,k8_natural,f3_1.1,0.5421591637730048,0.1796698003848473
91002,B,continuous48,rate0.5,base,0.2966491638154933,0.0863197959452719
91002,B,continuous48,rate0.5,f3_0.9,0.2966528850950354,0.08632047237775016
91002,B,continuous48,rate0.5,f3_1.1,0.29664555464111314,0.08631913861562569
91002,B,continuous48,rate0.8,base,0.3472145716741836,0.1033061549819015
91002,B,continuous48,rate0.8,f3_0.9,0.34723290427283926,0.10331033977230732
91002,B,continuous48,rate0.8,f3_1.1,0.3471962236195482,0.10330198338905777
91002,B,continuous48,rate0.95,base,0.41985958135599577,0.12975945104819434
91002,B,continuous48,rate0.95,f3_0.9,0.41985342691655714,0.12975715153744632
91002,B,continuous48,rate0.95,f3_1.1,0.4198687511201303,0.12976277480809917
91002,B,held_gap57_w32,k1_natural,base,0.6713163663272445,0.23850624883014754
91002,B,held_gap57_w32,k1_natural,f3_0.9,0.6714703524790903,0.23857289936747117
91002,B,held_gap57_w32,k1_natural,f3_1.1,0.6711481205685738,0.23843337250493812
91002,B,held_gap57_w32,k2_fixed,base,0.6513650312983986,0.22882076878737015
91002,B,held_gap57_w32,k2_fixed,f3_0.9,0.6514018832307713,0.22883255023461518
91002,B,held_gap57_w32,k2_fixed,f3_1.1,0.651324508397497,0.22880774245388527
91002,B,held_gap57_w32,k2_natural,base,0.6511555999975223,0.22874153549656226
91002,B,held_gap57_w32,k2_natural,f3_0.9,0.651195524732753,0.2287544790857863
91002,B,held_gap57_w32,k2_natural,f3_1.1,0.6511117317166355,0.2287272351866022
91002,B,held_gap57_w32,k32_fixed,base,0.5577714368490794,0.18526833982867294
91002,B,held_gap57_w32,k32_fixed,f3_0.9,0.557769079581221,0.18526776780535648
91002,B,held_gap57_w32,k32_fixed,f3_1.1,0.5577726033560544,0.18526860716996993
91002,B,held_gap57_w32,k32_natural,base,0.55690857901586,0.18491835549744426
91002,B,held_gap57_w32,k32_natural,f3_0.9,0.5569094661132828,0.18491917152002596
91002,B,held_gap57_w32,k32_natural,f3_1.1,0.5569052314892955,0.18491680272332714
91002,B,held_gap57_w32,k8_fixed,base,0.5969530668676882,0.20351394227909533
91002,B,held_gap57_w32,k8_fixed,f3_0.9,0.5969501411108309,0.20351128557235648
91002,B,held_gap57_w32,k8_fixed,f3_1.1,0.5969555781090135,0.2035166780767513
91002,B,held_gap57_w32,k8_natural,base,0.5972432845837675,0.20360169519347043
91002,B,held_gap57_w32,k8_natural,f3_0.9,0.5972383866650942,0.20359779694505617
91002,B,held_gap57_w32,k8_natural,f3_1.1,0.5972478859989863,0.20360576400533015
91002,B,held_gap57_w32,rate0.5,base,0.4850361006382632,0.15405094851926227
91002,B,held_gap57_w32,rate0.5,f3_0.9,0.4850260321980365,0.1540487499165786
91002,B,held_gap57_w32,rate0.5,f3_1.1,0.4850471622186952,0.1540533453453284
91002,B,held_gap57_w32,rate0.8,base,0.5091352445468385,0.1641436718771954
91002,B,held_gap57_w32,rate0.8,f3_0.9,0.5091133536159682,0.16413912374068337
91002,B,held_gap57_w32,rate0.8,f3_1.1,0.5091581260057657,0.16414838858425584
91002,B,held_gap57_w32,rate0.95,base,0.5421536489341043,0.17816551349239906
91002,B,held_gap57_w32,rate0.95,f3_0.9,0.5421461261119347,0.1781642566440977
91002,B,held_gap57_w32,rate0.95,f3_1.1,0.5421588236582754,0.17816605149742526
91002,B,held_s10_w48,k1_natural,base,0.6651853346656331,0.2360590459149634
91002,B,held_s10_w48,k1_natural,f3_0.9,0.6653410356678666,0.2361292356355561
91002,B,held_s10_w48,k1_natural,f3_1.1,0.6650334737235853,0.2359907059828106
91002,B,held_s10_w48,k2_fixed,base,0.6605683757962006,0.23376321973564726
91002,B,held_s10_w48,k2_fixed,f3_0.9,0.6607596231810657,0.2338429079915299
91002,B,held_s10_w48,k2_fixed,f3_1.1,0.6603708180977194,0.23368077329868775
91002,B,held_s10_w48,k2_natural,base,0.6606642682510561,0.2338026206789328
91002,B,held_s10_w48,k2_natural,f3_0.9,0.6608536836700293,0.23388137975922382
91002,B,held_s10_w48,k2_natural,f3_1.1,0.6604683806310857,0.23372103870730904
91002,B,held_s10_w48,k32_fixed,base,0.5920776876102366,0.2002230749537481
91002,B,held_s10_w48,k32_fixed,f3_0.9,0.5921179676237781,0.2002353138660769
91002,B,held_s10_w48,k32_fixed,f3_1.1,0.5920337378977554,0.20020966513751642
91002,B,held_s10_w48,k32_natural,base,0.5923603031568873,0.200356730893831
91002,B,held_s10_w48,k32_natural,f3_0.9,0.5923895800487954,0.20036466626625996
91002,B,held_s10_w48,k32_natural,f3_1.1,0.5923269161456715,0.20034752384773527
91002,B,held_s10_w48,k8_fixed,base,0.6227400295411433,0.21527891880018657
91002,B,held_s10_w48,k8_fixed,f3_0.9,0.6228009227758721,0.2152922549431758
91002,B,held_s10_w48,k8_fixed,f3_1.1,0.6226721277841206,0.21526343133680506
91002,B,held_s10_w48,k8_natural,base,0.6224141297359844,0.21514931810838675
91002,B,held_s10_w48,k8_natural,f3_0.9,0.6224789028280378,0.21516506897648485
91002,B,held_s10_w48,k8_natural,f3_1.1,0.6223428286090344,0.21513154665216605
91002,B,held_s10_w48,rate0.5,base,0.5220296568027278,0.16867553504852434
91002,B,held_s10_w48,rate0.5,f3_0.9,0.5219981895418637,0.1686685319479866
91002,B,held_s10_w48,rate0.5,f3_1.1,0.5220641918105509,0.16868328510668365
91002,B,held_s10_w48,rate0.8,base,0.535780099582817,0.17529418335106514
91002,B,held_s10_w48,rate0.8,f3_0.9,0.5357649932414326,0.17529200333511818
91002,B,held_s10_w48,rate0.8,f3_1.1,0.5357970958174848,0.17529677523362197
91002,B,held_s10_w48,rate0.95,base,0.5662924485119916,0.1886681661461415
91002,B,held_s10_w48,rate0.95,f3_0.9,0.5662846456066806,0.18866882014882858
91002,B,held_s10_w48,rate0.95,f3_1.1,0.5663007128161689,0.18866746644989255
91002,C,continuous48,k1_natural,base,0.6383747835324347,0.22321615485979948
91002,C,continuous48,k1_natural,f3_0.9,0.6384686939862683,0.22325588328170365
91002,C,continuous48,k1_natural,f3_1.1,0.6382916383200069,0.22318071010634452
91002,C,continuous48,k2_fixed,base,0.6086423393964768,0.20979133561348884
91002,C,continuous48,k2_fixed,f3_0.9,0.6085232487613874,0.20974589165342325
91002,C,continuous48,k2_fixed,f3_1.1,0.6087655124425545,0.20983659265485843
91002,C,continuous48,k2_natural,base,0.6086607087382526,0.2098026291380468
91002,C,continuous48,k2_natural,f3_0.9,0.6085370605487536,0.2097545148972437
91002,C,continuous48,k2_natural,f3_1.1,0.6087864895100181,0.20984967640623786
91002,C,continuous48,k32_fixed,base,0.47593863662455876,0.152070932296711
91002,C,continuous48,k32_fixed,f3_0.9,0.4759801925231524,0.15208831829275696
91002,C,continuous48,k32_fixed,f3_1.1,0.47591111614775355,0.15205924119440056
91002,C,continuous48,k32_natural,base,0.47503422822850633,0.1517216628922153
91002,C,continuous48,k32_natural,f3_0.9,0.4751067992255989,0.15175166583454744
91002,C,continuous48,k32_natural,f3_1.1,0.4749813905448855,0.15169954223537177
91002,C,continuous48,k8_fixed,base,0.5415403699685165,0.17952517387453196
91002,C,continuous48,k8_fixed,f3_0.9,0.5416228747525631,0.1795607164390134
91002,C,continuous48,k8_fixed,f3_1.1,0.5414341780432489,0.17947332247704612
91002,C,continuous48,k8_natural,base,0.5412038182072837,0.17937120353248942
91002,C,continuous48,k8_natural,f3_0.9,0.5412536924004159,0.1793897143363158
91002,C,continuous48,k8_natural,f3_1.1,0.5411346433493469,0.17933886903880472
91002,C,continuous48,rate0.5,base,0.29651682683899544,0.08628745706571637
91002,C,continuous48,rate0.5,f3_0.9,0.29651782645911945,0.08628825419755658
91002,C,continuous48,rate0.5,f3_1.1,0.2965196338988844,0.08628787530174288
91002,C,continuous48,rate0.8,base,0.34662211663648296,0.10319193052431545
91002,C,continuous48,rate0.8,f3_0.9,0.34663023501485324,0.10319479975812079
91002,C,continuous48,rate0.8,f3_1.1,0.34661858386895605,0.10319055727606509
91002,C,continuous48,rate0.95,base,0.41836545419619975,0.12933718419619214
91002,C,continuous48,rate0.95,f3_0.9,0.41844716412090843,0.12937170996881803
91002,C,continuous48,rate0.95,f3_1.1,0.4182929366741005,0.1293059243035851
91002,C,held_gap57_w32,k1_natural,base,0.6653440520489259,0.2359259888876496
91002,C,held_gap57_w32,k1_natural,f3_0.9,0.6659334570688347,0.23617672439459103
91002,C,held_gap57_w32,k1_natural,f3_1.1,0.6648621392277456,0.235722319900353
91002,C,held_gap57_w32,k2_fixed,base,0.6451422875933054,0.22639123341889308
91002,C,held_gap57_w32,k2_fixed,f3_0.9,0.6454814084796431,0.2265296788913145
91002,C,held_gap57_w32,k2_fixed,f3_1.1,0.6448453821949085,0.2262705972934803
91002,C,held_gap57_w32,k2_natural,base,0.6449190803050098,0.22629735956747904
91002,C,held_gap57_w32,k2_natural,f3_0.9,0.6452922347336266,0.22644862346696215
91002,C,held_gap57_w32,k2_natural,f3_1.1,0.6445935417258505,0.22616592563151955
91002,C,held_gap57_w32,k32_fixed,base,0.5525297012930469,0.18369857621135904
91002,C,held_gap57_w32,k32_fixed,f3_0.9,0.5527867985821603,0.183781915071569
91002,C,held_gap57_w32,k32_fixed,f3_1.1,0.5524782770058514,0.18369769185772292
91002,C,held_gap57_w32,k32_natural,base,0.5521797278443381,0.18355005205703076
91002,C,held_gap57_w32,k32_natural,f3_0.9,0.5522510957381747,0.1835499733677592
91002,C,held_gap57_w32,k32_natural,f3_1.1,0.552236861331336,0.18360025737593602
91002,C,held_gap57_w32,k8_fixed,base,0.5918219609830657,0.2016655663346386
91002,C,held_gap57_w32,k8_fixed,f3_0.9,0.5916968422972155,0.20159271754528538
91002,C,held_gap57_w32,k8_fixed,f3_1.1,0.5919789428342742,0.201749898171986
91002,C,held_gap57_w32,k8_natural,base,0.5919752506229459,0.2017064940732411
91002,C,held_gap57_w32,k8_natural,f3_0.9,0.5919556701451966,0.2016736660059838
91002,C,held_gap57_w32,k8_natural,f3_1.1,0.5920463863354405,0.20175745419358976
91002,C,held_gap57_w32,rate0.5,base,0.4873609005168649,0.15484296226995012
91002,C,held_gap57_w32,rate0.5,f3_0.9,0.48752747248056283,0.15489103079310482
91002,C,held_gap57_w32,rate0.5,f3_1.1,0.48729762188108666,0.1548384240680466
91002,C,held_gap57_w32,rate0.8,base,0.5083361539447735,0.164130110706675
91002,C,held_gap57_w32,rate0.8,f3_0.9,0.5084540201864722,0.1641636478298157
91002,C,held_gap57_w32,rate0.8,f3_1.1,0.5083394815081556,0.16414862091184748
91002,C,held_gap57_w32,rate0.95,base,0.537407895182109,0.17695274541394712
91002,C,held_gap57_w32,rate0.95,f3_0.9,0.5375944918507489,0.17701090948175557
91002,C,held_gap57_w32,rate0.95,f3_1.1,0.5373711172043838,0.17695663033418788
91002,C,held_s10_w48,k1_natural,base,0.6642846223727136,0.2356844989719529
91002,C,held_s10_w48,k1_natural,f3_0.9,0.6644017806095736,0.23573725650948693
91002,C,held_s10_w48,k1_natural,f3_1.1,0.6641839776961259,0.23563929342767884
91002,C,held_s10_w48,k2_fixed,base,0.6578587514549035,0.23269698113598392
91002,C,held_s10_w48,k2_fixed,f3_0.9,0.6580803598510615,0.23279690937053654
91002,C,held_s10_w48,k2_fixed,f3_1.1,0.657670718452295,0.23261218589119512
91002,C,held_s10_w48,k2_natural,base,0.6580247205552241,0.23277126050875557
91002,C,held_s10_w48,k2_natural,f3_0.9,0.6582634277145205,0.232878269667062
91002,C,held_s10_w48,k2_natural,f3_1.1,0.6578195534280318,0.23267919694014064
91002,C,held_s10_w48,k32_fixed,base,0.584388289095566,0.19775003630275728
91002,C,held_s10_w48,k32_fixed,f3_0.9,0.58454386003251,0.19780153283319063
91002,C,held_s10_w48,k32_fixed,f3_1.1,0.5843538837109408,0.1977483868511787
91002,C,held_s10_w48,k32_natural,base,0.5848927338678364,0.19794467818791744
91002,C,held_s10_w48,k32_natural,f3_0.9,0.5850064095581355,0.19797136714869318
91002,C,held_s10_w48,k32_natural,f3_1.1,0.5848595062788569,0.19794941286220807
91002,C,held_s10_w48,k8_fixed,base,0.6168808657780127,0.21320982299167357
91002,C,held_s10_w48,k8_fixed,f3_0.9,0.6171995866634294,0.21335199960585224
91002,C,held_s10_w48,k8_fixed,f3_1.1,0.6165703712898376,0.21306669087280322
91002,C,held_s10_w48,k8_natural,base,0.6169115397189217,0.21318992923456437
91002,C,held_s10_w48,k8_natural,f3_0.9,0.6172601845811784,0.21334177896193443
91002,C,held_s10_w48,k8_natural,f3_1.1,0.6165713498834414,0.21303635135009288
91002,C,held_s10_w48,rate0.5,base,0.5281717997357316,0.17067730129868822
91002,C,held_s10_w48,rate0.5,f3_0.9,0.5279909791051405,0.17060031959986152
91002,C,held_s10_w48,rate0.5,f3_1.1,0.5285256358862577,0.170829276793446
91002,C,held_s10_w48,rate0.8,base,0.5386810060160384,0.1764238436634292
91002,C,held_s10_w48,rate0.8,f3_0.9,0.5384069365473213,0.17629638824814123
91002,C,held_s10_w48,rate0.8,f3_1.1,0.5390761775853179,0.1766063168565612
91002,C,held_s10_w48,rate0.95,base,0.5641528140436226,0.18832825465803288
91002,C,held_s10_w48,rate0.95,f3_0.9,0.5638854528963888,0.18818519685940932
91002,C,held_s10_w48,rate0.95,f3_1.1,0.5645129057242749,0.18850495923176008
91003,A,continuous48,k1_natural,base,0.6446382198232778,0.22591688314462965
91003,A,continuous48,k1_natural,f3_0.9,0.6450454363904615,0.22607975681906703
91003,A,continuous48,k1_natural,f3_1.1,0.6442652133366891,0.22576808190082012
91003,A,continuous48,k2_fixed,base,0.6128691227857918,0.21178259117127723
91003,A,continuous48,k2_fixed,f3_0.9,0.6130608456667254,0.21185809253505006
91003,A,continuous48,k2_fixed,f3_1.1,0.6126976574552085,0.2117140007365395
91003,A,continuous48,k2_natural,base,0.6126652132591417,0.21169228433680276
91003,A,continuous48,k2_natural,f3_0.9,0.6128666901476623,0.21177230652104598
91003,A,continuous48,k2_natural,f3_1.1,0.6124840130949941,0.2116191204660937
91003,A,continuous48,k32_fixed,base,0.47500794349704056,0.1516567282025325
91003,A,continuous48,k32_fixed,f3_0.9,0.4751004966903138,0.1516866507940888
91003,A,continuous48,k32_fixed,f3_1.1,0.4749388010134425,0.15163548176579955
91003,A,continuous48,k32_natural,base,0.47454672305257223,0.15152787165592116
91003,A,continuous48,k32_natural,f3_0.9,0.47463684704216913,0.15156161103434315
91003,A,continuous48,k32_natural,f3_1.1,0.47447878146383055,0.15150212133588756
91003,A,continuous48,k8_fixed,base,0.5439794027499131,0.18049703037755194
91003,A,continuous48,k8_fixed,f3_0.9,0.544263611705509,0.1805978867095908
91003,A,continuous48,k8_fixed,f3_1.1,0.543732264919659,0.1804107860509825
91003,A,continuous48,k8_natural,base,0.543271406873623,0.1802597104850632
91003,A,continuous48,k8_natural,f3_0.9,0.5435371080285866,0.1803564252691177
91003,A,continuous48,k8_natural,f3_1.1,0.5430341439789697,0.18017363567230976
91003,A,continuous48,rate0.5,base,0.2964259446916555,0.08626004061319575
91003,A,continuous48,rate0.5,f3_0.9,0.2964303169468929,0.08626179916480446
91003,A,continuous48,rate0.5,f3_1.1,0.2964366476941044,0.08626254229650726
91003,A,continuous48,rate0.8,base,0.3464195802397233,0.10310391496244074
91003,A,continuous48,rate0.8,f3_0.9,0.34641973383494495,0.10310496945988225
91003,A,continuous48,rate0.8,f3_1.1,0.3464348463927329,0.10310743918472336
91003,A,continuous48,rate0.95,base,0.4177013879330906,0.1290548028782729
91003,A,continuous48,rate0.95,f3_0.9,0.41778277288565063,0.12908410719003807
91003,A,continuous48,rate0.95,f3_1.1,0.4176335198094505,0.12903043736724032
91003,A,held_gap57_w32,k1_natural,base,0.6627215183302425,0.2348398695393131
91003,A,held_gap57_w32,k1_natural,f3_0.9,0.663183861985439,0.2350424367999588
91003,A,held_gap57_w32,k1_natural,f3_1.1,0.6623867011991748,0.234692007311844
91003,A,held_gap57_w32,k2_fixed,base,0.6463394260341804,0.22711917742606083
91003,A,held_gap57_w32,k2_fixed,f3_0.9,0.6468344139429391,0.2273469688084982
91003,A,held_gap57_w32,k2_fixed,f3_1.1,0.6458931150213713,0.22690849857809606
91003,A,held_gap57_w32,k2_natural,base,0.6457795859659886,0.2268660933217352
91003,A,held_gap57_w32,k2_natural,f3_0.9,0.6462417148186428,0.22708043584596238
91003,A,held_gap57_w32,k2_natural,f3_1.1,0.6453702805430763,0.2266716802867352
91003,A,held_gap57_w32,k32_fixed,base,0.551503272301083,0.18344769846226988
91003,A,held_gap57_w32,k32_fixed,f3_0.9,0.5513079174544852,0.18335065177316096
91003,A,held_gap57_w32,k32_fixed,f3_1.1,0.5521533366063011,0.18374311318040154
91003,A,held_gap57_w32,k32_natural,base,0.5501823667951817,0.1828895055290109
91003,A,held_gap57_w32,k32_natural,f3_0.9,0.5500323120199866,0.18281625137341662
91003,A,held_gap57_w32,k32_natural,f3_1.1,0.5508680683310636,0.18319979532637043
91003,A,held_gap57_w32,k8_fixed,base,0.5922427758549891,0.20189069522167055
91003,A,held_gap57_w32,k8_fixed,f3_0.9,0.5925706814263961,0.2020327546476836
91003,A,held_gap57_w32,k8_fixed,f3_1.1,0.5920642491517718,0.20181385208882646
91003,A,held_gap57_w32,k8_natural,base,0.5919886628639455,0.20178058954660846
91003,A,held_gap57_w32,k8_natural,f3_0.9,0.5922404495355195,0.201894857060061
91003,A,held_gap57_w32,k8_natural,f3_1.1,0.5918619685414835,0.2017227453614818
91003,A,held_gap57_w32,rate0.5,base,0.4775551954795684,0.15189211362374602
91003,A,held_gap57_w32,rate0.5,f3_0.9,0.4774609489616179,0.15185123181777807
91003,A,held_gap57_w32,rate0.5,f3_1.1,0.47783501140800605,0.1520010827045168
91003,A,held_gap57_w32,rate0.8,base,0.5032240215942013,0.1626096605493657
91003,A,held_gap57_w32,rate0.8,f3_0.9,0.5031528375463764,0.16257933371833297
91003,A,held_gap57_w32,rate0.8,f3_1.1,0.5037174409172149,0.16282367642237422
91003,A,held_gap57_w32,rate0.95,base,0.5350879381398113,0.17625613613895114
91003,A,held_gap57_w32,rate0.95,f3_0.9,0.5348287658556665,0.17613586298020728
91003,A,held_gap57_w32,rate0.95,f3_1.1,0.5359845260625179,0.17665832432485656
91003,A,held_s10_w48,k1_natural,base,0.6866795141245868,0.2467717801158054
91003,A,held_s10_w48,k1_natural,f3_0.9,0.686690884228353,0.2467778060257361
91003,A,held_s10_w48,k1_natural,f3_1.1,0.6866847742702923,0.2467742277319539
91003,A,held_s10_w48,k2_fixed,base,0.6766711840574717,0.24181886493376545
91003,A,held_s10_w48,k2_fixed,f3_0.9,0.6766704071442667,0.24181918024687446
91003,A,held_s10_w48,k2_fixed,f3_1.1,0.6767115117938751,0.2418376231857462
91003,A,held_s10_w48,k2_natural,base,0.6761567599505638,0.24156501796818142
91003,A,held_s10_w48,k2_natural,f3_0.9,0.6761534703199155,0.2415641220056182
91003,A,held_s10_w48,k2_natural,f3_1.1,0.6762017012912968,0.24158604033579797
91003,A,held_s10_w48,k32_fixed,base,0.5885544528470135,0.19985830544020727
91003,A,held_s10_w48,k32_fixed,f3_0.9,0.5876411887722719,0.19946991284878446
91003,A,held_s10_w48,k32_fixed,f3_1.1,0.5891466383223258,0.2001080055693699
91003,A,held_s10_w48,k32_natural,base,0.586400308203095,0.19895655072481125
91003,A,held_s10_w48,k32_natural,f3_0.9,0.5858450389831259,0.1987250711758918
91003,A,held_s10_w48,k32_natural,f3_1.1,0.5868606653680628,0.19915189083813464
91003,A,held_s10_w48,k8_fixed,base,0.626714261638948,0.2176409760625204
91003,A,held_s10_w48,k8_fixed,f3_0.9,0.6268464183244545,0.2177124945940692
91003,A,held_s10_w48,k8_fixed,f3_1.1,0.6270393271241754,0.21777492419498162
91003,A,held_s10_w48,k8_natural,base,0.6260779791807188,0.21733486400536617
91003,A,held_s10_w48,k8_natural,f3_0.9,0.6259132534741416,0.21726430957826776
91003,A,held_s10_w48,k8_natural,f3_1.1,0.6263548496404285,0.21745453079267016
91003,A,held_s10_w48,rate0.5,base,0.5310132848075529,0.17338510055578252
91003,A,held_s10_w48,rate0.5,f3_0.9,0.5254862386033915,0.17103198688674867
91003,A,held_s10_w48,rate0.5,f3_1.1,0.5350507686293017,0.17510402471025027
91003,A,held_s10_w48,rate0.8,base,0.5415970005273578,0.178679794899426
91003,A,held_s10_w48,rate0.8,f3_0.9,0.5379815646462344,0.17711973034567152
91003,A,held_s10_w48,rate0.8,f3_1.1,0.5446052214787738,0.17998393366691232
91003,A,held_s10_w48,rate0.95,base,0.564905970327585,0.18931841383272374
91003,A,held_s10_w48,rate0.95,f3_0.9,0.5629802763183233,0.18845005717078045
91003,A,held_s10_w48,rate0.95,f3_1.1,0.5664047678168587,0.189977594008432
91003,B,continuous48,k1_natural,base,0.6437566932266836,0.22573354117425748
91003,B,continuous48,k1_natural,f3_0.9,0.6434387356238024,0.2255821567639082
91003,B,continuous48,k1_natural,f3_1.1,0.6441096015733098,0.22590176163074474
91003,B,continuous48,k2_fixed,base,0.6135561891216561,0.21187613397385718
91003,B,continuous48,k2_fixed,f3_0.9,0.6133513350076613,0.21178994186577374
91003,B,continuous48,k2_fixed,f3_1.1,0.6137856371525248,0.21197296247893663
91003,B,continuous48,k2_natural,base,0.613195938663113,0.21172298067147113
91003,B,continuous48,k2_natural,f3_0.9,0.6130029961426076,0.2116420738987649
91003,B,continuous48,k2_natural,f3_1.1,0.6134121866418943,0.2118139139650711
91003,B,continuous48,k32_fixed,base,0.47963443176873694,0.15342428202239355
91003,B,continuous48,k32_fixed,f3_0.9,0.47964691850336627,0.15343230584499062
91003,B,continuous48,k32_fixed,f3_1.1,0.4796232507766572,0.15341655172446308
91003,B,continuous48,k32_natural,base,0.47756953007653885,0.15258520058955605
91003,B,continuous48,k32_natural,f3_0.9,0.47757065925856096,0.1525879776234341
91003,B,continuous48,k32_natural,f3_1.1,0.4775703655542938,0.15258302063400306
91003,B,continuous48,k8_fixed,base,0.5450270708889959,0.18098027486595916
91003,B,continuous48,k8_fixed,f3_0.9,0.544983848718579,0.18096541957485368
91003,B,continuous48,k8_fixed,f3_1.1,0.545076048749255,0.18099717400750426
91003,B,continuous48,k8_natural,base,0.5446419817579206,0.18083154340901067
91003,B,continuous48,k8_natural,f3_0.9,0.5446020526431872,0.18081689034839074
91003,B,continuous48,k8_natural,f3_1.1,0.5446869565607915,0.180848012829705
91003,B,continuous48,rate0.5,base,0.2966924764046024,0.08632304899159206
91003,B,continuous48,rate0.5,f3_0.9,0.29669740096878056,0.08632410840627366
91003,B,continuous48,rate0.5,f3_1.1,0.2966876261660259,0.08632199092101132
91003,B,continuous48,rate0.8,base,0.3472097908350286,0.10328050356176499
91003,B,continuous48,rate0.8,f3_0.9,0.34722410495343087,0.1032833851126309
91003,B,continuous48,rate0.8,f3_1.1,0.34719522375112494,0.10327754450244532
91003,B,continuous48,rate0.95,base,0.41990600453275323,0.1297580031639604
91003,B,continuous48,rate0.95,f3_0.9,0.41990996274615294,0.12975873554107686
91003,B,continuous48,rate0.95,f3_1.1,0.41990244211503175,0.12975744294497685
91003,B,held_gap57_w32,k1_natural,base,0.676123759237957,0.24048630894414788
91003,B,held_gap57_w32,k1_natural,f3_0.9,0.6763588726100563,0.24058414720344395
91003,B,held_gap57_w32,k1_natural,f3_1.1,0.6758684200999426,0.24037993363305818
91003,B,held_gap57_w32,k2_fixed,base,0.6555897714522706,0.23068303656833578
91003,B,held_gap57_w32,k2_fixed,f3_0.9,0.6556371067031064,0.23069665351418792
91003,B,held_gap57_w32,k2_fixed,f3_1.1,0.6555374292233319,0.2306677756384205
91003,B,held_gap57_w32,k2_natural,base,0.6558527486038047,0.23079203199536544
91003,B,held_gap57_w32,k2_natural,f3_0.9,0.6558982293000378,0.23080477102701982
91003,B,held_gap57_w32,k2_natural,f3_1.1,0.6558024482893323,0.23077773923369674
91003,B,held_gap57_w32,k32_fixed,base,0.5544183526544254,0.18414557657718733
91003,B,held_gap57_w32,k32_fixed,f3_0.9,0.5544168808201506,0.18414546326118836
91003,B,held_gap57_w32,k32_fixed,f3_1.1,0.5544200206300469,0.18414575932210647
91003,B,held_gap57_w32,k32_natural,base,0.5577857949719389,0.18519121501936356
91003,B,held_gap57_w32,k32_natural,f3_0.9,0.5577824164662302,0.18518923144011756
91003,B,held_gap57_w32,k32_natural,f3_1.1,0.5577894731197227,0.18519339019288594
91003,B,held_gap57_w32,k8_fixed,base,0.5960034600418755,0.20302220681741964
91003,B,held_gap57_w32,k8_fixed,f3_0.9,0.5959803843070511,0.20300926834400057
91003,B,held_gap57_w32,k8_fixed,f3_1.1,0.5960275063588101,0.20303580692058834
91003,B,held_gap57_w32,k8_natural,base,0.5975484450418475,0.20365043552133824
91003,B,held_gap57_w32,k8_natural,f3_0.9,0.597530433949182,0.20363922950586405
91003,B,held_gap57_w32,k8_natural,f3_1.1,0.5975671465501122,0.2036622334809998
91003,B,held_gap57_w32,rate0.5,base,0.4845267053105479,0.15377245037205398
91003,B,held_gap57_w32,rate0.5,f3_0.9,0.4845119662607826,0.1537675256326618
91003,B,held_gap57_w32,rate0.5,f3_1.1,0.48454260801193,0.15377773524230812
91003,B,held_gap57_w32,rate0.8,base,0.5084942416655108,0.16391878906155866
91003,B,held_gap57_w32,rate0.8,f3_0.9,0.5084731807746703,0.16391354620136644
91003,B,held_gap57_w32,rate0.8,f3_1.1,0.5085170243816786,0.1639244481630884
91003,B,held_gap57_w32,rate0.95,base,0.542275179337023,0.17812614734380317
91003,B,held_gap57_w32,rate0.95,f3_0.9,0.5422748038772432,0.17812691579080772
91003,B,held_gap57_w32,rate0.95,f3_1.1,0.5422757339839631,0.1781253903307833
91003,B,held_s10_w48,k1_natural,base,0.6655936889616612,0.23630952028948496
91003,B,held_s10_w48,k1_natural,f3_0.9,0.6655717505629722,0.23629609634227886
91003,B,held_s10_w48,k1_natural,f3_1.1,0.6656324528611038,0.23633110954873238
91003,B,held_s10_w48,k2_fixed,base,0.6578282577363459,0.23251042560840005
91003,B,held_s10_w48,k2_fixed,f3_0.9,0.6579660635758093,0.23256839535291823
91003,B,held_s10_w48,k2_fixed,f3_1.1,0.6576913367126748,0.23245307629813056
91003,B,held_s10_w48,k2_natural,base,0.6580207064061729,0.23258954163588658
91003,B,held_s10_w48,k2_natural,f3_0.9,0.6581683296415299,0.23265154018631168
91003,B,held_s10_w48,k2_natural,f3_1.1,0.6578730117263464,0.23252774419060893
91003,B,held_s10_w48,k32_fixed,base,0.5894321015645231,0.19920360301580492
91003,B,held_s10_w48,k32_fixed,f3_0.9,0.5894453457133743,0.19920522405448313
91003,B,held_s10_w48,k32_fixed,f3_1.1,0.589416962298954,0.1992015831418335
91003,B,held_s10_w48,k32_natural,base,0.5908191016062193,0.19969832661839376
91003,B,held_s10_w48,k32_natural,f3_0.9,0.5908277267219948,0.19969714790851964
91003,B,held_s10_w48,k32_natural,f3_1.1,0.590808926783221,0.19969933324635583
91003,B,held_s10_w48,k8_fixed,base,0.618986442262171,0.21364288844722282
91003,B,held_s10_w48,k8_fixed,f3_0.9,0.6190519688341103,0.21366200784409242
91003,B,held_s10_w48,k8_fixed,f3_1.1,0.6189171269032099,0.21362273120216868
91003,B,held_s10_w48,k8_natural,base,0.620097898057135,0.21407098549561376
91003,B,held_s10_w48,k8_natural,f3_0.9,0.6201546435364358,0.21408534396701592
91003,B,held_s10_w48,k8_natural,f3_1.1,0.6200375321852772,0.2140557496616408
91003,B,held_s10_w48,rate0.5,base,0.5216514387450518,0.16826679174714873
91003,B,held_s10_w48,rate0.5,f3_0.9,0.5216122435568973,0.16825336527400073
91003,B,held_s10_w48,rate0.5,f3_1.1,0.5216923884534453,0.16828087983469756
91003,B,held_s10_w48,rate0.8,base,0.5356913979011515,0.1752210396623546
91003,B,held_s10_w48,rate0.8,f3_0.9,0.5356737207355604,0.17521567019392595
91003,B,held_s10_w48,rate0.8,f3_1.1,0.5357109138840127,0.1752269292312971
91003,B,held_s10_w48,rate0.95,base,0.5663642405899787,0.18870280654115973
91003,B,held_s10_w48,rate0.95,f3_0.9,0.5663330355187032,0.18869554427278928
91003,B,held_s10_w48,rate0.95,f3_1.1,0.5663971156245177,0.18871048943150878
91003,C,continuous48,k1_natural,base,0.6444748611727327,0.2258210656345792
91003,C,continuous48,k1_natural,f3_0.9,0.645145887742025,0.2260962118802269
91003,C,continuous48,k1_natural,f3_1.1,0.6438254835112313,0.22555409913159397
91003,C,continuous48,k2_fixed,base,0.6153417565198213,0.21284807178133233
91003,C,continuous48,k2_fixed,f3_0.9,0.6158982581064422,0.21308673500891825
91003,C,continuous48,k2_fixed,f3_1.1,0.6147928500393666,0.2126123425525984
91003,C,continuous48,k2_natural,base,0.6149040914668661,0.21265179975383552
91003,C,continuous48,k2_natural,f3_0.9,0.6154540236936408,0.21288720009341738
91003,C,continuous48,k2_natural,f3_1.1,0.6143623309118716,0.2124195334293157
91003,C,continuous48,k32_fixed,base,0.47636367569164173,0.15225281684928893
91003,C,continuous48,k32_fixed,f3_0.9,0.4764692084595887,0.1522942834691108
91003,C,continuous48,k32_fixed,f3_1.1,0.4762854256057319,0.15222129141129684
91003,C,continuous48,k32_natural,base,0.4761152894161877,0.15216015385671147
91003,C,continuous48,k32_natural,f3_0.9,0.4762154014585248,0.15220149257998752
91003,C,continuous48,k32_natural,f3_1.1,0.4760419051740614,0.15212859255378366
91003,C,continuous48,k8_fixed,base,0.5457381139762848,0.18133299400777872
91003,C,continuous48,k8_fixed,f3_0.9,0.5460211402704294,0.18143876656521393
91003,C,continuous48,k8_fixed,f3_1.1,0.5454589561103308,0.18122784344924758
91003,C,continuous48,k8_natural,base,0.544549097051946,0.18084430674736696
91003,C,continuous48,k8_natural,f3_0.9,0.5447989707200555,0.18094084391748297
91003,C,continuous48,k8_natural,f3_1.1,0.5443082873827294,0.1807509547146666
91003,C,continuous48,rate0.5,base,0.2966633042985202,0.08631931816764543
91003,C,continuous48,rate0.5,f3_0.9,0.2966686653162842,0.08632072257217431
91003,C,continuous48,rate0.5,f3_1.1,0.2966613581125568,0.08631903620002244
91003,C,continuous48,rate0.8,base,0.34672554133866995,0.1032066792784238
91003,C,continuous48,rate0.8,f3_0.9,0.34673671477949336,0.10321094365626891
91003,C,continuous48,rate0.8,f3_1.1,0.34672006797436883,0.1032042271380773
91003,C,continuous48,rate0.95,base,0.41870690798076626,0.1294483278118887
91003,C,continuous48,rate0.95,f3_0.9,0.41876651937295784,0.12947199852716165
91003,C,continuous48,rate0.95,f3_1.1,0.4186656348087744,0.12943133254400194
91003,C,held_gap57_w32,k1_natural,base,0.6641498098111628,0.23540742631907863
91003,C,held_gap57_w32,k1_natural,f3_0.9,0.6650821549861672,0.23580763823480097
91003,C,held_gap57_w32,k1_natural,f3_1.1,0.663464867012838,0.23511478356563537
91003,C,held_gap57_w32,k2_fixed,base,0.6462976822660689,0.22700142156104797
91003,C,held_gap57_w32,k2_fixed,f3_0.9,0.6469091535484387,0.22725276105488035
91003,C,held_gap57_w32,k2_fixed,f3_1.1,0.6458373463786864,0.2268097042676358
91003,C,held_gap57_w32,k2_natural,base,0.6458687596844525,0.22680140467820414
91003,C,held_gap57_w32,k2_natural,f3_0.9,0.6463901563244285,0.2270128505388441
91003,C,held_gap57_w32,k2_natural,f3_1.1,0.6454694820215313,0.22663629467382906
91003,C,held_gap57_w32,k32_fixed,base,0.551888143287419,0.1834007769703815
91003,C,held_gap57_w32,k32_fixed,f3_0.9,0.552247410833281,0.18352328385010208
91003,C,held_gap57_w32,k32_fixed,f3_1.1,0.551739115691471,0.18336026170678874
91003,C,held_gap57_w32,k32_natural,base,0.5517432259224181,0.18337941318455503
91003,C,held_gap57_w32,k32_natural,f3_0.9,0.5517887939703207,0.18337429563671065
91003,C,held_gap57_w32,k32_natural,f3_1.1,0.5518182410004354,0.18343237983030383
91003,C,held_gap57_w32,k8_fixed,base,0.5919481305291009,0.20168021691598517
91003,C,held_gap57_w32,k8_fixed,f3_0.9,0.591927736656612,0.2016343809416074
91003,C,held_gap57_w32,k8_fixed,f3_1.1,0.5920617599083471,0.2017595336535624
91003,C,held_gap57_w32,k8_natural,base,0.591379529742602,0.20143017735149635
91003,C,held_gap57_w32,k8_natural,f3_0.9,0.5913795495432069,0.20139602652838354
91003,C,held_gap57_w32,k8_natural,f3_1.1,0.5914895928731372,0.20150570747217786
91003,C,held_gap57_w32,rate0.5,base,0.4871840676810988,0.1548059887325993
91003,C,held_gap57_w32,rate0.5,f3_0.9,0.487350563796309,0.15486386609999306
91003,C,held_gap57_w32,rate0.5,f3_1.1,0.4871808757107324,0.15480939286733983
91003,C,held_gap57_w32,rate0.8,base,0.5082096079829179,0.1640827577197033
91003,C,held_gap57_w32,rate0.8,f3_0.9,0.5082338102348329,0.16409260984855495
91003,C,held_gap57_w32,rate0.8,f3_1.1,0.508343943229778,0.16413882201703464
91003,C,held_gap57_w32,rate0.95,base,0.5369483541715931,0.1767536866176444
91003,C,held_gap57_w32,rate0.95,f3_0.9,0.5371099632936166,0.1768152032222899
91003,C,held_gap57_w32,rate0.95,f3_1.1,0.5369380125135648,0.17675853123399793
91003,C,held_s10_w48,k1_natural,base,0.6703765310696033,0.23864663474439718
91003,C,held_s10_w48,k1_natural,f3_0.9,0.6704148599472385,0.238654535891312
91003,C,held_s10_w48,k1_natural,f3_1.1,0.6704170860276502,0.2386738658769176
91003,C,held_s10_w48,k2_fixed,base,0.6576359050935547,0.23250054420309657
91003,C,held_s10_w48,k2_fixed,f3_0.9,0.6579314311690955,0.23262000150255846
91003,C,held_s10_w48,k2_fixed,f3_1.1,0.6574657036275914,0.2324337691863383
91003,C,held_s10_w48,k2_natural,base,0.6572828925207685,0.2323356077006488
91003,C,held_s10_w48,k2_natural,f3_0.9,0.657573369038471,0.2324528483036418
91003,C,held_s10_w48,k2_natural,f3_1.1,0.6571133521860869,0.23226914815727026
91003,C,held_s10_w48,k32_fixed,base,0.5862510043744845,0.19841884749631816
91003,C,held_s10_w48,k32_fixed,f3_0.9,0.5865573252499426,0.1985097126863339
91003,C,held_s10_w48,k32_fixed,f3_1.1,0.5862154264579901,0.19842646391619337
91003,C,held_s10_w48,k32_natural,base,0.5854040560743222,0.19810804191870593
91003,C,held_s10_w48,k32_natural,f3_0.9,0.5857028189953407,0.19819842865591752
91003,C,held_s10_w48,k32_natural,f3_1.1,0.585362178909646,0.1981127743285047
91003,C,held_s10_w48,k8_fixed,base,0.6167271726713681,0.2129324706437979
91003,C,held_s10_w48,k8_fixed,f3_0.9,0.6173478834563819,0.21317892119680532
91003,C,held_s10_w48,k8_fixed,f3_1.1,0.6163303126114803,0.21277441435107025
91003,C,held_s10_w48,k8_natural,base,0.6152185046267,0.21227041452310136
91003,C,held_s10_w48,k8_natural,f3_0.9,0.6157258151967572,0.21247423709814578
91003,C,held_s10_w48,k8_natural,f3_1.1,0.6148871705420941,0.212136862655642
91003,C,held_s10_w48,rate0.5,base,0.5278886064184126,0.17053705931847865
91003,C,held_s10_w48,rate0.5,f3_0.9,0.5277253397608569,0.1704585205244966
91003,C,held_s10_w48,rate0.5,f3_1.1,0.5282418591908172,0.1706914561902381
91003,C,held_s10_w48,rate0.8,base,0.5392228583396362,0.17655986467278706
91003,C,held_s10_w48,rate0.8,f3_0.9,0.5389056040068475,0.17642186265506182
91003,C,held_s10_w48,rate0.8,f3_1.1,0.5396359189213956,0.17674779242164548
91003,C,held_s10_w48,rate0.95,base,0.5639067405101164,0.1882056497943891
91003,C,held_s10_w48,rate0.95,f3_0.9,0.5638805888845048,0.18816771201575364
91003,C,held_s10_w48,rate0.95,f3_1.1,0.5641347530269049,0.1883283707261316
91004,A,continuous48,k1_natural,base,0.6392512260744374,0.22365806496001034
91004,A,continuous48,k1_natural,f3_0.9,0.6391040026160658,0.22358805038513782
91004,A,continuous48,k1_natural,f3_1.1,0.639406069628042,0.22373161802863897
91004,A,continuous48,k2_fixed,base,0.6097512712001535,0.21028898495775653
91004,A,continuous48,k2_fixed,f3_0.9,0.6095715385879227,0.2102162728436157
91004,A,continuous48,k2_fixed,f3_1.1,0.6099437556109343,0.2103661934092172
91004,A,continuous48,k2_natural,base,0.6096537491945401,0.21024563022652887
91004,A,continuous48,k2_natural,f3_0.9,0.609484378068126,0.21017704745103907
91004,A,continuous48,k2_natural,f3_1.1,0.6098375159609835,0.21031941520580352
91004,A,continuous48,k32_fixed,base,0.4745476543728373,0.15148036297559841
91004,A,continuous48,k32_fixed,f3_0.9,0.47459291971036693,0.15150208872569793
91004,A,continuous48,k32_fixed,f3_1.1,0.4745287376007356,0.15146823572445478
91004,A,continuous48,k32_natural,base,0.47437122290996286,0.15143313389881302
91004,A,continuous48,k32_natural,f3_0.9,0.4744581958447339,0.15147168458875482
91004,A,continuous48,k32_natural,f3_1.1,0.47430963953581984,0.1514039373028993
91004,A,continuous48,k8_fixed,base,0.542199647082422,0.17987576194532373
91004,A,continuous48,k8_fixed,f3_0.9,0.5421998572431828,0.17987225006638433
91004,A,continuous48,k8_fixed,f3_1.1,0.5422265993299524,0.17988965346304958
91004,A,continuous48,k8_natural,base,0.5424334419846909,0.17994998039763926
91004,A,continuous48,k8_natural,f3_0.9,0.5425030322091311,0.17997087502152398
91004,A,continuous48,k8_natural,f3_1.1,0.5423934976228696,0.17994053018230882
91004,A,continuous48,rate0.5,base,0.2964188213465806,0.08625325215624628
91004,A,continuous48,rate0.5,f3_0.9,0.29642478804159156,0.0862554548944086
91004,A,continuous48,rate0.5,f3_1.1,0.296416636479511,0.08625223749694373
91004,A,continuous48,rate0.8,base,0.3464045265221874,0.10310724396699378
91004,A,continuous48,rate0.8,f3_0.9,0.34640355806499834,0.10310701568702779
91004,A,continuous48,rate0.8,f3_1.1,0.3464100154728221,0.10310888745052833
91004,A,continuous48,rate0.95,base,0.4179168204283443,0.1291237177660552
91004,A,continuous48,rate0.95,f3_0.9,0.4179479462100599,0.12913641765402403
91004,A,continuous48,rate0.95,f3_1.1,0.4178927060868433,0.12911397333272426
91004,A,held_gap57_w32,k1_natural,base,0.6597740260839825,0.23352424914269837
91004,A,held_gap57_w32,k1_natural,f3_0.9,0.6596958573634679,0.23348709989804137
91004,A,held_gap57_w32,k1_natural,f3_1.1,0.6598212608383984,0.2335464507671506
91004,A,held_gap57_w32,k2_fixed,base,0.6438058172702037,0.22592854590482217
91004,A,held_gap57_w32,k2_fixed,f3_0.9,0.6435814684903971,0.2258314758432452
91004,A,held_gap57_w32,k2_fixed,f3_1.1,0.6439791988231695,0.22600372027843038
91004,A,held_gap57_w32,k2_natural,base,0.6435248310036854,0.22580134551087463
91004,A,held_gap57_w32,k2_natural,f3_0.9,0.6433251598158937,0.22571546047039004
91004,A,held_gap57_w32,k2_natural,f3_1.1,0.6436901136284542,0.22587279499717325
91004,A,held_gap57_w32,k32_fixed,base,0.550868674675231,0.18318320809789004
91004,A,held_gap57_w32,k32_fixed,f3_0.9,0.550689222057745,0.1830972518666354
91004,A,held_gap57_w32,k32_fixed,f3_1.1,0.5512886053603525,0.18337450831718863
91004,A,held_gap57_w32,k32_natural,base,0.5505766121595277,0.183081514191523
91004,A,held_gap57_w32,k32_natural,f3_0.9,0.5504844556057907,0.18303480753108245
91004,A,held_gap57_w32,k32_natural,f3_1.1,0.5508870803007768,0.18322194132372432
91004,A,held_gap57_w32,k8_fixed,base,0.593850418145802,0.20258327379565644
91004,A,held_gap57_w32,k8_fixed,f3_0.9,0.5936455940645246,0.20250575639297028
91004,A,held_gap57_w32,k8_fixed,f3_1.1,0.5939878157726938,0.20263597151296264
91004,A,held_gap57_w32,k8_natural,base,0.5930512113915207,0.20225341325803545
91004,A,held_gap57_w32,k8_natural,f3_0.9,0.5929817034302349,0.2022325631048594
91004,A,held_gap57_w32,k8_natural,f3_1.1,0.5931331025835347,0.20228304949446038
91004,A,held_gap57_w32,rate0.5,base,0.47748165825723615,0.1517954581136954
91004,A,held_gap57_w32,rate0.5,f3_0.9,0.4776939657475196,0.15187211738330622
91004,A,held_gap57_w32,rate0.5,f3_1.1,0.47753800233983806,0.15181841404029273
91004,A,held_gap57_w32,rate0.8,base,0.5027412968827708,0.16237722951764555
91004,A,held_gap57_w32,rate0.8,f3_0.9,0.5028833959483066,0.16242699811915368
91004,A,held_gap57_w32,rate0.8,f3_1.1,0.50288151136904,0.162441728578588
91004,A,held_gap57_w32,rate0.95,base,0.534708571930471,0.17608267914629544
91004,A,held_gap57_w32,rate0.95,f3_0.9,0.5346083661198221,0.17603128326336356
91004,A,held_gap57_w32,rate0.95,f3_1.1,0.5351261455816069,0.17627275270871323
91004,A,held_s10_w48,k1_natural,base,0.6757507315030724,0.24133114257549643
91004,A,held_s10_w48,k1_natural,f3_0.9,0.6757425833057987,0.24132733853332208
91004,A,held_s10_w48,k1_natural,f3_1.1,0.6758193193193065,0.24136496436608074
91004,A,held_s10_w48,k2_fixed,base,0.6671952948627576,0.23712700082176177
91004,A,held_s10_w48,k2_fixed,f3_0.9,0.667172301942513,0.23711656973925804
91004,A,held_s10_w48,k2_fixed,f3_1.1,0.667280634387261,0.23716824396705682
91004,A,held_s10_w48,k2_natural,base,0.666743805428388,0.23690761123986062
91004,A,held_s10_w48,k2_natural,f3_0.9,0.6667205682486858,0.23689714937743483
91004,A,held_s10_w48,k2_natural,f3_1.1,0.6668295632957961,0.2369489725979907
91004,A,held_s10_w48,k32_fixed,base,0.5935370726129711,0.2020393495237775
91004,A,held_s10_w48,k32_fixed,f3_0.9,0.5930148125248709,0.20180533406733764
91004,A,held_s10_w48,k32_fixed,f3_1.1,0.5941520745122209,0.2023153812043965
91004,A,held_s10_w48,k32_natural,base,0.5895137797617614,0.20027559904808107
91004,A,held_s10_w48,k32_natural,f3_0.9,0.5889103871835306,0.2000120995936263
91004,A,held_s10_w48,k32_natural,f3_1.1,0.5900833728398839,0.20052716295689027
91004,A,held_s10_w48,k8_fixed,base,0.63508330242039,0.22149193924576463
91004,A,held_s10_w48,k8_fixed,f3_0.9,0.6349421569918162,0.22142734148776602
91004,A,held_s10_w48,k8_fixed,f3_1.1,0.6352979834444558,0.22159158014450028
91004,A,held_s10_w48,k8_natural,base,0.6305337640374673,0.21936140442981975
91004,A,held_s10_w48,k8_natural,f3_0.9,0.630365422908799,0.21928545541324063
91004,A,held_s10_w48,k8_natural,f3_1.1,0.6307247388084001,0.21944849601225552
91004,A,held_s10_w48,rate0.5,base,0.529566811763803,0.1728330734904429
91004,A,held_s10_w48,rate0.5,f3_0.9,0.5243044969627946,0.17061675354921593
91004,A,held_s10_w48,rate0.5,f3_1.1,0.5335875061498206,0.17452195714473756
91004,A,held_s10_w48,rate0.8,base,0.5373381271914498,0.17689226226523216
91004,A,held_s10_w48,rate0.8,f3_0.9,0.5346905186730749,0.17577473760845927
91004,A,held_s10_w48,rate0.8,f3_1.1,0.5399306338736093,0.1780113403987649
91004,A,held_s10_w48,rate0.95,base,0.5615612500496605,0.18786115737307
91004,A,held_s10_w48,rate0.95,f3_0.9,0.5602896776687398,0.18729115169276972
91004,A,held_s10_w48,rate0.95,f3_1.1,0.5627356966814262,0.18838433660063078
91004,B,continuous48,k1_natural,base,0.6464225731956398,0.22695565727490122
91004,B,continuous48,k1_natural,f3_0.9,0.6461828099527767,0.2268408025662999
91004,B,continuous48,k1_natural,f3_1.1,0.6466820423955258,0.22708003914018104
91004,B,continuous48,k2_fixed,base,0.6170026006402126,0.2132221429770694
91004,B,continuous48,k2_fixed,f3_0.9,0.6167266010351117,0.21310074052021077
91004,B,continuous48,k2_fixed,f3_1.1,0.6173052192899028,0.21335551516419188
91004,B,continuous48,k2_natural,base,0.616701904268133,0.213092865241758
91004,B,continuous48,k2_natural,f3_0.9,0.616432413986192,0.21297460627432582
91004,B,continuous48,k2_natural,f3_1.1,0.616997570714829,0.2132228666353747
91004,B,continuous48,k32_fixed,base,0.48553847711229225,0.15577574086832666
91004,B,continuous48,k32_fixed,f3_0.9,0.4855295481524026,0.1557737812803525
91004,B,continuous48,k32_fixed,f3_1.1,0.4855503212009149,0.15577859185698956
91004,B,continuous48,k32_natural,base,0.47807357574366505,0.15276666964697272
91004,B,continuous48,k32_natural,f3_0.9,0.4780566781541368,0.15276073959331474
91004,B,continuous48,k32_natural,f3_1.1,0.47809316818674114,0.15277342201087507
91004,B,continuous48,k8_fixed,base,0.5464539716407152,0.18138203084850357
91004,B,continuous48,k8_fixed,f3_0.9,0.5463611020882316,0.18134709576845967
91004,B,continuous48,k8_fixed,f3_1.1,0.5465590134735074,0.18142158625398444
91004,B,continuous48,k8_natural,base,0.545598651432961,0.18113432101963187
91004,B,continuous48,k8_natural,f3_0.9,0.5455098720456764,0.18110018389212224
91004,B,continuous48,k8_natural,f3_1.1,0.5456986218292998,0.1811726843371337
91004,B,continuous48,rate0.5,base,0.2965574124609396,0.08627125696874485
91004,B,continuous48,rate0.5,f3_0.9,0.29655905294239493,0.08627134175127163
91004,B,continuous48,rate0.5,f3_1.1,0.29655569671997406,0.08627115405619755
91004,B,continuous48,rate0.8,base,0.34719470497296256,0.10329299350735777
91004,B,continuous48,rate0.8,f3_0.9,0.34720276384957216,0.10329407465798975
91004,B,continuous48,rate0.8,f3_1.1,0.3471861848935029,0.10329179167332377
91004,B,continuous48,rate0.95,base,0.419718083383356,0.12970580484642882
91004,B,continuous48,rate0.95,f3_0.9,0.4197130513267914,0.12970323726604846
91004,B,continuous48,rate0.95,f3_1.1,0.4197237680659219,0.12970859759499753
91004,B,held_gap57_w32,k1_natural,base,0.665303149384835,0.23596641704757418
91004,B,held_gap57_w32,k1_natural,f3_0.9,0.6654191747306221,0.23601749373790099
91004,B,held_gap57_w32,k1_natural,f3_1.1,0.6651788524035476,0.23591169194745362
91004,B,held_gap57_w32,k2_fixed,base,0.6477272999653715,0.22744335439411756
91004,B,held_gap57_w32,k2_fixed,f3_0.9,0.647782703870817,0.22746341937977413
91004,B,held_gap57_w32,k2_fixed,f3_1.1,0.647667032305038,0.22742148802650844
91004,B,held_gap57_w32,k2_natural,base,0.6480450530226965,0.22757223874856614
91004,B,held_gap57_w32,k2_natural,f3_0.9,0.648101883344603,0.22759288105509548
91004,B,held_gap57_w32,k2_natural,f3_1.1,0.647983184244549,0.22754972032273832
91004,B,held_gap57_w32,k32_fixed,base,0.5598478706706237,0.18630017257003445
91004,B,held_gap57_w32,k32_fixed,f3_0.9,0.5598429188700337,0.1862976406399585
91004,B,held_gap57_w32,k32_fixed,f3_1.1,0.5598537323896008,0.18630324400109102
91004,B,held_gap57_w32,k32_natural,base,0.5566491759393413,0.18480355429839418
91004,B,held_gap57_w32,k32_natural,f3_0.9,0.5566532384986985,0.18480502254131032
91004,B,held_gap57_w32,k32_natural,f3_1.1,0.5566445197224289,0.18480195324815796
91004,B,held_gap57_w32,k8_fixed,base,0.5947121541344846,0.20254240220949524
91004,B,held_gap57_w32,k8_fixed,f3_0.9,0.5947238487289955,0.20254500386880106
91004,B,held_gap57_w32,k8_fixed,f3_1.1,0.5947000384977574,0.2025399431299201
91004,B,held_gap57_w32,k8_natural,base,0.5956200029168177,0.20293253951793586
91004,B,held_gap57_w32,k8_natural,f3_0.9,0.5956341207412491,0.20293568989663005
91004,B,held_gap57_w32,k8_natural,f3_1.1,0.5956048794162851,0.20292929123416015
91004,B,held_gap57_w32,rate0.5,base,0.48504749788702745,0.15395787773154263
91004,B,held_gap57_w32,rate0.5,f3_0.9,0.485033240803941,0.1539539871910056
91004,B,held_gap57_w32,rate0.5,f3_1.1,0.4850626611104809,0.15396198726329863
91004,B,held_gap57_w32,rate0.8,base,0.508800927352366,0.16400917115862423
91004,B,held_gap57_w32,rate0.8,f3_0.9,0.5087827251062756,0.1640055018138134
91004,B,held_gap57_w32,rate0.8,f3_1.1,0.5088202293819932,0.1640130355489769
91004,B,held_gap57_w32,rate0.95,base,0.5424882853720835,0.17818096690605448
91004,B,held_gap57_w32,rate0.95,f3_0.9,0.5424859151963543,0.1781804614009966
91004,B,held_gap57_w32,rate0.95,f3_1.1,0.5424899062745409,0.1781811707141563
91004,B,held_s10_w48,k1_natural,base,0.6648560138722894,0.23598227510260553
91004,B,held_s10_w48,k1_natural,f3_0.9,0.6647688660492699,0.2359399102461949
91004,B,held_s10_w48,k1_natural,f3_1.1,0.6649521175260467,0.23602900397574184
91004,B,held_s10_w48,k2_fixed,base,0.6561486434829391,0.23184836093100403
91004,B,held_s10_w48,k2_fixed,f3_0.9,0.6561355622138912,0.23184111373488786
91004,B,held_s10_w48,k2_fixed,f3_1.1,0.6561687252026374,0.23185888972544338
91004,B,held_s10_w48,k2_natural,base,0.6561667206823024,0.23185441146581187
91004,B,held_s10_w48,k2_natural,f3_0.9,0.6561588564099601,0.23184943703573854
91004,B,held_s10_w48,k2_natural,f3_1.1,0.6561812181951505,0.23186249757729496
91004,B,held_s10_w48,k32_fixed,base,0.5871394486611138,0.19864182896408927
91004,B,held_s10_w48,k32_fixed,f3_0.9,0.5871444520963628,0.198641164512296
91004,B,held_s10_w48,k32_fixed,f3_1.1,0.5871327661293502,0.1986421573294522
91004,B,held_s10_w48,k32_natural,base,0.5894511613203767,0.1992704823209824
91004,B,held_s10_w48,k32_natural,f3_0.9,0.5894649298257468,0.19927455346339396
91004,B,held_s10_w48,k32_natural,f3_1.1,0.589435245777247,0.1992658603722133
91004,B,held_s10_w48,k8_fixed,base,0.6163663309877587,0.21276541066317667
91004,B,held_s10_w48,k8_fixed,f3_0.9,0.6163956454275896,0.21277235101393704
91004,B,held_s10_w48,k8_fixed,f3_1.1,0.6163359122000514,0.21275839189448853
91004,B,held_s10_w48,k8_natural,base,0.6174567377388605,0.21313476409772003
91004,B,held_s10_w48,k8_natural,f3_0.9,0.6174945379715877,0.21314365034469626
91004,B,held_s10_w48,k8_natural,f3_1.1,0.6174172100829157,0.21312565659954183
91004,B,held_s10_w48,rate0.5,base,0.5232097406481898,0.16886760944576693
91004,B,held_s10_w48,rate0.5,f3_0.9,0.5231770836756654,0.16885867517289757
91004,B,held_s10_w48,rate0.5,f3_1.1,0.5232450279454264,0.16887727791068743
91004,B,held_s10_w48,rate0.8,base,0.5360163374985145,0.17537921166903905
91004,B,held_s10_w48,rate0.8,f3_0.9,0.5359900331942753,0.17537323186141215
91004,B,held_s10_w48,rate0.8,f3_1.1,0.5360446374709262,0.17538563287292638
91004,B,held_s10_w48,rate0.95,base,0.5663835874801978,0.1886833943710919
91004,B,held_s10_w48,rate0.95,f3_0.9,0.5663382530920679,0.1886735331247251
91004,B,held_s10_w48,rate0.95,f3_1.1,0.566431055706577,0.18869363543297848
91004,C,continuous48,k1_natural,base,0.6407897743380161,0.22435229352417177
91004,C,continuous48,k1_natural,f3_0.9,0.6407146029537759,0.2243168885763251
91004,C,continuous48,k1_natural,f3_1.1,0.6408828659997178,0.22439585681117713
91004,C,continuous48,k2_fixed,base,0.6122651931795091,0.21127847236049638
91004,C,continuous48,k2_fixed,f3_0.9,0.6121548518663298,0.2112348307079499
91004,C,continuous48,k2_fixed,f3_1.1,0.6124070511342784,0.21133607767064103
91004,C,continuous48,k2_natural,base,0.6121699801164964,0.21123766699198543
91004,C,continuous48,k2_natural,f3_0.9,0.6120624335835696,0.2111951145244965
91004,C,continuous48,k2_natural,f3_1.1,0.6123092273461307,0.21129424183275336
91004,C,continuous48,k32_fixed,base,0.4751499845133036,0.15174731467759744
91004,C,continuous48,k32_fixed,f3_0.9,0.4752023812781501,0.15177267311287632
91004,C,continuous48,k32_fixed,f3_1.1,0.47512934536839274,0.1517331245960081
91004,C,continuous48,k32_natural,base,0.4749783597373651,0.15168945153844907
91004,C,continuous48,k32_natural,f3_0.9,0.47506046553205067,0.15172538667569407
91004,C,continuous48,k32_natural,f3_1.1,0.4749193362449544,0.15166205272791336
91004,C,continuous48,k8_fixed,base,0.5444494885295784,0.18082617682285188
91004,C,continuous48,k8_fixed,f3_0.9,0.5444721667945512,0.1808430988938341
91004,C,continuous48,k8_fixed,f3_1.1,0.5444574274262187,0.18082075803329514
91004,C,continuous48,k8_natural,base,0.5439716561819806,0.1806323496970898
91004,C,continuous48,k8_natural,f3_0.9,0.5440033984999417,0.1806521071988143
91004,C,continuous48,k8_natural,f3_1.1,0.5439727568510472,0.1806252482634985
91004,C,continuous48,rate0.5,base,0.29646389339878526,0.08627065054293215
91004,C,continuous48,rate0.5,f3_0.9,0.29646978677274294,0.08627188491063931
91004,C,continuous48,rate0.5,f3_1.1,0.2964607575063879,0.08627033922385022
91004,C,continuous48,rate0.8,base,0.34640280595081036,0.10310559877042388
91004,C,continuous48,rate0.8,f3_0.9,0.3464055318368819,0.1031061617663138
91004,C,continuous48,rate0.8,f3_1.1,0.34640422642499963,0.10310649717405006
91004,C,continuous48,rate0.95,base,0.41841776651171736,0.12935468183827115
91004,C,continuous48,rate0.95,f3_0.9,0.4184754850816771,0.12937739301295928
91004,C,continuous48,rate0.95,f3_1.1,0.4183690076320069,0.12933537556541894
91004,C,held_gap57_w32,k1_natural,base,0.6613952384719296,0.2342388027638173
91004,C,held_gap57_w32,k1_natural,f3_0.9,0.6615329211351897,0.23429922646301687
91004,C,held_gap57_w32,k1_natural,f3_1.1,0.6613026053277964,0.23419897005984927
91004,C,held_gap57_w32,k2_fixed,base,0.6434938638556537,0.22577155905924437
91004,C,held_gap57_w32,k2_fixed,f3_0.9,0.6435333156023891,0.22578642623498474
91004,C,held_gap57_w32,k2_fixed,f3_1.1,0.643492887561083,0.22577323822897186
91004,C,held_gap57_w32,k2_natural,base,0.6434971976822792,0.2257716421905936
91004,C,held_gap57_w32,k2_natural,f3_0.9,0.6435407679066878,0.2257880483640568
91004,C,held_gap57_w32,k2_natural,f3_1.1,0.6434918324801747,0.22577165493933948
91004,C,held_gap57_w32,k32_fixed,base,0.5528334325552735,0.18383215573093128
91004,C,held_gap57_w32,k32_fixed,f3_0.9,0.5530270819836314,0.18389402557715795
91004,C,held_gap57_w32,k32_fixed,f3_1.1,0.5527713711880302,0.1838245870536307
91004,C,held_gap57_w32,k32_natural,base,0.5526856403939107,0.18379418973575318
91004,C,held_gap57_w32,k32_natural,f3_0.9,0.552769081586039,0.18380437714044287
91004,C,held_gap57_w32,k32_natural,f3_1.1,0.5527049630460543,0.18382522707736285
91004,C,held_gap57_w32,k8_fixed,base,0.5920049915712146,0.20172931402820457
91004,C,held_gap57_w32,k8_fixed,f3_0.9,0.5919176395735429,0.20166884617425118
91004,C,held_gap57_w32,k8_fixed,f3_1.1,0.5920821965145672,0.20178093081202364
91004,C,held_gap57_w32,k8_natural,base,0.5916752318751165,0.20156736054761928
91004,C,held_gap57_w32,k8_natural,f3_0.9,0.5916271216741609,0.20152627728419084
91004,C,held_gap57_w32,k8_natural,f3_1.1,0.5917171441556461,0.20160172936985044
91004,C,held_gap57_w32,rate0.5,base,0.4875025933730919,0.15487152823599523
91004,C,held_gap57_w32,rate0.5,f3_0.9,0.48735101115859175,0.15480876058517287
91004,C,held_gap57_w32,rate0.5,f3_1.1,0.48771632941394505,0.15496242887951592
91004,C,held_gap57_w32,rate0.8,base,0.5084798398243855,0.16419257008990545
91004,C,held_gap57_w32,rate0.8,f3_0.9,0.5084457808018791,0.16417254326465494
91004,C,held_gap57_w32,rate0.8,f3_1.1,0.5086340526593727,0.16426442371250077
91004,C,held_gap57_w32,rate0.95,base,0.5369226674965003,0.17671616082100128
91004,C,held_gap57_w32,rate0.95,f3_0.9,0.5371132020792315,0.17678055781034144
91004,C,held_gap57_w32,rate0.95,f3_1.1,0.536882485152868,0.1767163094306728
91004,C,held_s10_w48,k1_natural,base,0.6668270856441549,0.23692966344795954
91004,C,held_s10_w48,k1_natural,f3_0.9,0.6668714349770624,0.23695144604005025
91004,C,held_s10_w48,k1_natural,f3_1.1,0.6667735193231924,0.2369035530464385
91004,C,held_s10_w48,k2_fixed,base,0.657821326094825,0.23262043898357304
91004,C,held_s10_w48,k2_fixed,f3_0.9,0.6578297265811531,0.23262293159652878
91004,C,held_s10_w48,k2_fixed,f3_1.1,0.6577871325062677,0.23260478936391107
91004,C,held_s10_w48,k2_natural,base,0.6577801825537046,0.23260028751894582
91004,C,held_s10_w48,k2_natural,f3_0.9,0.6577915364107227,0.23260406673226572
91004,C,held_s10_w48,k2_natural,f3_1.1,0.6577442235570345,0.2325839040382635
91004,C,held_s10_w48,k32_fixed,base,0.5847071428927735,0.197941477692929
91004,C,held_s10_w48,k32_fixed,f3_0.9,0.584985858570052,0.198044886970308
91004,C,held_s10_w48,k32_fixed,f3_1.1,0.5845135431449066,0.19786835558640953
91004,C,held_s10_w48,k32_natural,base,0.5844007668940613,0.1977816014709458
91004,C,held_s10_w48,k32_natural,f3_0.9,0.5847294256636137,0.1979015731560783
91004,C,held_s10_w48,k32_natural,f3_1.1,0.5841922829569761,0.19770557733920024
91004,C,held_s10_w48,k8_fixed,base,0.616995398891696,0.21317144574236646
91004,C,held_s10_w48,k8_fixed,f3_0.9,0.6172211654298143,0.2132775387432855
91004,C,held_s10_w48,k8_fixed,f3_1.1,0.6167587460600331,0.2130576085845435
91004,C,held_s10_w48,k8_natural,base,0.6166963775818222,0.2130189624619191
91004,C,held_s10_w48,k8_natural,f3_0.9,0.6169214363925475,0.2131234355231971
91004,C,held_s10_w48,k8_natural,f3_1.1,0.6164860948322403,0.212918812671722
91004,C,held_s10_w48,rate0.5,base,0.5282520882286179,0.1706285342142961
91004,C,held_s10_w48,rate0.5,f3_0.9,0.5277544934369348,0.17043415901233377
91004,C,held_s10_w48,rate0.5,f3_1.1,0.5286956367730284,0.17081902054116802
91004,C,held_s10_w48,rate0.8,base,0.5387213286038136,0.1763482685929474
91004,C,held_s10_w48,rate0.8,f3_0.9,0.5384158116017262,0.17620728686771125
91004,C,held_s10_w48,rate0.8,f3_1.1,0.5390904626889457,0.17652439657678973
91004,C,held_s10_w48,rate0.95,base,0.5639699369703403,0.18819052888127716
91004,C,held_s10_w48,rate0.95,f3_0.9,0.563929441995804,0.18814740932673313
91004,C,held_s10_w48,rate0.95,f3_1.1,0.5641323034394139,0.1882846722252318
91005,A,continuous48,k1_natural,base,0.6384426035284028,0.22326714026337785
91005,A,continuous48,k1_natural,f3_0.9,0.6385107829907918,0.22329350665672834
91005,A,continuous48,k1_natural,f3_1.1,0.6383982846077463,0.2232514124117797
91005,A,continuous48,k2_fixed,base,0.6080476098021715,0.2096180247016618
91005,A,continuous48,k2_fixed,f3_0.9,0.6081039006552507,0.2096449302015541
91005,A,continuous48,k2_fixed,f3_1.1,0.6080224965798856,0.20960339809431874
91005,A,continuous48,k2_natural,base,0.6079580295485786,0.20957887270338552
91005,A,continuous48,k2_natural,f3_0.9,0.6080198569378357,0.20960753654300354
91005,A,continuous48,k2_natural,f3_1.1,0.6079274086896664,0.20956245181511743
91005,A,continuous48,k32_fixed,base,0.47446901453330476,0.1514677349088631
91005,A,continuous48,k32_fixed,f3_0.9,0.47457498479458154,0.15151233216537868
91005,A,continuous48,k32_fixed,f3_1.1,0.4743879606298187,0.1514322293629723
91005,A,continuous48,k32_natural,base,0.4742955791793941,0.15140597691360966
91005,A,continuous48,k32_natural,f3_0.9,0.47439617254950156,0.15144751224698053
91005,A,continuous48,k32_natural,f3_1.1,0.4742199557766062,0.15137367119508038
91005,A,continuous48,k8_fixed,base,0.5425906056949346,0.1800160557443057
91005,A,continuous48,k8_fixed,f3_0.9,0.5427085689018006,0.18005662034149914
91005,A,continuous48,k8_fixed,f3_1.1,0.5424870549486825,0.17997988050560243
91005,A,continuous48,k8_natural,base,0.5424879035343343,0.17995898907992347
91005,A,continuous48,k8_natural,f3_0.9,0.5426434002241592,0.180015100267076
91005,A,continuous48,k8_natural,f3_1.1,0.5423469865998386,0.1799073582466011
91005,A,continuous48,rate0.5,base,0.29638729176459133,0.08624218437957304
91005,A,continuous48,rate0.5,f3_0.9,0.2963927340452978,0.08624421759162626
91005,A,continuous48,rate0.5,f3_1.1,0.2963842838481344,0.08624089021047929
91005,A,continuous48,rate0.8,base,0.3464024958163467,0.10310497145354239
91005,A,continuous48,rate0.8,f3_0.9,0.34641943236221445,0.10311019178580855
91005,A,continuous48,rate0.8,f3_1.1,0.3463902444135212,0.10310124034185345
91005,A,continuous48,rate0.95,base,0.41811829416987195,0.12923972991948476
91005,A,continuous48,rate0.95,f3_0.9,0.4181697517013794,0.12925927641924015
91005,A,continuous48,rate0.95,f3_1.1,0.41807799834461684,0.12922445080003372
91005,A,held_gap57_w32,k1_natural,base,0.6613067414553135,0.23426740433499377
91005,A,held_gap57_w32,k1_natural,f3_0.9,0.6612517503178942,0.23424162907031607
91005,A,held_gap57_w32,k1_natural,f3_1.1,0.6612965033148078,0.23426180531172164
91005,A,held_gap57_w32,k2_fixed,base,0.6465663274957775,0.22731196953252591
91005,A,held_gap57_w32,k2_fixed,f3_0.9,0.64674418420853,0.22739698149501075
91005,A,held_gap57_w32,k2_fixed,f3_1.1,0.6463273773963393,0.22719921265337992
91005,A,held_gap57_w32,k2_natural,base,0.6463154343708207,0.22719344807657826
91005,A,held_gap57_w32,k2_natural,f3_0.9,0.6465010796059171,0.22728203628903787
91005,A,held_gap57_w32,k2_natural,f3_1.1,0.6460662705294844,0.22707566872623325
91005,A,held_gap57_w32,k32_fixed,base,0.5505592036274636,0.18302893896281683
91005,A,held_gap57_w32,k32_fixed,f3_0.9,0.5503552866290268,0.18292167927147823
91005,A,held_gap57_w32,k32_fixed,f3_1.1,0.5511182978930151,0.1832839755757643
91005,A,held_gap57_w32,k32_natural,base,0.550387341122463,0.18297427252714749
91005,A,held_gap57_w32,k32_natural,f3_0.9,0.5501704642884987,0.18286520156333302
91005,A,held_gap57_w32,k32_natural,f3_1.1,0.5509293498412576,0.18322337662914512
91005,A,held_gap57_w32,k8_fixed,base,0.591680640826149,0.20165112282663264
91005,A,held_gap57_w32,k8_fixed,f3_0.9,0.5919405980840373,0.20177235007822497
91005,A,held_gap57_w32,k8_fixed,f3_1.1,0.5914560616232734,0.20154601545314382
91005,A,held_gap57_w32,k8_natural,base,0.5914829223814742,0.2015558014960829
91005,A,held_gap57_w32,k8_natural,f3_0.9,0.5916793435616508,0.20164866541232476
91005,A,held_gap57_w32,k8_natural,f3_1.1,0.5913013337916408,0.20147033814139775
91005,A,held_gap57_w32,rate0.5,base,0.47736090187422403,0.15177716919837048
91005,A,held_gap57_w32,rate0.5,f3_0.9,0.4772109989355151,0.1516954282754761
91005,A,held_gap57_w32,rate0.5,f3_1.1,0.4776890130507619,0.15192045732059084
91005,A,held_gap57_w32,rate0.8,base,0.5029536877081474,0.16249032351302703
91005,A,held_gap57_w32,rate0.8,f3_0.9,0.5027207053718906,0.16237658676824057
91005,A,held_gap57_w32,rate0.8,f3_1.1,0.503550317167261,0.16275466098333097
91005,A,held_gap57_w32,rate0.95,base,0.5355137067343222,0.1764418216388018
91005,A,held_gap57_w32,rate0.95,f3_0.9,0.5352193590278116,0.1763065555154
91005,A,held_gap57_w32,rate0.95,f3_1.1,0.5362406710308358,0.17676201152027302
91005,A,held_s10_w48,k1_natural,base,0.6898033560593408,0.24833074900916965
91005,A,held_s10_w48,k1_natural,f3_0.9,0.6897555007803905,0.24830693802109793
91005,A,held_s10_w48,k1_natural,f3_1.1,0.689815763341163,0.24833688324669181
91005,A,held_s10_w48,k2_fixed,base,0.6852407255399068,0.24605776136062535
91005,A,held_s10_w48,k2_fixed,f3_0.9,0.6851713331739913,0.24602347981412476
91005,A,held_s10_w48,k2_fixed,f3_1.1,0.6852635172626219,0.246068859476828
91005,A,held_s10_w48,k2_natural,base,0.6850165417091607,0.24594638286361561
91005,A,held_s10_w48,k2_natural,f3_0.9,0.6849463293539153,0.24591172068273234
91005,A,held_s10_w48,k2_natural,f3_1.1,0.685038371410822,0.24595698225532336
91005,A,held_s10_w48,k32_fixed,base,0.5899836557788487,0.20055644259409605
91005,A,held_s10_w48,k32_fixed,f3_0.9,0.5895047186864356,0.20035395825360727
91005,A,held_s10_w48,k32_fixed,f3_1.1,0.5903596777242021,0.20071892377383754
91005,A,held_s10_w48,k32_natural,base,0.5899567487139793,0.2005608221445878
91005,A,held_s10_w48,k32_natural,f3_0.9,0.5894352151947226,0.2003421495522002
91005,A,held_s10_w48,k32_natural,f3_1.1,0.5903791069372578,0.2007441047427423
91005,A,held_s10_w48,k8_fixed,base,0.649134117810868,0.2283122053660577
91005,A,held_s10_w48,k8_fixed,f3_0.9,0.6489953132788858,0.22825080827091201
91005,A,held_s10_w48,k8_fixed,f3_1.1,0.6492343329507377,0.22835644728085966
91005,A,held_s10_w48,k8_natural,base,0.6453980452345884,0.22651578604787156
91005,A,held_s10_w48,k8_natural,f3_0.9,0.6452469447302721,0.22644989069319088
91005,A,held_s10_w48,k8_natural,f3_1.1,0.6454569369237092,0.2265395372825502
91005,A,held_s10_w48,rate0.5,base,0.5345428537612785,0.17539148342446984
91005,A,held_s10_w48,rate0.5,f3_0.9,0.5290235781383869,0.17287930941466328
91005,A,held_s10_w48,rate0.5,f3_1.1,0.5385740149080612,0.17712204704467166
91005,A,held_s10_w48,rate0.8,base,0.5429557664364991,0.17951994437045923
91005,A,held_s10_w48,rate0.8,f3_0.9,0.5395020140440753,0.17796835686722162
91005,A,held_s10_w48,rate0.8,f3_1.1,0.5455370026256777,0.1806603812088147
91005,A,held_s10_w48,rate0.95,base,0.5649197415402826,0.18938898867677875
91005,A,held_s10_w48,rate0.95,f3_0.9,0.5630027477445178,0.18851177817591533
91005,A,held_s10_w48,rate0.95,f3_1.1,0.5663318776051418,0.19001993677667675
91005,B,continuous48,k1_natural,base,0.6516945000644514,0.22951161059135924
91005,B,continuous48,k1_natural,f3_0.9,0.6513699473891744,0.2293536010003102
91005,B,continuous48,k1_natural,f3_1.1,0.6520411863904845,0.2296804932927108
91005,B,continuous48,k2_fixed,base,0.6205321418773957,0.2148484046343156
91005,B,continuous48,k2_fixed,f3_0.9,0.6201920666587926,0.21469503541766108
91005,B,continuous48,k2_fixed,f3_1.1,0.6209018655887404,0.2150154475362467
91005,B,continuous48,k2_natural,base,0.6199155215523156,0.21457815842683106
91005,B,continuous48,k2_natural,f3_0.9,0.6195887435754911,0.21443128483822269
91005,B,continuous48,k2_natural,f3_1.1,0.6202711092097847,0.21473827133082374
91005,B,continuous48,k32_fixed,base,0.47995417795477374,0.15356536940652832
91005,B,continuous48,k32_fixed,f3_0.9,0.47994567641929153,0.1535634257630013
91005,B,continuous48,k32_fixed,f3_1.1,0.4799646527576386,0.1535679333924415
91005,B,continuous48,k32_natural,base,0.4779394520511427,0.15273219413222833
91005,B,continuous48,k32_natural,f3_0.9,0.47793064996627105,0.15272982621080625
91005,B,continuous48,k32_natural,f3_1.1,0.47795049510446375,0.1527353173769403
91005,B,continuous48,k8_fixed,base,0.5462611125765243,0.18136161663476458
91005,B,continuous48,k8_fixed,f3_0.9,0.5461494705807918,0.18131907752410037
91005,B,continuous48,k8_fixed,f3_1.1,0.5463848261835973,0.1814088367007755
91005,B,continuous48,k8_natural,base,0.5459759746706434,0.18129171581473572
91005,B,continuous48,k8_natural,f3_0.9,0.5458799444795873,0.1812558303816494
91005,B,continuous48,k8_natural,f3_1.1,0.5460828742489059,0.18133178867716473
91005,B,continuous48,rate0.5,base,0.29672727073178357,0.08633027008833867
91005,B,continuous48,rate0.5,f3_0.9,0.2967304529057661,0.08633089515858569
91005,B,continuous48,rate0.5,f3_1.1,0.2967244078427011,0.08632975572930128
91005,B,continuous48,rate0.8,base,0.3472186803660797,0.10330781827397137
91005,B,continuous48,rate0.8,f3_0.9,0.3472265727047964,0.1033094003492241
91005,B,continuous48,rate0.8,f3_1.1,0.34721110054616783,0.10330637304736288
91005,B,continuous48,rate0.95,base,0.41996196255907947,0.12980024626857384
91005,B,continuous48,rate0.95,f3_0.9,0.41997179592882017,0.1298030113656771
91005,B,continuous48,rate0.95,f3_1.1,0.41995218885018376,0.1297975340807826
91005,B,held_gap57_w32,k1_natural,base,0.66486493610122,0.2357613576285752
91005,B,held_gap57_w32,k1_natural,f3_0.9,0.6649621767532438,0.23580430266867886
91005,B,held_gap57_w32,k1_natural,f3_1.1,0.6647603246699575,0.23571514856630132
91005,B,held_gap57_w32,k2_fixed,base,0.6503614984991555,0.22866807938537848
91005,B,held_gap57_w32,k2_fixed,f3_0.9,0.6503976075280505,0.22867917436312707
91005,B,held_gap57_w32,k2_fixed,f3_1.1,0.6503217742719228,0.22865575180280362
91005,B,held_gap57_w32,k2_natural,base,0.6504500573975115,0.22868803304415547
91005,B,held_gap57_w32,k2_natural,f3_0.9,0.6504873884397031,0.22869961055132823
91005,B,held_gap57_w32,k2_natural,f3_1.1,0.6504091276383607,0.22867523736990575
91005,B,held_gap57_w32,k32_fixed,base,0.5582707371794118,0.1852718997960643
91005,B,held_gap57_w32,k32_fixed,f3_0.9,0.5582612820524954,0.18526777444658968
91005,B,held_gap57_w32,k32_fixed,f3_1.1,0.5582799264228202,0.18527598969427275
91005,B,held_gap57_w32,k32_natural,base,0.5580190244594949,0.18527296817382627
91005,B,held_gap57_w32,k32_natural,f3_0.9,0.5580122574235252,0.1852699631021869
91005,B,held_gap57_w32,k32_natural,f3_1.1,0.558025890642978,0.1852760775907701
91005,B,held_gap57_w32,k8_fixed,base,0.5957580199356997,0.20292238045183753
91005,B,held_gap57_w32,k8_fixed,f3_0.9,0.595761435563132,0.20292078273872832
91005,B,held_gap57_w32,k8_fixed,f3_1.1,0.5957542924965284,0.20292414980686882
91005,B,held_gap57_w32,k8_natural,base,0.5963653592274998,0.20319778594619245
91005,B,held_gap57_w32,k8_natural,f3_0.9,0.5963713639278762,0.20319704225691523
91005,B,held_gap57_w32,k8_natural,f3_1.1,0.5963590410942367,0.20319872880274115
91005,B,held_gap57_w32,rate0.5,base,0.4850586610977103,0.15398138196235925
91005,B,held_gap57_w32,rate0.5,f3_0.9,0.48504262419579697,0.15397617920585605
91005,B,held_gap57_w32,rate0.5,f3_1.1,0.4850748368478346,0.15398648502683207
91005,B,held_gap57_w32,rate0.8,base,0.5086295850008067,0.16393950819329411
91005,B,held_gap57_w32,rate0.8,f3_0.9,0.5086138648343635,0.16393548438343364
91005,B,held_gap57_w32,rate0.8,f3_1.1,0.5086457843035862,0.1639435491890287
91005,B,held_gap57_w32,rate0.95,base,0.5428761855400795,0.17834869095178071
91005,B,held_gap57_w32,rate0.95,f3_0.9,0.5428738366174019,0.1783489103402297
91005,B,held_gap57_w32,rate0.95,f3_1.1,0.5428782399254277,0.17834832591177957
91005,B,held_s10_w48,k1_natural,base,0.6675166857075833,0.2372790086436181
91005,B,held_s10_w48,k1_natural,f3_0.9,0.6673452631765154,0.23719485772857848
91005,B,held_s10_w48,k1_natural,f3_1.1,0.6677024558766528,0.23737024288646533
91005,B,held_s10_w48,k2_fixed,base,0.6566277493075573,0.23207523361254778
91005,B,held_s10_w48,k2_fixed,f3_0.9,0.656576288476569,0.23205111251830804
91005,B,held_s10_w48,k2_fixed,f3_1.1,0.6566917362515179,0.23210531059400788
91005,B,held_s10_w48,k2_natural,base,0.65657532930603,0.23204991318437518
91005,B,held_s10_w48,k2_natural,f3_0.9,0.656534724502561,0.2320307687300762
91005,B,held_s10_w48,k2_natural,f3_1.1,0.6566276793015104,0.23207463604572515
91005,B,held_s10_w48,k32_fixed,base,0.588710952229556,0.19893478804445955
91005,B,held_s10_w48,k32_fixed,f3_0.9,0.5887211425942597,0.19893667000103177
91005,B,held_s10_w48,k32_fixed,f3_1.1,0.5886985694960128,0.19893235706231055
91005,B,held_s10_w48,k32_natural,base,0.5900864821298369,0.1994878789805094
91005,B,held_s10_w48,k32_natural,f3_0.9,0.5900914021540987,0.1994876939886604
91005,B,held_s10_w48,k32_natural,f3_1.1,0.5900794639371658,0.1994875449148165
91005,B,held_s10_w48,k8_fixed,base,0.6159223079558213,0.2125365120612208
91005,B,held_s10_w48,k8_fixed,f3_0.9,0.615959750747139,0.21254618077282883
91005,B,held_s10_w48,k8_fixed,f3_1.1,0.615883948563829,0.21252682676552026
91005,B,held_s10_w48,k8_natural,base,0.6162198559556669,0.2126251270035466
91005,B,held_s10_w48,k8_natural,f3_0.9,0.6162662920076293,0.2126380205756452
91005,B,held_s10_w48,k8_natural,f3_1.1,0.6161718968384975,0.21261199865672373
91005,B,held_s10_w48,rate0.5,base,0.5218955740084761,0.16847849603029885
91005,B,held_s10_w48,rate0.5,f3_0.9,0.5218595290861043,0.1684693635430302
91005,B,held_s10_w48,rate0.5,f3_1.1,0.5219326674036288,0.16848784245381468
91005,B,held_s10_w48,rate0.8,base,0.5353918789749843,0.17513243532211367
91005,B,held_s10_w48,rate0.8,f3_0.9,0.5353667212917038,0.17512595503023093
91005,B,held_s10_w48,rate0.8,f3_1.1,0.5354180442297176,0.17513915695446575
91005,B,held_s10_w48,rate0.95,base,0.5659455403370972,0.18859675827889905
91005,B,held_s10_w48,rate0.95,f3_0.9,0.5659073128297698,0.18858694382867217
91005,B,held_s10_w48,rate0.95,f3_1.1,0.5659869298540072,0.18860749525142126
91005,C,continuous48,k1_natural,base,0.6395969917042437,0.22382962312772386
91005,C,continuous48,k1_natural,f3_0.9,0.6395079859386328,0.22378764421175487
91005,C,continuous48,k1_natural,f3_1.1,0.6396948693063487,0.22387564448470004
91005,C,continuous48,k2_fixed,base,0.6115410437399995,0.21119458148686227
91005,C,continuous48,k2_fixed,f3_0.9,0.6114648198079069,0.2111661240252098
91005,C,continuous48,k2_fixed,f3_1.1,0.6116423215370116,0.2112340833726276
91005,C,continuous48,k2_natural,base,0.611440073514837,0.2111537101755312
91005,C,continuous48,k2_natural,f3_0.9,0.6113809535860477,0.21113278774352373
91005,C,continuous48,k2_natural,f3_1.1,0.6115219426963563,0.21118452210677433
91005,C,continuous48,k32_fixed,base,0.47564058887874205,0.15194620112133503
91005,C,continuous48,k32_fixed,f3_0.9,0.47567287293107774,0.15195838814236096
91005,C,continuous48,k32_fixed,f3_1.1,0.47564359194358513,0.15194845044525454
91005,C,continuous48,k32_natural,base,0.47559145605992886,0.15193845932691422
91005,C,continuous48,k32_natural,f3_0.9,0.4756529072980281,0.15196527889715666
91005,C,continuous48,k32_natural,f3_1.1,0.4755570510467136,0.15192240889184547
91005,C,continuous48,k8_fixed,base,0.543093632194937,0.18025994486960328
91005,C,continuous48,k8_fixed,f3_0.9,0.5431192380774574,0.1802695448516037
91005,C,continuous48,k8_fixed,f3_1.1,0.5430892220325838,0.18025948793191862
91005,C,continuous48,k8_natural,base,0.5428277859835889,0.18015028649307605
91005,C,continuous48,k8_natural,f3_0.9,0.5429237920090749,0.18019170165898324
91005,C,continuous48,k8_natural,f3_1.1,0.5427479359129009,0.18011563993802443
91005,C,continuous48,rate0.5,base,0.2964818320163305,0.0862681439882852
91005,C,continuous48,rate0.5,f3_0.9,0.29648806350487655,0.08626972975560095
91005,C,continuous48,rate0.5,f3_1.1,0.2964779406395152,0.08626730632897044
91005,C,continuous48,rate0.8,base,0.34657182766506,0.1031542984616753
91005,C,continuous48,rate0.8,f3_0.9,0.34658370939228583,0.10315805649516101
91005,C,continuous48,rate0.8,f3_1.1,0.34656343945819434,0.10315170027349442
91005,C,continuous48,rate0.95,base,0.418355737482242,0.1293265206742401
91005,C,continuous48,rate0.95,f3_0.9,0.4184291411521897,0.12935570011509037
91005,C,continuous48,rate0.95,f3_1.1,0.41829182143133686,0.129300972756288
91005,C,held_gap57_w32,k1_natural,base,0.6633824533957577,0.23508561779338474
91005,C,held_gap57_w32,k1_natural,f3_0.9,0.6634166427937586,0.23510642034406615
91005,C,held_gap57_w32,k1_natural,f3_1.1,0.6633480348100056,0.23506739784764566
91005,C,held_gap57_w32,k2_fixed,base,0.6497329747251,0.22863027161752175
91005,C,held_gap57_w32,k2_fixed,f3_0.9,0.6496371890462643,0.22858777935389904
91005,C,held_gap57_w32,k2_fixed,f3_1.1,0.6497595947677548,0.2286410281922201
91005,C,held_gap57_w32,k2_natural,base,0.6495647853022606,0.22856211295863957
91005,C,held_gap57_w32,k2_natural,f3_0.9,0.6494668606546107,0.22851890142261902
91005,C,held_gap57_w32,k2_natural,f3_1.1,0.6495984617266928,0.228575884596289
91005,C,held_gap57_w32,k32_fixed,base,0.5533376822266094,0.18394701308196498
91005,C,held_gap57_w32,k32_fixed,f3_0.9,0.5534647233812333,0.1839788656165001
91005,C,held_gap57_w32,k32_fixed,f3_1.1,0.553318641188473,0.18395749611901627
91005,C,held_gap57_w32,k32_natural,base,0.5524040297096158,0.18361859140359862
91005,C,held_gap57_w32,k32_natural,f3_0.9,0.5523371536900951,0.18356235111654845
91005,C,held_gap57_w32,k32_natural,f3_1.1,0.5526333360726041,0.18374294183516515
91005,C,held_gap57_w32,k8_fixed,base,0.5924730108223949,0.20187794296042988
91005,C,held_gap57_w32,k8_fixed,f3_0.9,0.5920025222936061,0.20165680025646157
91005,C,held_gap57_w32,k8_fixed,f3_1.1,0.5929413293684425,0.20210010813795745
91005,C,held_gap57_w32,k8_natural,base,0.5913443611718209,0.20138335505653648
91005,C,held_gap57_w32,k8_natural,f3_0.9,0.5910743228896195,0.2012567827460608
91005,C,held_gap57_w32,k8_natural,f3_1.1,0.5916162300775833,0.20151103385569102
91005,C,held_gap57_w32,rate0.5,base,0.48750982966458706,0.15490795202430463
91005,C,held_gap57_w32,rate0.5,f3_0.9,0.48735850692103266,0.15484364704515688
91005,C,held_gap57_w32,rate0.5,f3_1.1,0.487701046375511,0.1549980882218819
91005,C,held_gap57_w32,rate0.8,base,0.5085890963310553,0.16422632701705425
91005,C,held_gap57_w32,rate0.8,f3_0.9,0.5084797086871202,0.16416563265269357
91005,C,held_gap57_w32,rate0.8,f3_1.1,0.508825541401107,0.1643422435011694
91005,C,held_gap57_w32,rate0.95,base,0.5373146438464205,0.176902119946571
91005,C,held_gap57_w32,rate0.95,f3_0.9,0.5374302051150317,0.1769316595951122
91005,C,held_gap57_w32,rate0.95,f3_1.1,0.5373912640448806,0.1769568600796477
91005,C,held_s10_w48,k1_natural,base,0.6723960359516684,0.23968884939811774
91005,C,held_s10_w48,k1_natural,f3_0.9,0.6723186969566631,0.23965200376830664
91005,C,held_s10_w48,k1_natural,f3_1.1,0.6724249832177577,0.23970190110619252
91005,C,held_s10_w48,k2_fixed,base,0.6596974842289137,0.23354501920570545
91005,C,held_s10_w48,k2_fixed,f3_0.9,0.6597470993218972,0.2335705762986113
91005,C,held_s10_w48,k2_fixed,f3_1.1,0.6596232700072073,0.23350787531797662
91005,C,held_s10_w48,k2_natural,base,0.6595876710302072,0.2334908160209925
91005,C,held_s10_w48,k2_natural,f3_0.9,0.6596473763724272,0.2335209392235983
91005,C,held_s10_w48,k2_natural,f3_1.1,0.659507930887611,0.23345127152390543
91005,C,held_s10_w48,k32_fixed,base,0.5850782583486424,0.19799237263935118
91005,C,held_s10_w48,k32_fixed,f3_0.9,0.5854287968753151,0.19812022027099838
91005,C,held_s10_w48,k32_fixed,f3_1.1,0.5849045455873909,0.19793327165138935
91005,C,held_s10_w48,k32_natural,base,0.5849278505564136,0.19802180877037995
91005,C,held_s10_w48,k32_natural,f3_0.9,0.5849952038855434,0.19802969004141177
91005,C,held_s10_w48,k32_natural,f3_1.1,0.584927574868536,0.19803768625961582
91005,C,held_s10_w48,k8_fixed,base,0.6173723399457454,0.2133846305355004
91005,C,held_s10_w48,k8_fixed,f3_0.9,0.6176895948285437,0.21351799504535407
91005,C,held_s10_w48,k8_fixed,f3_1.1,0.6170167350165588,0.2132262808301166
91005,C,held_s10_w48,k8_natural,base,0.6166061826022947,0.21301053238107975
91005,C,held_s10_w48,k8_natural,f3_0.9,0.6168128983390523,0.21309534949671374
91005,C,held_s10_w48,k8_natural,f3_1.1,0.6163381369322473,0.2128915586051082
91005,C,held_s10_w48,rate0.5,base,0.5279230034113821,0.17063138595327318
91005,C,held_s10_w48,rate0.5,f3_0.9,0.5274307978671283,0.1704287200339616
91005,C,held_s10_w48,rate0.5,f3_1.1,0.5284746323904347,0.17087167147293594
91005,C,held_s10_w48,rate0.8,base,0.5385338014716772,0.17633233569093015
91005,C,held_s10_w48,rate0.8,f3_0.9,0.5380586982407887,0.17611859824361606
91005,C,held_s10_w48,rate0.8,f3_1.1,0.5390751761253463,0.1765781886948462
91005,C,held_s10_w48,rate0.95,base,0.5635644146270563,0.1880946062829651
91005,C,held_s10_w48,rate0.95,f3_0.9,0.5632256773460398,0.18791972391981962
91005,C,held_s10_w48,rate0.95,f3_1.1,0.5640598442620731,0.18832919749940707
91006,A,continuous48,k1_natural,base,0.6414952856465047,0.2246121826735091
91006,A,continuous48,k1_natural,f3_0.9,0.6417237449849077,0.22470566802480454
91006,A,continuous48,k1_natural,f3_1.1,0.6412722854153496,0.22452121045825413
91006,A,continuous48,k2_fixed,base,0.6099948097112592,0.21050324941057655
91006,A,continuous48,k2_fixed,f3_0.9,0.6100283894005991,0.21051941722089113
91006,A,continuous48,k2_fixed,f3_1.1,0.6099830559418584,0.21049668599767205
91006,A,continuous48,k2_natural,base,0.6101109666039075,0.21058762558895908
91006,A,continuous48,k2_natural,f3_0.9,0.6102009202688228,0.21062902318957086
91006,A,continuous48,k2_natural,f3_1.1,0.6100426509481776,0.21055561277949636
91006,A,continuous48,k32_fixed,base,0.47437459591192266,0.1514009931395355
91006,A,continuous48,k32_fixed,f3_0.9,0.47436881355554744,0.15139624110594788
91006,A,continuous48,k32_fixed,f3_1.1,0.4744060899805757,0.15141581445201605
91006,A,continuous48,k32_natural,base,0.4741978430963934,0.15136844454407966
91006,A,continuous48,k32_natural,f3_0.9,0.4742282006416819,0.1513790264191655
91006,A,continuous48,k32_natural,f3_1.1,0.47419450467308627,0.15136844606301414
91006,A,continuous48,k8_fixed,base,0.5438410836099783,0.18059369244203483
91006,A,continuous48,k8_fixed,f3_0.9,0.5439811666231188,0.18064847670200848
91006,A,continuous48,k8_fixed,f3_1.1,0.5437369278918094,0.18055377070767217
91006,A,continuous48,k8_natural,base,0.5439616495498155,0.18065399806091031
91006,A,continuous48,k8_natural,f3_0.9,0.5441211721505546,0.18071321079761993
91006,A,continuous48,k8_natural,f3_1.1,0.5438266168161655,0.18060441757421675
91006,A,continuous48,rate0.5,base,0.296538646055994,0.08629220781166448
91006,A,continuous48,rate0.5,f3_0.9,0.2965404137568877,0.08629307629676602
91006,A,continuous48,rate0.5,f3_1.1,0.29654376069982663,0.08629323405492571
91006,A,continuous48,rate0.8,base,0.34656631473230126,0.10315564651011745
91006,A,continuous48,rate0.8,f3_0.9,0.34657653283473044,0.10315874245516096
91006,A,continuous48,rate0.8,f3_1.1,0.34656092697138535,0.10315377214248402
91006,A,continuous48,rate0.95,base,0.41806963134303204,0.12919532605904735
91006,A,continuous48,rate0.95,f3_0.9,0.4181023566489847,0.1292094978459157
91006,A,continuous48,rate0.95,f3_1.1,0.4180434742353712,0.1291833292003411
91006,A,held_gap57_w32,k1_natural,base,0.6609258838569431,0.23404851373928484
91006,A,held_gap57_w32,k1_natural,f3_0.9,0.660900805561574,0.2340311728867463
91006,A,held_gap57_w32,k1_natural,f3_1.1,0.6609007034683514,0.23403895156749013
91006,A,held_gap57_w32,k2_fixed,base,0.6477854387756877,0.22782344774495822
91006,A,held_gap57_w32,k2_fixed,f3_0.9,0.6479110736845481,0.22786771797493768
91006,A,held_gap57_w32,k2_fixed,f3_1.1,0.6476758268250009,0.227781186490077
91006,A,held_gap57_w32,k2_natural,base,0.6481174142865613,0.22801166155395186
91006,A,held_gap57_w32,k2_natural,f3_0.9,0.6482050586771787,0.22803909383863047
91006,A,held_gap57_w32,k2_natural,f3_1.1,0.6480209636675411,0.2279757540198988
91006,A,held_gap57_w32,k32_fixed,base,0.5507745507770041,0.18314311668019198
91006,A,held_gap57_w32,k32_fixed,f3_0.9,0.5505017099791274,0.1830080432125756
91006,A,held_gap57_w32,k32_fixed,f3_1.1,0.5513942722284331,0.1834293343334243
91006,A,held_gap57_w32,k32_natural,base,0.5507878242913793,0.18318087262784455
91006,A,held_gap57_w32,k32_natural,f3_0.9,0.550449573488649,0.1830250274843622
91006,A,held_gap57_w32,k32_natural,f3_1.1,0.5514230853609228,0.18346982014142518
91006,A,held_gap57_w32,k8_fixed,base,0.5920326219340735,0.2018202861428067
91006,A,held_gap57_w32,k8_fixed,f3_0.9,0.592066432073786,0.20183778376364525
91006,A,held_gap57_w32,k8_fixed,f3_1.1,0.5920523125999779,0.20182456409260272
91006,A,held_gap57_w32,k8_natural,base,0.5927954054457358,0.20216655236631034
91006,A,held_gap57_w32,k8_natural,f3_0.9,0.5927469349938183,0.20214692782968474
91006,A,held_gap57_w32,k8_natural,f3_1.1,0.5928612581074503,0.202192860629126
91006,A,held_gap57_w32,rate0.5,base,0.47764138289757757,0.1519113874228187
91006,A,held_gap57_w32,rate0.5,f3_0.9,0.47786230507983685,0.15199719736000192
91006,A,held_gap57_w32,rate0.5,f3_1.1,0.47775228638579914,0.15195335594492962
91006,A,held_gap57_w32,rate0.8,base,0.5030244095721944,0.16250524695420418
91006,A,held_gap57_w32,rate0.8,f3_0.9,0.5031836219340219,0.16256654677601182
91006,A,held_gap57_w32,rate0.8,f3_1.1,0.5032238231308565,0.16259574405426158
91006,A,held_gap57_w32,rate0.95,base,0.5350991213099994,0.17623771868603305
91006,A,held_gap57_w32,rate0.95,f3_0.9,0.5348743105489613,0.1761326063172849
91006,A,held_gap57_w32,rate0.95,f3_1.1,0.5357324250518751,0.17652356071232578
91006,A,held_s10_w48,k1_natural,base,0.6871603792121335,0.24701114599742505
91006,A,held_s10_w48,k1_natural,f3_0.9,0.6871377830223349,0.24700009922047605
91006,A,held_s10_w48,k1_natural,f3_1.1,0.6871992288252617,0.24703033425827264
91006,A,held_s10_w48,k2_fixed,base,0.6767660496028529,0.24186145994751967
91006,A,held_s10_w48,k2_fixed,f3_0.9,0.6766684936339031,0.24181489830441727
91006,A,held_s10_w48,k2_fixed,f3_1.1,0.6768970096177211,0.24192512612879474
91006,A,held_s10_w48,k2_natural,base,0.677410560313153,0.2421760064811592
91006,A,held_s10_w48,k2_natural,f3_0.9,0.6773131258297459,0.2421292879509584
91006,A,held_s10_w48,k2_natural,f3_1.1,0.6775660644889305,0.2422518872703261
91006,A,held_s10_w48,k32_fixed,base,0.5850211702310023,0.19837307381248614
91006,A,held_s10_w48,k32_fixed,f3_0.9,0.5843653169100596,0.1980814936699463
91006,A,held_s10_w48,k32_fixed,f3_1.1,0.5855821932342027,0.19862744582438496
91006,A,held_s10_w48,k32_natural,base,0.5883865990658437,0.1998919545560756
91006,A,held_s10_w48,k32_natural,f3_0.9,0.5876106912942436,0.19954493598195874
91006,A,held_s10_w48,k32_natural,f3_1.1,0.58900332513507,0.2001688068428965
91006,A,held_s10_w48,k8_fixed,base,0.6233671686291576,0.21609434533501726
91006,A,held_s10_w48,k8_fixed,f3_0.9,0.6232208791741672,0.2160313995365119
91006,A,held_s10_w48,k8_fixed,f3_1.1,0.6235522020440867,0.21617440071599095
91006,A,held_s10_w48,k8_natural,base,0.6293724063675309,0.2189186249248996
91006,A,held_s10_w48,k8_natural,f3_0.9,0.6291449357951994,0.21881634270875272
91006,A,held_s10_w48,k8_natural,f3_1.1,0.6296397293369688,0.21903921666065446
91006,A,held_s10_w48,rate0.5,base,0.5299875736786558,0.1732744634243447
91006,A,held_s10_w48,rate0.5,f3_0.9,0.5251310614060973,0.1711892469792856
91006,A,held_s10_w48,rate0.5,f3_1.1,0.533550841895003,0.17478103936500294
91006,A,held_s10_w48,rate0.8,base,0.5392226570307305,0.17777880749284727
91006,A,held_s10_w48,rate0.8,f3_0.9,0.5363200189137819,0.17652509297721103
91006,A,held_s10_w48,rate0.8,f3_1.1,0.5417050573204186,0.17885922632352116
91006,A,held_s10_w48,rate0.95,base,0.5637165837456568,0.1888430755258211
91006,A,held_s10_w48,rate0.95,f3_0.9,0.5619910082359,0.188062615000074
91006,A,held_s10_w48,rate0.95,f3_1.1,0.5650975509788515,0.18946323106021323
91006,B,continuous48,k1_natural,base,0.644635470939277,0.22615440154486735
91006,B,continuous48,k1_natural,f3_0.9,0.6441534207851747,0.22592459695460343
91006,B,continuous48,k1_natural,f3_1.1,0.6451627527423178,0.22640614425633274
91006,B,continuous48,k2_fixed,base,0.6112126021026202,0.21087091916549508
91006,B,continuous48,k2_fixed,f3_0.9,0.6110415497274274,0.21080269060797494
91006,B,continuous48,k2_fixed,f3_1.1,0.6114112343828093,0.2109507442810917
91006,B,continuous48,k2_natural,base,0.6111051395645543,0.21083399977160205
91006,B,continuous48,k2_natural,f3_0.9,0.6109466197190166,0.21077145883808207
91006,B,continuous48,k2_natural,f3_1.1,0.6112900200040969,0.21090755359167546
91006,B,continuous48,k32_fixed,base,0.47912786284194625,0.15322664232909303
91006,B,continuous48,k32_fixed,f3_0.9,0.47912448104124,0.15322752918350488
91006,B,continuous48,k32_fixed,f3_1.1,0.47913399296688314,0.153226567377112
91006,B,continuous48,k32_natural,base,0.47808500991000813,0.152756832850709
91006,B,continuous48,k32_natural,f3_0.9,0.4780720132130596,0.15275368512860146
91006,B,continuous48,k32_natural,f3_1.1,0.4781013768354324,0.15276106624618693
91006,B,continuous48,k8_fixed,base,0.5449236043467359,0.18094760226279977
91006,B,continuous48,k8_fixed,f3_0.9,0.5448808958717077,0.18093256759136842
91006,B,continuous48,k8_fixed,f3_1.1,0.5449738538202835,0.18096548589674732
91006,B,continuous48,k8_natural,base,0.5452459211857591,0.18112859623358082
91006,B,continuous48,k8_natural,f3_0.9,0.5452161783482437,0.18111915544281906
91006,B,continuous48,k8_natural,f3_1.1,0.5452828894988593,0.1811407759291587
91006,B,continuous48,rate0.5,base,0.29663433517555177,0.08630981546590707
91006,B,continuous48,rate0.5,f3_0.9,0.29663701107690277,0.08631033576844843
91006,B,continuous48,rate0.5,f3_1.1,0.29663171782820535,0.08630931755181426
91006,B,continuous48,rate0.8,base,0.34715664653577033,0.10329793644935349
91006,B,continuous48,rate0.8,f3_0.9,0.34716927692230587,0.10330121390585385
91006,B,continuous48,rate0.8,f3_1.1,0.3471439197124299,0.1032946966549651
91006,B,continuous48,rate0.95,base,0.41987874524893665,0.12973095861506725
91006,B,continuous48,rate0.95,f3_0.9,0.4198724758506283,0.12972921140058827
91006,B,continuous48,rate0.95,f3_1.1,0.4198870414220711,0.1297333607412871
91006,B,held_gap57_w32,k1_natural,base,0.6713326726795125,0.23851039883819652
91006,B,held_gap57_w32,k1_natural,f3_0.9,0.6714995739205645,0.23858173805064772
91006,B,held_gap57_w32,k1_natural,f3_1.1,0.6711485598995474,0.23843164178536602
91006,B,held_gap57_w32,k2_fixed,base,0.6551187108581209,0.23042422228477197
91006,B,held_gap57_w32,k2_fixed,f3_0.9,0.6551594397394124,0.2304367457783747
91006,B,held_gap57_w32,k2_fixed,f3_1.1,0.6550720328389757,0.2304094848038134
91006,B,held_gap57_w32,k2_natural,base,0.6552346397494393,0.23044906970740536
91006,B,held_gap57_w32,k2_natural,f3_0.9,0.6552758337100172,0.23046157993651153
91006,B,held_gap57_w32,k2_natural,f3_1.1,0.655187511654705,0.2304343731451941
91006,B,held_gap57_w32,k32_fixed,base,0.5576093150822978,0.18525261819330546
91006,B,held_gap57_w32,k32_fixed,f3_0.9,0.557611169031884,0.18525361857400466
91006,B,held_gap57_w32,k32_fixed,f3_1.1,0.5576071149608132,0.18525146595156472
91006,B,held_gap57_w32,k32_natural,base,0.5570143469590502,0.18497930754892672
91006,B,held_gap57_w32,k32_natural,f3_0.9,0.5570246469926177,0.1849824014054976
91006,B,held_gap57_w32,k32_natural,f3_1.1,0.5570030704265281,0.18497595459354915
91006,B,held_gap57_w32,k8_fixed,base,0.5966950860356839,0.20333061222981422
91006,B,held_gap57_w32,k8_fixed,f3_0.9,0.5966806110889646,0.2033221636758511
91006,B,held_gap57_w32,k8_fixed,f3_1.1,0.596711372485498,0.20334004081635276
91006,B,held_gap57_w32,k8_natural,base,0.5962189206134413,0.20317787393116948
91006,B,held_gap57_w32,k8_natural,f3_0.9,0.596203217624958,0.2031686809614589
91006,B,held_gap57_w32,k8_natural,f3_1.1,0.5962361956151212,0.2031879563870071
91006,B,held_gap57_w32,rate0.5,base,0.48458024529249355,0.15386636329723205
91006,B,held_gap57_w32,rate0.5,f3_0.9,0.4845710422576994,0.15386350234867868
91006,B,held_gap57_w32,rate0.5,f3_1.1,0.48459018143735927,0.153869427302528
91006,B,held_gap57_w32,rate0.8,base,0.5088607738030542,0.16399493533855905
91006,B,held_gap57_w32,rate0.8,f3_0.9,0.5088491278598284,0.1639924437702368
91006,B,held_gap57_w32,rate0.8,f3_1.1,0.5088733000959448,0.1639975985757277
91006,B,held_gap57_w32,rate0.95,base,0.5423108020321997,0.17820123143549235
91006,B,held_gap57_w32,rate0.95,f3_0.9,0.5423191345363071,0.17820435592978806
91006,B,held_gap57_w32,rate0.95,f3_1.1,0.542301366280347,0.17819774029317703
91006,B,held_s10_w48,k1_natural,base,0.6649173760558701,0.23600126489957315
91006,B,held_s10_w48,k1_natural,f3_0.9,0.6647830886598872,0.23593436541665447
91006,B,held_s10_w48,k1_natural,f3_1.1,0.6650782776115101,0.23608118589585056
91006,B,held_s10_w48,k2_fixed,base,0.6581969513400525,0.2326687071535239
91006,B,held_s10_w48,k2_fixed,f3_0.9,0.6583658052519199,0.23273858984765405
91006,B,held_s10_w48,k2_fixed,f3_1.1,0.6580279716085655,0.2325990507921449
91006,B,held_s10_w48,k2_natural,base,0.6583465170446579,0.23272970999839376
91006,B,held_s10_w48,k2_natural,f3_0.9,0.6585240312918555,0.23280314070436364
91006,B,held_s10_w48,k2_natural,f3_1.1,0.6581678875146643,0.23265606474544795
91006,B,held_s10_w48,k32_fixed,base,0.5901731024544481,0.19960301572343533
91006,B,held_s10_w48,k32_fixed,f3_0.9,0.5901923400857908,0.1996068225630873
91006,B,held_s10_w48,k32_fixed,f3_1.1,0.5901517455221044,0.1995988078160652
91006,B,held_s10_w48,k32_natural,base,0.5897833027167398,0.1994890526708737
91006,B,held_s10_w48,k32_natural,f3_0.9,0.589800194546801,0.19949134703876892
91006,B,held_s10_w48,k32_natural,f3_1.1,0.5897649274324297,0.19948659645168187
91006,B,held_s10_w48,k8_fixed,base,0.6191160638192488,0.21378519915132824
91006,B,held_s10_w48,k8_fixed,f3_0.9,0.6191637079397491,0.21379620208857728
91006,B,held_s10_w48,k8_fixed,f3_1.1,0.6190659003327692,0.21377377683675422
91006,B,held_s10_w48,k8_natural,base,0.6188852081745455,0.21364379632510433
91006,B,held_s10_w48,k8_natural,f3_0.9,0.6189329640433295,0.21365473019585277
91006,B,held_s10_w48,k8_natural,f3_1.1,0.6188350150256041,0.21363249099882342
91006,B,held_s10_w48,rate0.5,base,0.5212250688299818,0.16833706520551603
91006,B,held_s10_w48,rate0.5,f3_0.9,0.5212104642682215,0.1683329591574382
91006,B,held_s10_w48,rate0.5,f3_1.1,0.5212413485728079,0.16834167924887006
91006,B,held_s10_w48,rate0.8,base,0.5352257105564423,0.17508530875997066
91006,B,held_s10_w48,rate0.8,f3_0.9,0.5352167071460362,0.17508263408751937
91006,B,held_s10_w48,rate0.8,f3_1.1,0.5352363508642992,0.17508848391818996
91006,B,held_s10_w48,rate0.95,base,0.565929534391816,0.18862656298666228
91006,B,held_s10_w48,rate0.95,f3_0.9,0.5659248786657687,0.18862690676108687
91006,B,held_s10_w48,rate0.95,f3_1.1,0.5659346216590353,0.1886263150506164
91006,C,continuous48,k1_natural,base,0.6375788400042725,0.2228712732793263
91006,C,continuous48,k1_natural,f3_0.9,0.6376445716768523,0.2229016983106787
91006,C,continuous48,k1_natural,f3_1.1,0.6375527520793194,0.22285882416374692
91006,C,continuous48,k2_fixed,base,0.6113137540935161,0.2111505062182902
91006,C,continuous48,k2_fixed,f3_0.9,0.611361998225042,0.2111865019849801
91006,C,continuous48,k2_fixed,f3_1.1,0.6112645079607779,0.21111212561375717
91006,C,continuous48,k2_natural,base,0.6113046136257716,0.21115697749463186
91006,C,continuous48,k2_natural,f3_0.9,0.6113408054516678,0.21118562454493395
91006,C,continuous48,k2_natural,f3_1.1,0.6112625731295604,0.21112363174465343
91006,C,continuous48,k32_fixed,base,0.47599159980386735,0.15207790639927082
91006,C,continuous48,k32_fixed,f3_0.9,0.476085142906933,0.15212146729337828
91006,C,continuous48,k32_fixed,f3_1.1,0.4759390986818254,0.15205006932244924
91006,C,continuous48,k32_natural,base,0.4754545395286741,0.15186826140717563
91006,C,continuous48,k32_natural,f3_0.9,0.4756349262537691,0.15194581886032935
91006,C,continuous48,k32_natural,f3_1.1,0.4753194457687211,0.1518088897165999
91006,C,continuous48,k8_fixed,base,0.5442926762443011,0.18082270424234667
91006,C,continuous48,k8_fixed,f3_0.9,0.5441903700773849,0.1807757749793569
91006,C,continuous48,k8_fixed,f3_1.1,0.5443990894518778,0.18086944064913094
91006,C,continuous48,k8_natural,base,0.5439075936401881,0.18064098026728126
91006,C,continuous48,k8_natural,f3_0.9,0.5438266653428815,0.18059943558713595
91006,C,continuous48,k8_natural,f3_1.1,0.5440044474681239,0.18068798399010058
91006,C,continuous48,rate0.5,base,0.29694981466838216,0.08641269557532014
91006,C,continuous48,rate0.5,f3_0.9,0.2968844311241415,0.08639308788966157
91006,C,continuous48,rate0.5,f3_1.1,0.2970492174651373,0.08644344546863507
91006,C,continuous48,rate0.8,base,0.3469504047781258,0.10327923699146671
91006,C,continuous48,rate0.8,f3_0.9,0.34688955640962166,0.10326192593884549
91006,C,continuous48,rate0.8,f3_1.1,0.34705270671243005,0.10330980066957023
91006,C,continuous48,rate0.95,base,0.41870911344518535,0.12944387519389858
91006,C,continuous48,rate0.95,f3_0.9,0.41876488937929784,0.12947279509862988
91006,C,continuous48,rate0.95,f3_1.1,0.41870136008268877,0.12943347587508322
91006,C,held_gap57_w32,k1_natural,base,0.6665556405513516,0.23645451821576774
91006,C,held_gap57_w32,k1_natural,f3_0.9,0.6668138350540007,0.23656806126743504
91006,C,held_gap57_w32,k1_natural,f3_1.1,0.6662550366524908,0.23632475746603943
91006,C,held_gap57_w32,k2_fixed,base,0.6499811992095067,0.22863231219833635
91006,C,held_gap57_w32,k2_fixed,f3_0.9,0.6501043181098595,0.22867755612868834
91006,C,held_gap57_w32,k2_fixed,f3_1.1,0.6498054852752257,0.22856493309127834
91006,C,held_gap57_w32,k2_natural,base,0.6497041685391749,0.22849959809902698
91006,C,held_gap57_w32,k2_natural,f3_0.9,0.6497929927978277,0.22852871861345006
91006,C,held_gap57_w32,k2_natural,f3_1.1,0.649557605207476,0.22844617644666657
91006,C,held_gap57_w32,k32_fixed,base,0.5527310271454242,0.18378283752405603
91006,C,held_gap57_w32,k32_fixed,f3_0.9,0.552938468311417,0.18384963114669173
91006,C,held_gap57_w32,k32_fixed,f3_1.1,0.5527078805726124,0.18379374327494863
91006,C,held_gap57_w32,k32_natural,base,0.552338076787429,0.18365751573046954
91006,C,held_gap57_w32,k32_natural,f3_0.9,0.5522682585359165,0.18360275079211338
91006,C,held_gap57_w32,k32_natural,f3_1.1,0.5525355758695422,0.1837677309615959
91006,C,held_gap57_w32,k8_fixed,base,0.5931273871148841,0.20220425603736197
91006,C,held_gap57_w32,k8_fixed,f3_0.9,0.5929050867799547,0.20208641066059066
91006,C,held_gap57_w32,k8_fixed,f3_1.1,0.5932895687968849,0.2022935798268823
91006,C,held_gap57_w32,k8_natural,base,0.5928445681368747,0.20206943667691687
91006,C,held_gap57_w32,k8_natural,f3_0.9,0.5926734678203242,0.2019742547421298
91006,C,held_gap57_w32,k8_natural,f3_1.1,0.5929789891206232,0.20214647389066628
91006,C,held_gap57_w32,rate0.5,base,0.48756068742125475,0.15498498970678595
91006,C,held_gap57_w32,rate0.5,f3_0.9,0.4877071069994263,0.15502438166167912
91006,C,held_gap57_w32,rate0.5,f3_1.1,0.48759013983034216,0.15501807070816462
91006,C,held_gap57_w32,rate0.8,base,0.5084355734071908,0.16421033748205122
91006,C,held_gap57_w32,rate0.8,f3_0.9,0.5084361618273024,0.16419762051752884
91006,C,held_gap57_w32,rate0.8,f3_1.1,0.5086457082917032,0.16431356063902172
91006,C,held_gap57_w32,rate0.95,base,0.5372427459005963,0.1769079645068777
91006,C,held_gap57_w32,rate0.95,f3_0.9,0.5373385650780989,0.1769377990939363
91006,C,held_gap57_w32,rate0.95,f3_1.1,0.5373090166091159,0.1769497944808682
91006,C,held_s10_w48,k1_natural,base,0.666893651233255,0.23697725382959187
91006,C,held_s10_w48,k1_natural,f3_0.9,0.6668238285530531,0.23694349866626632
91006,C,held_s10_w48,k1_natural,f3_1.1,0.6669347298374182,0.23699709919796758
91006,C,held_s10_w48,k2_fixed,base,0.6553810874308671,0.23148409963764144
91006,C,held_s10_w48,k2_fixed,f3_0.9,0.6554982403082014,0.23153676757514552
91006,C,held_s10_w48,k2_fixed,f3_1.1,0.6552939684746476,0.2314454133999258
91006,C,held_s10_w48,k2_natural,base,0.6553659320969646,0.23147678340547226
91006,C,held_s10_w48,k2_natural,f3_0.9,0.655489413495825,0.23153206452024505
91006,C,held_s10_w48,k2_natural,f3_1.1,0.6552753656747112,0.23143673272126214
91006,C,held_s10_w48,k32_fixed,base,0.5851729893477989,0.19812445209777466
91006,C,held_s10_w48,k32_fixed,f3_0.9,0.5852977264335114,0.19815108893267844
91006,C,held_s10_w48,k32_fixed,f3_1.1,0.5851556571642146,0.19813604717624517
91006,C,held_s10_w48,k32_natural,base,0.5844483876138916,0.19783462927900247
91006,C,held_s10_w48,k32_natural,f3_0.9,0.5845951975599575,0.19787220264588884
91006,C,held_s10_w48,k32_natural,f3_1.1,0.5844017482749208,0.19783350581328782
91006,C,held_s10_w48,k8_fixed,base,0.6170699096899912,0.21324673964133753
91006,C,held_s10_w48,k8_fixed,f3_0.9,0.617192727241266,0.21329240078093967
91006,C,held_s10_w48,k8_fixed,f3_1.1,0.6169775170558902,0.2132112546127636
91006,C,held_s10_w48,k8_natural,base,0.6165404170072373,0.2129833194074937
91006,C,held_s10_w48,k8_natural,f3_0.9,0.6166479979418237,0.2130205635664028
91006,C,held_s10_w48,k8_natural,f3_1.1,0.6164723575241624,0.21295987892042942
91006,C,held_s10_w48,rate0.5,base,0.5270680830972111,0.17026269633313212
91006,C,held_s10_w48,rate0.5,f3_0.9,0.5271206160960422,0.1702565826192916
91006,C,held_s10_w48,rate0.5,f3_1.1,0.5273406957752673,0.1703918733490897
91006,C,held_s10_w48,rate0.8,base,0.5385498828502193,0.17639750309246208
91006,C,held_s10_w48,rate0.8,f3_0.9,0.5382977765776603,0.17627979398177118
91006,C,held_s10_w48,rate0.8,f3_1.1,0.538951469914946,0.17658102629601327
91006,C,held_s10_w48,rate0.95,base,0.5637405021641281,0.1882050699213676
91006,C,held_s10_w48,rate0.95,f3_0.9,0.5635656110056955,0.1880952380746501
91006,C,held_s10_w48,rate0.95,f3_1.1,0.5640146259877675,0.18835095355921327
