seed,arm,side,case,plan,chain,parent,learned_kl,single_conditional_kl,parallel_factorization_kl,identity_residual,learned_tv,oracle_tv
91001,A,2,0,sequential_row,2,302,0.00016800234255504335,0.00016800234255478564,1.392577131838673e-16,1.184571432159371e-16,0.0031928691009840355,1.8458541986565713e-16
91001,A,2,0,sequential_reverse,2,302,0.0003913310286539208,0.0003913310286537369,1.2783064422277546e-16,5.605004423076609e-17,0.005540764461824818,1.8084492237058214e-16
91001,A,2,0,parallel_rows,2,302,0.010772737369114695,6.890712201414306e-05,0.01070383024710035,2.0122792321330962e-16,0.019805003408370405,0.01791961140667262
91001,A,2,0,parallel_all,2,302,0.02283921901375477,0.00038505785403595416,0.022454161159718773,4.163336342344337e-17,0.04241874372414654,0.03469374096026502
91001,A,2,1,sequential_row,1,180,0.010440657327252096,0.010440657327252058,1.6235063596202448e-16,-1.2418671949053472e-16,0.053518011359805336,9.860818758755663e-17
91001,A,2,1,sequential_reverse,1,180,0.0014959212141626025,0.0014959212141623386,9.245668782023586e-17,1.7143812096273593e-16,0.014699746128844528,6.277530578691071e-17
91001,A,2,1,parallel_rows,1,180,0.05229261717769694,0.00963679159403206,0.042655825583664805,7.632783294297951e-17,0.063566027052489,0.07643099063175535
91001,A,2,1,parallel_all,1,180,0.09277505029512649,0.001496977710669829,0.09127807258445662,4.163336342344337e-17,0.12890321949351216,0.12713284493992877
91001,A,2,2,sequential_row,3,477,0.005631777153798555,0.005631777153798612,3.477127354094468e-17,-9.201714824817931e-17,0.038550190252808786,1.1438332919722072e-16
91001,A,2,2,sequential_reverse,3,477,0.015214812124840812,0.01521481212484073,-1.650799004615839e-17,9.977471689304513e-17,0.06780781415260954,7.101524229780054e-17
91001,A,2,2,parallel_rows,3,477,0.097743217819442,0.008378868786038551,0.08936434903340353,-8.326672684688674e-17,0.17434269516161177,0.1425873515891449
91001,A,2,2,parallel_all,3,477,0.2260084405336233,0.029397912914547457,0.19661052761907577,5.551115123125783e-17,0.24461169020743423,0.2083214463269998
91001,A,2,3,sequential_row,2,374,0.011235066885167982,0.011235066885167969,6.994492386929991e-17,-5.606713606148546e-17,0.07142251236997962,8.500145032286355e-17
91001,A,2,3,sequential_reverse,2,374,0.010527932851390288,0.010527932851390212,9.013079704430275e-17,-1.3802964101323241e-17,0.06757733082015602,8.326672684688674e-17
91001,A,2,3,parallel_rows,2,374,0.05845859763037399,0.01580277204670915,0.042655825583664715,1.249000902703301e-16,0.0823622441884348,0.07643099063175535
91001,A,2,3,parallel_all,2,374,0.10887049747050587,0.017592424886049205,0.0912780725844566,6.938893903907228e-17,0.08970239997331758,0.12713284493992874
91001,A,2,4,sequential_row,0,115,0.0006222705780948292,0.0006222705780945914,1.392577131838673e-16,9.861624345945237e-17,0.004817046874929019,1.8458541986565713e-16
91001,A,2,4,sequential_reverse,0,115,0.0003716010158747005,0.00037160101587466654,1.2783064422277546e-16,-9.389511622397918e-17,0.0032365327590566178,1.8084492237058214e-16
91001,A,2,4,parallel_rows,0,115,0.011297955617920281,0.0005941253708198841,0.01070383024710035,4.683753385137379e-17,0.019627254704956118,0.01791961140667262
91001,A,2,4,parallel_all,0,115,0.022561896215343557,0.00010773505562461852,0.022454161159718773,1.6653345369377348e-16,0.03909117421143071,0.03469374096026502
91001,A,2,5,sequential_row,0,91,0.0005694363114219655,0.0005694363114217414,2.1969900529805143e-16,4.405583754702339e-18,0.006237986824858131,1.2067170179763664e-16
91001,A,2,5,sequential_reverse,0,91,0.00010934594816393198,0.00010934594816382322,2.1969900529805143e-16,-1.1093997487059926e-16,0.002179297180625994,1.2067170179763664e-16
91001,A,2,5,parallel_rows,0,91,0.01145065550646988,0.0007468252593694006,0.010703830247100341,1.3877787807814457e-16,0.022726010252296078,0.017919611406672524
91001,A,2,5,parallel_all,0,91,0.023121637774431256,0.0006674766147125107,0.022454161159718773,-2.7755575615628914e-17,0.04564903046916356,0.03469374096026502
91001,A,2,6,sequential_row,1,255,0.00015798893007485022,0.00015798893007477205,2.1969900529805143e-16,-1.4152802866184656e-16,0.004044308123968643,1.2067170179763664e-16
91001,A,2,6,sequential_reverse,1,255,0.00024059098087769043,0.0002405909808777106,2.1969900529805143e-16,-2.3986516570628183e-16,0.004413832287872067,1.2067170179763664e-16
91001,A,2,6,parallel_rows,1,255,0.01090075439563426,0.00019692414853374296,0.010703830247100341,1.7520707107365752e-16,0.014377587980668733,0.017919611406672524
91001,A,2,6,parallel_all,1,255,0.022515837495814553,6.167633609590708e-05,0.022454161159718773,-1.2836953722228372e-16,0.036221235763382896,0.03469374096026502
91001,A,2,7,sequential_row,3,503,0.013430224144299847,0.013430224144299898,-6.386097152497738e-17,1.355399072164997e-17,0.05948278458542387,1.3509159069169385e-16
91001,A,2,7,sequential_reverse,3,503,0.014498335321170022,0.014498335321170012,4.5363556903280127e-17,-3.4955216047419284e-17,0.06884113627520368,4.5319650809894085e-17
91001,A,2,7,parallel_rows,3,503,0.0955520363703094,0.015857381844633603,0.0796946545256758,0.0,0.10344322077067716,0.1393135410365498
91001,A,2,7,parallel_all,3,503,0.17138767329353508,0.022224387388757663,0.14916328590477723,1.6653345369377348e-16,0.15170131859789535,0.20485465439154277
91001,A,3,0,sequential_row,2,302,0.0014190463706001497,0.0014190463705998834,2.7139898275843563e-16,-5.118929195995744e-18,0.01426677686647046,2.726377587874388e-16
91001,A,3,0,sequential_reverse,2,302,0.001489672338350582,0.0014896723383502786,2.7333815608125206e-16,3.002161178019208e-17,0.014985188770942954,2.563308194532419e-16
91001,A,3,0,parallel_rows,2,302,0.04668996685777763,0.0012652980299344748,0.04542466882784291,2.498001805406602e-16,0.07161427672578843,0.05992572837017479
91001,A,3,0,parallel_all,2,302,0.10283955992458593,0.0027743258829648087,0.10006523404162083,2.914335439641036e-16,0.13682189052460444,0.11437973027076667
91001,A,3,1,sequential_row,1,180,0.004039594512681391,0.004039594512681167,2.8645662087327764e-16,-6.267729247226953e-17,0.03786064105231746,1.0556574400957203e-15
91001,A,3,1,sequential_reverse,1,180,0.0062874389986168275,0.00628743899861652,2.8541336054876076e-16,2.1632694699134097e-17,0.036714384935687155,1.0035830257862733e-15
91001,A,3,1,parallel_rows,1,180,0.1348586682969764,0.0028750806338074374,0.13198358766316876,2.220446049250313e-16,0.139317597995178,0.1506084824683627
91001,A,3,1,parallel_all,1,180,0.3203542080210593,0.00774755927051203,0.31260664875054645,8.326672684688674e-16,0.2702490737384903,0.2498696132065591
91001,A,3,2,sequential_row,3,477,0.003449519469852141,0.0034495194698520508,2.0500836705044057e-16,-1.148027462996466e-16,0.026809404326219703,1.3969537093172062e-15
91001,A,3,2,sequential_reverse,3,477,0.012724815972629682,0.012724815972629606,2.5681856919194607e-16,-1.8049073624896656e-16,0.06534557923791624,3.9650618112598663e-16
91001,A,3,2,parallel_rows,3,477,0.20141482349793705,0.002546614510358412,0.19886820898757862,0.0,0.2477481365032701,0.24379989098930305
91001,A,3,2,parallel_all,3,477,0.41333041158901623,0.0018186220321789923,0.411511789556837,2.7755575615628914e-16,0.2945769484111184,0.2926199311262086
91001,A,3,3,sequential_row,2,374,0.022617737350913027,0.022617737350912992,-6.009647553328655e-17,9.479094505282269e-17,0.09379901950210472,8.321853464265491e-16
91001,A,3,3,sequential_reverse,2,374,0.01803715555532874,0.01803715555532864,-9.635053292388172e-17,1.9696449453053653e-16,0.07707764348656942,6.419539093369602e-16
91001,A,3,3,parallel_rows,2,374,0.18413330061350014,0.029640569845968506,0.15449273076753162,2.7755575615628914e-17,0.15455149832814072,0.17259757882239307
91001,A,3,3,parallel_all,2,374,0.4431441938118911,0.03163240425505372,0.4115117895568367,6.661338147750939e-16,0.284541373043615,0.2926199311262066
91001,A,3,4,sequential_row,0,115,0.003803112818368322,0.003803112818368122,7.407517703470355e-17,1.2585170357162347e-16,0.01919222489170786,2.9553101952433197e-16
91001,A,3,4,sequential_reverse,0,115,0.00479583224612857,0.004795832246128533,6.351115507755e-17,-2.7081962082037055e-17,0.032199192092306775,3.0633642030910806e-16
91001,A,3,4,parallel_rows,0,115,0.08154194928509162,0.004794101388683173,0.07674784789640833,1.1102230246251565e-16,0.08566609224271672,0.09497481096339945
91001,A,3,4,parallel_all,0,115,0.1740207304131345,0.0018786547917907493,0.1721420756213437,5.551115123125783e-17,0.15887409738300182,0.17130040400988783
91001,A,3,5,sequential_row,0,91,0.002572118783046731,0.002572118783046699,2.2888077031793386e-16,-1.9678838601236293e-16,0.021236025969604458,7.163612588538019e-16
91001,A,3,5,sequential_reverse,0,91,0.0006530479452818774,0.0006530479452817031,2.696207645925929e-16,-9.528105525692376e-17,0.010770273886506091,5.720915301655708e-16
91001,A,3,5,parallel_rows,0,91,0.04959638135511006,0.004171712527267875,0.04542466882784282,-6.38378239159465e-16,0.08024769963135658,0.059925728370173424
91001,A,3,5,parallel_all,0,91,0.10879481681796455,0.008729582776344887,0.10006523404162085,-1.1934897514720433e-15,0.15728667393127477,0.11437973027076406
91001,A,3,6,sequential_row,1,255,0.007913562260490267,0.007913562260490345,1.3796205454177018e-16,-2.160246109607265e-16,0.04617032007761564,1.1729171806852533e-15
91001,A,3,6,sequential_reverse,1,255,0.00114850949978282,0.0011485094997825092,2.292504292996012e-16,8.148191333474435e-17,0.015600587625578775,1.6912982871453412e-15
91001,A,3,6,parallel_rows,1,255,0.0805860501897348,0.0055741863080858225,0.07501186388164897,1.3877787807814457e-17,0.07826271722737328,0.0916575992147839
91001,A,3,6,parallel_all,1,255,0.17481887551142922,0.0026767998900861724,0.17214207562134387,-8.326672684688674e-16,0.1779301507070401,0.1713004040098846
91001,A,3,7,sequential_row,3,503,0.00288335979659701,0.0028833597965969163,2.7139898275843563e-16,-1.7772391505568805e-16,0.013234217458458724,2.726377587874388e-16
91001,A,3,7,sequential_reverse,3,503,0.002170012145807209,0.002170012145807082,2.7333815608125206e-16,-1.4626966146595094e-16,0.012151729306372393,2.563308194532419e-16
91001,A,3,7,parallel_rows,3,503,0.04790139199742696,0.002476723169584216,0.04542466882784291,-1.5959455978986625e-16,0.06246222690814265,0.05992572837017479
91001,A,3,7,parallel_all,3,503,0.10054887561220169,0.0004836415705810631,0.10006523404162083,-2.0816681711721685e-16,0.12192354992243602,0.11437973027076667
91001,B,2,0,sequential_row,2,302,0.0007260425433563257,0.0007260425433561627,1.392577131838673e-16,2.3806293557952565e-17,0.00856178323209633,1.8458541986565713e-16
91001,B,2,0,sequential_reverse,2,302,0.0012962317123026141,0.0012962317123024233,1.2783064422277546e-16,6.298893813467332e-17,0.012249236415817122,1.8084492237058214e-16
91001,B,2,0,parallel_rows,2,302,0.011040768571166941,0.0003369383240665767,0.01070383024710035,1.5612511283791264e-17,0.02433513126319526,0.01791961140667262
91001,B,2,0,parallel_all,2,302,0.023356580625848663,0.0009024194661300083,0.022454161159718773,-1.1796119636642288e-16,0.047562659223334997,0.03469374096026502
91001,B,2,1,sequential_row,1,180,0.03969832154608344,0.0396983215460834,1.6235063596202448e-16,-1.2765616644248833e-16,0.120025563059004,9.860818758755663e-17
91001,B,2,1,sequential_reverse,1,180,0.06513096677586938,0.06513096677586917,9.245668782023586e-17,1.15710129296981e-16,0.1635506393720912,6.277530578691071e-17
91001,B,2,1,parallel_rows,1,180,0.09220766151430738,0.04955183593064261,0.042655825583664805,-2.7755575615628914e-17,0.14953946222405026,0.07643099063175535
91001,B,2,1,parallel_all,1,180,0.148407820078128,0.05712974749367129,0.09127807258445662,8.326672684688674e-17,0.17596130641487587,0.12713284493992877
91001,B,2,2,sequential_row,3,477,0.017085417268046386,0.017085417268046257,3.477127354094468e-17,9.359826368133905e-17,0.0719377444808087,1.1438332919722072e-16
91001,B,2,2,sequential_reverse,3,477,0.013396961076900181,0.0133969610769003,-1.650799004615839e-17,-1.014532063202645e-16,0.06526996259769824,7.101524229780054e-17
91001,B,2,2,parallel_rows,3,477,0.10682279963364948,0.01745845060024598,0.08936434903340353,-2.7755575615628914e-17,0.19213709520119576,0.1425873515891449
91001,B,2,2,parallel_all,3,477,0.22197870249845808,0.025368174879382473,0.19661052761907577,-1.6653345369377348e-16,0.267814337195727,0.2083214463269998
91001,B,2,3,sequential_row,2,374,0.005235052117024502,0.005235052117024438,6.994492386929991e-17,-6.6275169961464535e-18,0.03480303803688606,8.500145032286355e-17
91001,B,2,3,sequential_reverse,2,374,0.0032096713389449423,0.00320967133894476,9.013079704430275e-17,9.201516793326199e-17,0.026391000589672906,8.326672684688674e-17
91001,B,2,3,parallel_rows,2,374,0.04893769506304405,0.006281869479379258,0.042655825583664715,7.632783294297951e-17,0.05948515715298809,0.07643099063175535
91001,B,2,3,parallel_all,2,374,0.09488805182960482,0.0036099792451480955,0.0912780725844566,1.249000902703301e-16,0.10547395139087604,0.12713284493992874
91001,B,2,4,sequential_row,0,115,0.001707359277391567,0.001707359277391359,1.392577131838673e-16,6.869226349885245e-17,0.01496801650818271,1.8458541986565713e-16
91001,B,2,4,sequential_reverse,0,115,0.0012588161914624393,0.0012588161914623835,1.2783064422277546e-16,-7.210265255702054e-17,0.013483417358397932,1.8084492237058214e-16
91001,B,2,4,parallel_rows,0,115,0.012360869847924828,0.0016570396008243084,0.01070383024710035,1.700029006457271e-16,0.03196541078159156,0.01791961140667262
91001,B,2,4,parallel_all,0,115,0.02410202931548706,0.0016478681557682059,0.022454161159718773,8.326672684688674e-17,0.05271538168885311,0.03469374096026502
91001,B,2,5,sequential_row,0,91,0.0028140144355622903,0.002814014435562241,2.1969900529805143e-16,-1.7025938623271243e-16,0.023884076598398807,1.2067170179763664e-16
91001,B,2,5,sequential_reverse,0,91,0.0021547207517311796,0.002154720751730912,2.1969900529805143e-16,4.7882090871371067e-17,0.021420592877904345,1.2067170179763664e-16
91001,B,2,5,parallel_rows,0,91,0.01409739096618161,0.0033935607190812324,0.010703830247100341,3.642919299551295e-17,0.04375865743761218,0.017919611406672524
91001,B,2,5,parallel_all,0,91,0.026719648951983813,0.004265487792265045,0.022454161159718773,-6.938893903907228e-18,0.06457401157366358,0.03469374096026502
91001,B,2,6,sequential_row,1,255,0.00030450891618829514,0.000304508916188241,2.1969900529805143e-16,-1.6554310678240048e-16,0.004454161648251895,1.2067170179763664e-16
91001,B,2,6,sequential_reverse,1,255,0.0006003177340710725,0.0006003177340710764,2.1969900529805143e-16,-2.2360213311899927e-16,0.006168543390317253,1.2067170179763664e-16
91001,B,2,6,parallel_rows,1,255,0.010784067759351477,8.023751225111808e-05,0.010703830247100341,1.734723475976807e-17,0.0191439232855945,0.017919611406672524
91001,B,2,6,parallel_all,1,255,0.02261927732182884,0.00016511616211016246,0.022454161159718773,-9.367506770274758e-17,0.039187690744090266,0.03469374096026502
91001,B,2,7,sequential_row,3,503,0.01651316752492355,0.01651316752492353,-6.386097152497738e-17,8.467765323669906e-17,0.07193201719376333,1.3509159069169385e-16
91001,B,2,7,sequential_reverse,3,503,0.013336431526803263,0.013336431526803198,4.5363556903280127e-17,2.0555935183838543e-17,0.05749904097674675,4.5319650809894085e-17
91001,B,2,7,parallel_rows,3,503,0.09682151478651972,0.017126860260843896,0.0796946545256758,2.7755575615628914e-17,0.10789032150771873,0.1393135410365498
91001,B,2,7,parallel_all,3,503,0.16053059969895542,0.01136731379417806,0.14916328590477723,1.1102230246251565e-16,0.1727713764792347,0.20485465439154277
91001,B,3,0,sequential_row,2,302,0.002562900221136542,0.0025629002211362806,2.7139898275843563e-16,-9.889418754931963e-18,0.02259296090224033,2.726377587874388e-16
91001,B,3,0,sequential_reverse,2,302,0.005015346041820572,0.005015346041820153,2.7333815608125206e-16,1.4559756336714685e-16,0.033518248115235585,2.563308194532419e-16
91001,B,3,0,parallel_rows,2,302,0.04811480944009996,0.0026901406122568474,0.04542466882784291,2.0122792321330962e-16,0.08357293116773946,0.05992572837017479
91001,B,3,0,parallel_all,2,302,0.10966422098856404,0.009598986946943564,0.10006523404162083,-3.608224830031759e-16,0.160753404584481,0.11437973027076667
91001,B,3,1,sequential_row,1,180,0.024114684844306396,0.024114684844306053,2.8645662087327764e-16,5.701862737013016e-17,0.07081409620294306,1.0556574400957203e-15
91001,B,3,1,sequential_reverse,1,180,0.0291722013288482,0.029172201328847906,2.8541336054876076e-16,9.489630367296448e-18,0.07864685484057922,1.0035830257862733e-15
91001,B,3,1,parallel_rows,1,180,0.14618226469837559,0.01419867703520701,0.13198358766316876,-1.6653345369377348e-16,0.16360662899452857,0.1506084824683627
91001,B,3,1,parallel_all,1,180,0.3218903760404863,0.00928372728993959,0.31260664875054645,2.7755575615628914e-16,0.2584570449824789,0.2498696132065591
91001,B,3,2,sequential_row,3,477,0.008994760021201524,0.008994760021201004,2.0500836705044057e-16,3.154086757426016e-16,0.05015486537799558,1.3969537093172062e-15
91001,B,3,2,sequential_reverse,3,477,0.010520122745685132,0.010520122745684844,2.5681856919194607e-16,3.114552782020391e-17,0.05035133486065597,3.9650618112598663e-16
91001,B,3,2,parallel_rows,3,477,0.21040612191520158,0.011537912927622698,0.19886820898757862,2.7755575615628914e-16,0.2434475052017956,0.24379989098930305
91001,B,3,2,parallel_all,3,477,0.4239981441179444,0.012486354561107268,0.411511789556837,1.6653345369377348e-16,0.3082180894439543,0.2926199311262086
91001,B,3,3,sequential_row,2,374,0.02321436593729917,0.023214365937299294,-6.009647553328655e-17,-6.480361473704356e-17,0.08777598261769438,8.321853464265491e-16
91001,B,3,3,sequential_reverse,2,374,0.019005060221313003,0.019005060221312837,-9.635053292388172e-17,2.628839866176552e-16,0.0715157349115957,6.419539093369602e-16
91001,B,3,3,parallel_rows,2,374,0.1784192329439357,0.023926502176404418,0.15449273076753162,-3.3306690738754696e-16,0.16354116745988262,0.17259757882239307
91001,B,3,3,parallel_all,2,374,0.43612371772855046,0.024611928171713617,0.4115117895568367,1.6653345369377348e-16,0.3081151895387951,0.2926199311262066
91001,B,3,4,sequential_row,0,115,0.009984313815931397,0.009984313815931218,7.407517703470355e-17,1.0460134099090758e-16,0.04124389728189351,2.9553101952433197e-16
91001,B,3,4,sequential_reverse,0,115,0.01235102502680881,0.012351025026808593,6.351115507755e-17,1.5332927941955087e-16,0.04557825866984408,3.0633642030910806e-16
91001,B,3,4,parallel_rows,0,115,0.08354497271358448,0.006797124817176416,0.07674784789640833,-2.636779683484747e-16,0.10977405805267841,0.09497481096339945
91001,B,3,4,parallel_all,0,115,0.18137567618247363,0.009233600561130147,0.1721420756213437,-2.220446049250313e-16,0.19596839570391203,0.17130040400988783
91001,B,3,5,sequential_row,0,91,0.007046353670685701,0.007046353670685528,2.2888077031793386e-16,-5.5408422720253155e-17,0.04507160894313109,7.163612588538019e-16
91001,B,3,5,sequential_reverse,0,91,0.007410032887514265,0.007410032887514277,2.696207645925929e-16,-2.8176382892443053e-16,0.0468198078268974,5.720915301655708e-16
91001,B,3,5,parallel_rows,0,91,0.053415740149127144,0.007991071321285083,0.04542466882784282,-7.632783294297951e-16,0.10590358391360197,0.059925728370173424
91001,B,3,5,parallel_all,0,91,0.113451392204124,0.013386158162504906,0.10006523404162085,-1.762479051592436e-15,0.17288762903166066,0.11437973027076406
91001,B,3,6,sequential_row,1,255,0.00509146941217253,0.005091469412172548,1.3796205454177018e-16,-1.5617665103952665e-16,0.03343997039516736,1.1729171806852533e-15
91001,B,3,6,sequential_reverse,1,255,0.00333622017121888,0.003336220171218546,2.292504292996012e-16,1.0511752069492835e-16,0.025896619680539135,1.6912982871453412e-15
91001,B,3,6,parallel_rows,1,255,0.07846680944311807,0.00345494556146896,0.07501186388164897,1.3877787807814457e-16,0.08464875063540225,0.0916575992147839
91001,B,3,6,parallel_all,1,255,0.17539412005550237,0.003252044434158944,0.17214207562134387,-4.440892098500626e-16,0.1716739904204147,0.1713004040098846
91001,B,3,7,sequential_row,3,503,0.00509126966706612,0.005091269667065659,2.7139898275843563e-16,1.9003746185139505e-16,0.03188278516724746,2.726377587874388e-16
91001,B,3,7,sequential_reverse,3,503,0.004968307456150383,0.004968307456149957,2.7333815608125206e-16,1.5253645727105408e-16,0.0346624221542569,2.563308194532419e-16
91001,B,3,7,parallel_rows,3,503,0.04988423106851832,0.00445956224067536,0.04542466882784291,4.85722573273506e-17,0.08861544302057472,0.05992572837017479
91001,B,3,7,parallel_all,3,503,0.10942039202561998,0.0093551579839993,0.10006523404162083,-1.5265566588595902e-16,0.16144527788155782,0.11437973027076667
91001,C,2,0,sequential_row,2,302,0.0002059007450872772,0.00020590074508716822,1.392577131838673e-16,-3.026828979476197e-17,0.0035207222079610334,1.8458541986565713e-16
91001,C,2,0,sequential_reverse,2,302,0.0001784594146425839,0.0001784594146422863,1.2783064422277546e-16,1.6975574707018337e-16,0.004531320649273437,1.8084492237058214e-16
91001,C,2,0,parallel_rows,2,302,0.010832123814114188,0.00012829356701397616,0.01070383024710035,-1.3704315460216776e-16,0.019893389688498804,0.01791961140667262
91001,C,2,0,parallel_all,2,302,0.02265002392310392,0.0001958627633852908,0.022454161159718773,-1.4224732503009818e-16,0.040800632481691745,0.03469374096026502
91001,C,2,1,sequential_row,1,180,0.004610804684957715,0.004610804684957587,1.6235063596202448e-16,-3.398109873974075e-17,0.035754203192562395,9.860818758755663e-17
91001,C,2,1,sequential_reverse,1,180,0.004542955307488489,0.004542955307488281,9.245668782023586e-17,1.15710129296981e-16,0.03241946530266804,6.277530578691071e-17
91001,C,2,1,parallel_rows,1,180,0.04755634321452769,0.00490051763086292,0.042655825583664805,-3.469446951953614e-17,0.06524923616421177,0.07643099063175535
91001,C,2,1,parallel_all,1,180,0.09205729817873096,0.0007792255942743573,0.09127807258445662,-2.7755575615628914e-17,0.12601912191269057,0.12713284493992877
91001,C,2,2,sequential_row,3,477,0.005656566176324226,0.005656566176324244,3.477127354094468e-17,-5.2985870038701156e-17,0.042292657602924444,1.1438332919722072e-16
91001,C,2,2,sequential_reverse,3,477,0.005863792987569854,0.005863792987569772,-1.650799004615839e-17,9.803999341706832e-17,0.045117235494907156,7.101524229780054e-17
91001,C,2,2,parallel_rows,3,477,0.09763910140631363,0.008274752372910024,0.08936434903340353,8.326672684688674e-17,0.1747393727062619,0.1425873515891449
91001,C,2,2,parallel_all,3,477,0.2051654318445965,0.008554904225520429,0.19661052761907577,3.0531133177191805e-16,0.24148490791103397,0.2083214463269998
91001,C,2,3,sequential_row,2,374,0.002843343713561673,0.002843343713561648,6.994492386929991e-17,-4.479143346763621e-17,0.024815476625187047,8.500145032286355e-17
91001,C,2,3,sequential_reverse,2,374,0.0006289662496028991,0.0006289662496027923,9.013079704430275e-17,1.6663116945519434e-17,0.010691909409474109,8.326672684688674e-17
91001,C,2,3,parallel_rows,2,374,0.04889324112672084,0.006237415543056041,0.042655825583664715,8.326672684688674e-17,0.06132942972581452,0.07643099063175535
91001,C,2,3,parallel_all,2,374,0.09263703576717741,0.0013589631827206471,0.0912780725844566,1.6653345369377348e-16,0.12140950782513207,0.12713284493992874
91001,C,2,4,sequential_row,0,115,0.00029933065755941967,0.00029933065755931293,1.392577131838673e-16,-3.251800930266939e-17,0.0031586427678194024,1.8458541986565713e-16
91001,C,2,4,sequential_reverse,0,115,0.00010111943683040441,0.00010111943683027356,1.2783064422277546e-16,3.019005469068852e-18,0.0017208159442690621,1.8084492237058214e-16
91001,C,2,4,parallel_rows,0,115,0.01102937209504333,0.00032554184794296394,0.01070383024710035,1.5612511283791264e-17,0.018519326671166375,0.01791961140667262
91001,C,2,4,parallel_all,0,115,0.022495654963811593,4.149380409280155e-05,0.022454161159718773,1.734723475976807e-17,0.0371427337616162,0.03469374096026502
91001,C,2,5,sequential_row,0,91,0.0003670574493853415,0.000367057449385208,2.1969900529805143e-16,-8.617950775646156e-17,0.004421997824561453,1.2067170179763664e-16
91001,C,2,5,sequential_reverse,0,91,0.00010543961845803747,0.00010543961845786099,2.1969900529805143e-16,-4.3217996671723444e-17,0.0028649001639576566,1.2067170179763664e-16
91001,C,2,5,parallel_rows,0,91,0.011120281142720113,0.00041645089561967853,0.010703830247100341,9.367506770274758e-17,0.021992360588495293,0.017919611406672524
91001,C,2,5,parallel_all,0,91,0.022931204687727576,0.00047704352800879524,0.022454161159718773,6.938893903907228e-18,0.04417926906706571,0.03469374096026502
91001,C,2,6,sequential_row,1,255,0.00013612911864893695,0.0001361291186487159,2.1969900529805143e-16,1.3427126174307887e-18,0.003188828787047043,1.2067170179763664e-16
91001,C,2,6,sequential_reverse,1,255,0.0004520329536357526,0.00045203295363570843,2.1969900529805143e-16,-1.7551776676926712e-16,0.005399878262441916,1.2067170179763664e-16
91001,C,2,6,parallel_rows,1,255,0.010821429115964294,0.00011759886886391214,0.010703830247100341,4.163336342344337e-17,0.016223395420717802,0.017919611406672524
91001,C,2,6,parallel_all,1,255,0.022699867898056426,0.000245706738337692,0.022454161159718773,-3.8163916471489756e-17,0.039246620339001094,0.03469374096026502
91001,C,2,7,sequential_row,3,503,0.010830160829776538,0.010830160829776532,-6.386097152497738e-17,6.90651419529078e-17,0.05554225736707548,1.3509159069169385e-16
91001,C,2,7,sequential_reverse,3,503,0.007885804378977485,0.007885804378977613,4.5363556903280127e-17,-1.7373309412556386e-16,0.05001562190690495,4.5319650809894085e-17
91001,C,2,7,parallel_rows,3,503,0.09369562537685719,0.01400097085118146,0.0796946545256758,-6.938893903907228e-17,0.10120576271935687,0.1393135410365498
91001,C,2,7,parallel_all,3,503,0.15965619330154754,0.01049290739677013,0.14916328590477723,1.6653345369377348e-16,0.17061659563765585,0.20485465439154277
91001,C,3,0,sequential_row,2,302,0.0018433685170158695,0.0018433685170157273,2.7139898275843563e-16,-1.2915165772833745e-16,0.019737369764206855,2.726377587874388e-16
91001,C,3,0,sequential_reverse,2,302,0.0015550386953198424,0.0015550386953193628,2.7333815608125206e-16,2.063128850263351e-16,0.017424643608792895,2.563308194532419e-16
91001,C,3,0,parallel_rows,2,302,0.04745841657682445,0.0020337477489817024,0.04542466882784291,-1.5959455978986625e-16,0.0787553182596765,0.05992572837017479
91001,C,3,0,parallel_all,2,302,0.10599003605518635,0.005924802013565777,0.10006523404162083,-2.636779683484747e-16,0.1506890836819886,0.11437973027076667
91001,C,3,1,sequential_row,1,180,0.0020356232458669105,0.002035623245866718,2.8645662087327764e-16,-9.390231503985205e-17,0.02360615672394585,1.0556574400957203e-15
91001,C,3,1,sequential_reverse,1,180,0.005014277131743461,0.0050142771317431035,2.8541336054876076e-16,7.19396755024615e-17,0.03125415116475862,1.0035830257862733e-15
91001,C,3,1,parallel_rows,1,180,0.1341111919985457,0.0021276043353770824,0.13198358766316876,-1.3877787807814457e-16,0.14730695221899429,0.1506084824683627
91001,C,3,1,parallel_all,1,180,0.31957891603162725,0.006972267281079966,0.31260664875054645,8.326672684688674e-16,0.26685101365464503,0.2498696132065591
91001,C,3,2,sequential_row,3,477,0.0051561307800643726,0.005156130780064114,2.0500836705044057e-16,5.3465430870103687e-17,0.03869399778778678,1.3969537093172062e-15
91001,C,3,2,sequential_reverse,3,477,0.007939907654021916,0.007939907654021531,2.5681856919194607e-16,1.282900424749051e-16,0.05146029978054776,3.9650618112598663e-16
91001,C,3,2,parallel_rows,3,477,0.20500368338359426,0.006135474396015413,0.19886820898757862,2.220446049250313e-16,0.24950779788204755,0.24379989098930305
91001,C,3,2,parallel_all,3,477,0.4173234436626437,0.0058116541058066745,0.411511789556837,0.0,0.3166294096661097,0.2926199311262086
91001,C,3,3,sequential_row,2,374,0.0165705065714078,0.016570506571407653,-6.009647553328655e-17,2.0581324751533836e-16,0.07613119160528439,8.321853464265491e-16
91001,C,3,3,sequential_reverse,2,374,0.00939269855895579,0.009392698558955756,-9.635053292388172e-17,1.2931027896744105e-16,0.049573581674013885,6.419539093369602e-16
91001,C,3,3,parallel_rows,2,374,0.1802088866837344,0.025716155916202743,0.15449273076753162,2.7755575615628914e-17,0.14137050180370295,0.17259757882239307
91001,C,3,3,parallel_all,2,374,0.43494848692869503,0.023436697371857385,0.4115117895568367,9.43689570931383e-16,0.2730887444901548,0.2926199311262066
91001,C,3,4,sequential_row,0,115,0.0023400957456074394,0.00234009574560743,7.407517703470355e-17,-6.453419791683111e-17,0.01629966450130064,2.9553101952433197e-16
91001,C,3,4,sequential_reverse,0,115,0.0017739349700691596,0.0017739349700689726,6.351115507755e-17,1.2340529945895095e-16,0.013966403221084788,3.0633642030910806e-16
91001,C,3,4,parallel_rows,0,115,0.07890549651609631,0.002157648619687912,0.07674784789640833,6.938893903907228e-17,0.09407561650799358,0.09497481096339945
91001,C,3,4,parallel_all,0,115,0.17302246682069972,0.0008803911993558366,0.1721420756213437,1.6653345369377348e-16,0.1749205559780917,0.17130040400988783
91001,C,3,5,sequential_row,0,91,0.0020236252237495547,0.002023625223749561,2.2888077031793386e-16,-2.349523024838527e-16,0.01533559914462412,7.163612588538019e-16
91001,C,3,5,sequential_reverse,0,91,0.0006875377059514087,0.0006875377059514006,2.696207645925929e-16,-2.6159766851620014e-16,0.007513314355374182,5.720915301655708e-16
91001,C,3,5,parallel_rows,0,91,0.048478625868539536,0.003053957040697092,0.04542466882784282,-3.8163916471489756e-16,0.06984132389268993,0.059925728370173424
91001,C,3,5,parallel_all,0,91,0.1063574650661526,0.00629223102453253,0.10006523404162085,-7.771561172376096e-16,0.14420856447046337,0.11437973027076406
91001,C,3,6,sequential_row,1,255,0.0017713352874230656,0.0017713352874230742,1.3796205454177018e-16,-1.4663567192165421e-16,0.013247213248933288,1.1729171806852533e-15
91001,C,3,6,sequential_reverse,1,255,0.001091113845101889,0.0010911138451017998,2.292504292996012e-16,-1.4012901072129275e-16,0.013817318065105054,1.6912982871453412e-15
91001,C,3,6,parallel_rows,1,255,0.0791953423394634,0.004183478457814706,0.07501186388164897,-2.7755575615628914e-16,0.10998175044143955,0.0916575992147839
91001,C,3,6,parallel_all,1,255,0.18171385677935198,0.009571781158009787,0.17214207562134387,-1.6653345369377348e-15,0.20542625207996118,0.1713004040098846
91001,C,3,7,sequential_row,3,503,0.0013786261483096063,0.0013786261483092605,2.7139898275843563e-16,7.446151026444028e-17,0.011003376465608342,2.726377587874388e-16
91001,C,3,7,sequential_reverse,3,503,0.001206943142761302,0.0012069431427607423,2.7333815608125206e-16,2.8632700535576533e-16,0.01190848803267657,2.563308194532419e-16
91001,C,3,7,parallel_rows,3,503,0.04654188683491905,0.0011172180070762204,0.04542466882784291,-7.632783294297951e-17,0.063074913812284,0.05992572837017479
91001,C,3,7,parallel_all,3,503,0.10112524756299143,0.0010600135213706054,0.10006523404162083,-1.3877787807814457e-17,0.12954670527924764,0.11437973027076667
91002,A,2,0,sequential_row,2,302,0.0009768213358549108,0.000976821335854927,1.392577131838673e-16,-1.5552074577114987e-16,0.011226694322460297,1.8458541986565713e-16
91002,A,2,0,sequential_reverse,2,302,0.0010444388950036076,0.0010444388950034546,1.2783064422277546e-16,2.5258702532177762e-17,0.011308707595290091,1.8084492237058214e-16
91002,A,2,0,parallel_rows,2,302,0.01183220562506452,0.0011283753779641487,0.01070383024710035,2.0816681711721685e-17,0.010299942430574376,0.01791961140667262
91002,A,2,0,parallel_all,2,302,0.02335131781419547,0.0008971566544767019,0.022454161159718773,-3.469446951953614e-18,0.02174413628630818,0.03469374096026502
91002,A,2,1,sequential_row,1,180,0.016962849440996904,0.016962849440996734,1.6235063596202448e-16,7.652264683702618e-18,0.07911340561309385,9.860818758755663e-17
91002,A,2,1,sequential_reverse,1,180,0.002768428405302675,0.002768428405302607,9.245668782023586e-17,-2.4368791388146182e-17,0.03278514344410051,6.277530578691071e-17
91002,A,2,1,parallel_rows,1,180,0.05501265476921045,0.012356829185545695,0.042655825583664805,-4.85722573273506e-17,0.06651204503053987,0.07643099063175535
91002,A,2,1,parallel_all,1,180,0.09747532414002502,0.006197251555568467,0.09127807258445662,-6.938893903907228e-17,0.11054878861020104,0.12713284493992877
91002,A,2,2,sequential_row,3,477,0.002162208819577593,0.0021622088195777027,3.477127354094468e-17,-1.4449253339647772e-16,0.020844960827465252,1.1438332919722072e-16
91002,A,2,2,sequential_reverse,3,477,0.001464739188834701,0.0014647391888347257,-1.650799004615839e-17,-8.21181948651111e-18,0.020049185263159318,7.101524229780054e-17
91002,A,2,2,parallel_rows,3,477,0.09204583961950893,0.002681490586105548,0.08936434903340353,-1.3877787807814457e-16,0.1491518727575583,0.1425873515891449
91002,A,2,2,parallel_all,3,477,0.20087632472654166,0.0042657971074660265,0.19661052761907577,-1.3877787807814457e-16,0.22301257917869494,0.2083214463269998
91002,A,2,3,sequential_row,2,374,0.013105629204373859,0.01310562920437384,6.994492386929991e-17,-5.0862965633555034e-17,0.06342292855705181,8.500145032286355e-17
91002,A,2,3,sequential_reverse,2,374,0.016580051025323658,0.016580051025323405,9.013079704430275e-17,1.6313883044831107e-16,0.057906613714228644,8.326672684688674e-17
91002,A,2,3,parallel_rows,2,374,0.0689724200521658,0.026316594468501063,0.042655825583664715,2.7755575615628914e-17,0.08157227059034099,0.07643099063175535
91002,A,2,3,parallel_all,2,374,0.12262521823949404,0.03134714565503746,0.0912780725844566,-1.3877787807814457e-17,0.10242465320864344,0.12713284493992874
91002,A,2,4,sequential_row,0,115,0.0006709289788830817,0.0006709289788828341,1.392577131838673e-16,1.0837406301182191e-16,0.007083055328080055,1.8458541986565713e-16
91002,A,2,4,sequential_reverse,0,115,0.0008155813483049978,0.0008155813483048269,1.2783064422277546e-16,4.3039618160940034e-17,0.010330930769239959,1.8084492237058214e-16
91002,A,2,4,parallel_rows,0,115,0.011416089642339826,0.0007122593952394911,0.01070383024710035,-1.5612511283791264e-17,0.01017123228811392,0.01791961140667262
91002,A,2,4,parallel_all,0,115,0.022979676272598018,0.0005255151128793261,0.022454161159718773,-7.979727989493313e-17,0.025024074833801837,0.03469374096026502
91002,A,2,5,sequential_row,0,91,0.0007458506928125826,0.0007458506928125267,2.1969900529805143e-16,-1.637541731977994e-16,0.0058768344418851206,1.2067170179763664e-16
91002,A,2,5,sequential_reverse,0,91,0.00036942721565238167,0.00036942721565213035,2.1969900529805143e-16,3.16190582840885e-17,0.006045156343285056,1.2067170179763664e-16
91002,A,2,5,parallel_rows,0,91,0.011541433520669584,0.0008376032735691244,0.010703830247100341,1.1796119636642288e-16,0.015848284745866588,0.017919611406672524
91002,A,2,5,parallel_all,0,91,0.022684531560776364,0.0002303704010576175,0.022454161159718773,-2.7755575615628914e-17,0.03483673755414637,0.03469374096026502
91002,A,2,6,sequential_row,1,255,0.0003517369946426153,0.0003517369946425194,2.1969900529805143e-16,-1.2380132314170856e-16,0.005973092005699722,1.2067170179763664e-16
91002,A,2,6,sequential_reverse,1,255,0.0007686915330081716,0.0007686915330080447,2.1969900529805143e-16,-9.273893089999886e-17,0.006325563224226563,1.2067170179763664e-16
91002,A,2,6,parallel_rows,1,255,0.011040841272553767,0.0003370110254533869,0.010703830247100341,3.8163916471489756e-17,0.011207806315458058,0.017919611406672524
91002,A,2,6,parallel_all,1,255,0.022725384241356016,0.0002712230816372114,0.022454161159718773,3.122502256758253e-17,0.03327953435338328,0.03469374096026502
91002,A,2,7,sequential_row,3,503,0.022721516391906255,0.022721516391906206,-6.386097152497738e-17,1.1243322885232798e-16,0.0752472919887281,1.3509159069169385e-16
91002,A,2,7,sequential_reverse,3,503,0.007739462456085765,0.007739462456085661,4.5363556903280127e-17,5.871985165532829e-17,0.05064071740179979,4.5319650809894085e-17
91002,A,2,7,parallel_rows,3,503,0.11012761259186254,0.03043295806618692,0.0796946545256758,-1.8041124150158794e-16,0.1193334819236256,0.1393135410365498
91002,A,2,7,parallel_all,3,503,0.1807572608543211,0.031593974949543746,0.14916328590477723,1.1102230246251565e-16,0.1477092084960412,0.20485465439154277
91002,A,3,0,sequential_row,2,302,0.0020808423970026502,0.002080842397002423,2.7139898275843563e-16,-4.4150207405473904e-17,0.016652048870565896,2.726377587874388e-16
91002,A,3,0,sequential_reverse,2,302,0.002975114032673017,0.0029751140326727014,2.7333815608125206e-16,4.238151654652683e-17,0.02023742093632268,2.563308194532419e-16
91002,A,3,0,parallel_rows,2,302,0.04706964903687463,0.0016449802090316506,0.04542466882784291,7.632783294297951e-17,0.04627680796238134,0.05992572837017479
91002,A,3,0,parallel_all,2,302,0.10032949171225161,0.00026425767063057153,0.10006523404162083,2.0816681711721685e-16,0.11414220484630945,0.11437973027076667
91002,A,3,1,sequential_row,1,180,0.015669459520323063,0.015669459520322955,2.8645662087327764e-16,-1.789037653627156e-16,0.06746729283516344,1.0556574400957203e-15
91002,A,3,1,sequential_reverse,1,180,0.017262245447827358,0.017262245447827597,2.8541336054876076e-16,-5.248052002335601e-16,0.07208500860183205,1.0035830257862733e-15
91002,A,3,1,parallel_rows,1,180,0.15205343577706454,0.02006984811389638,0.13198358766316876,-6.106226635438361e-16,0.11505374812946423,0.1506084824683627
91002,A,3,1,parallel_all,1,180,0.34070894275282537,0.028102294002280682,0.31260664875054645,-1.7763568394002505e-15,0.19376380419766065,0.2498696132065591
91002,A,3,2,sequential_row,3,477,0.007271350028722277,0.007271350028722184,2.0500836705044057e-16,-1.1133329934769299e-16,0.0445757759698609,1.3969537093172062e-15
91002,A,3,2,sequential_reverse,3,477,0.007513421739091803,0.007513421739091303,2.5681856919194607e-16,2.4278179188937437e-16,0.05034639307846429,3.9650618112598663e-16
91002,A,3,2,parallel_rows,3,477,0.20620157455185845,0.007333365564279928,0.19886820898757862,-1.1102230246251565e-16,0.25446395821602,0.24379989098930305
91002,A,3,2,parallel_all,3,477,0.4151403183917869,0.0036285288349499783,0.411511789556837,-5.551115123125783e-17,0.2983293505419673,0.2926199311262086
91002,A,3,3,sequential_row,2,374,0.04417865096242626,0.044178650962426305,-6.009647553328655e-17,1.152421820593595e-17,0.12295410576843906,8.321853464265491e-16
91002,A,3,3,sequential_reverse,2,374,0.028608216817851147,0.02860821681785112,-9.635053292388172e-17,1.2410610853951063e-16,0.08315068877963576,6.419539093369602e-16
91002,A,3,3,parallel_rows,2,374,0.22611414401657892,0.07162141324904697,0.15449273076753162,3.3306690738754696e-16,0.16488976036274375,0.17259757882239307
91002,A,3,3,parallel_all,2,374,0.5070054568066806,0.09549366724984236,0.4115117895568367,1.5543122344752192e-15,0.28214871403782504,0.2926199311262066
91002,A,3,4,sequential_row,0,115,0.004359248219992392,0.004359248219992246,7.407517703470355e-17,7.164159494734824e-17,0.027674950894349886,2.9553101952433197e-16
91002,A,3,4,sequential_reverse,0,115,0.005528862485697105,0.005528862485696931,6.351115507755e-17,1.099611925201307e-16,0.03151648090197515,3.0633642030910806e-16
91002,A,3,4,parallel_rows,0,115,0.08096705528725526,0.0042192073908468575,0.07674784789640833,6.938893903907228e-17,0.07492511384761198,0.09497481096339945
91002,A,3,4,parallel_all,0,115,0.17590475072508321,0.0037626751037395903,0.1721420756213437,-8.326672684688674e-17,0.14800955185541764,0.17130040400988783
91002,A,3,5,sequential_row,0,91,0.0032375799106332025,0.0032375799106331526,2.2888077031793386e-16,-1.7900747038360066e-16,0.018448852534358892,7.163612588538019e-16
91002,A,3,5,sequential_reverse,0,91,0.0013467769580851388,0.0013467769580851176,2.696207645925929e-16,-2.48370402011877e-16,0.014243479341879835,5.720915301655708e-16
91002,A,3,5,parallel_rows,0,91,0.048773499036196565,0.003348830208354203,0.04542466882784282,-4.649058915617843e-16,0.06739589488837379,0.059925728370173424
91002,A,3,5,parallel_all,0,91,0.10304927949970233,0.0029840454580819073,0.10006523404162085,-4.3021142204224816e-16,0.13566132892495733,0.11437973027076406
91002,A,3,6,sequential_row,1,255,0.0059440207569757125,0.005944020756975853,1.3796205454177018e-16,-2.7847465609589155e-16,0.03819051894491273,1.1729171806852533e-15
91002,A,3,6,sequential_reverse,1,255,0.0032910503436662537,0.003291050343665905,2.292504292996012e-16,1.19428989371737e-16,0.023603585386415764,1.6912982871453412e-15
91002,A,3,6,parallel_rows,1,255,0.07852149989551765,0.0035096360138690535,0.07501186388164897,-3.7470027081099033e-16,0.07816496597022626,0.0916575992147839
91002,A,3,6,parallel_all,1,255,0.173984499085806,0.0018424234644622947,0.17214207562134387,-1.6653345369377348e-16,0.1666546341149013,0.1713004040098846
91002,A,3,7,sequential_row,3,503,0.0034140415869840504,0.003414041586983934,2.7139898275843563e-16,-1.5517250986798956e-16,0.02010333673658556,2.726377587874388e-16
91002,A,3,7,sequential_reverse,3,503,0.003254951692239094,0.0032549516922388854,2.7333815608125206e-16,-6.4737658095041e-17,0.021928321151405073,2.563308194532419e-16
91002,A,3,7,parallel_rows,3,503,0.04846186091480774,0.003037192086965051,0.04542466882784291,-2.220446049250313e-16,0.04533920402029438,0.05992572837017479
91002,A,3,7,parallel_all,3,503,0.1006105971788846,0.0005453631372638804,0.10006523404162083,-1.1102230246251565e-16,0.10572124112115068,0.11437973027076667
91002,B,2,0,sequential_row,2,302,0.0004529660325233225,0.00045296603252318343,1.392577131838673e-16,-2.0878456260135815e-19,0.004727832610907265,1.8458541986565713e-16
91002,B,2,0,sequential_reverse,2,302,0.0004900631958805676,0.0004900631958805444,1.2783064422277546e-16,-1.0462871773158567e-16,0.00819561898193888,1.8084492237058214e-16
91002,B,2,0,parallel_rows,2,302,0.010840484396679707,0.00013665414957937983,0.01070383024710035,-2.2551405187698492e-17,0.017993581302325652,0.01791961140667262
91002,B,2,0,parallel_all,2,302,0.02267558295921671,0.00022142179949810056,0.022454161159718773,-1.6306400674181987e-16,0.03647780992875701,0.03469374096026502
91002,B,2,1,sequential_row,1,180,0.05934852006763922,0.05934852006763908,1.6235063596202448e-16,-1.663386397997268e-17,0.16434859052944006,9.860818758755663e-17
91002,B,2,1,sequential_reverse,1,180,0.08054803229116775,0.08054803229116757,9.245668782023586e-17,8.795455368135208e-17,0.1864650997905611,6.277530578691071e-17
91002,B,2,1,parallel_rows,1,180,0.09725732893796413,0.0546015033542993,0.042655825583664805,2.0816681711721685e-17,0.16289786747485568,0.07643099063175535
91002,B,2,1,parallel_all,1,180,0.16533603679516454,0.07405796421070779,0.09127807258445662,1.249000902703301e-16,0.1993715836227789,0.12713284493992877
91002,B,2,2,sequential_row,3,477,0.011143897128596298,0.011143897128596113,3.477127354094468e-17,1.5084413838857368e-16,0.042221857157964386,1.1438332919722072e-16
91002,B,2,2,sequential_reverse,3,477,0.00967014034814569,0.009670140348145635,-1.650799004615839e-17,7.201914127741621e-17,0.05844761758078827,7.101524229780054e-17
91002,B,2,2,parallel_rows,3,477,0.09447303375441435,0.0051086847210107976,0.08936434903340353,2.7755575615628914e-17,0.1587415478523197,0.1425873515891449
91002,B,2,2,parallel_all,3,477,0.20844042179134448,0.01182989417226864,0.19661052761907577,5.551115123125783e-17,0.23289265799432057,0.2083214463269998
91002,B,2,3,sequential_row,2,374,0.0017397347784519211,0.0017397347784517782,6.994492386929991e-17,7.295292246428957e-17,0.0143764991863781,8.500145032286355e-17
91002,B,2,3,sequential_reverse,2,374,0.0024877059581036656,0.002487705958103616,9.013079704430275e-17,-4.069117797896375e-17,0.03013835530223323,8.326672684688674e-17
91002,B,2,3,parallel_rows,2,374,0.04573155650247335,0.003075730918808386,0.042655825583664715,2.42861286636753e-16,0.07685732525669386,0.07643099063175535
91002,B,2,3,parallel_all,2,374,0.09441197335116065,0.0031339007667039354,0.0912780725844566,1.249000902703301e-16,0.1314437179196326,0.12713284493992874
91002,B,2,4,sequential_row,0,115,0.0014311964184334437,0.0014311964184332286,1.392577131838673e-16,7.584799783725678e-17,0.016333827582893264,1.8458541986565713e-16
91002,B,2,4,sequential_reverse,0,115,0.0013737985894449562,0.001373798589444768,1.2783064422277546e-16,6.03868529207081e-17,0.01567962088535944,1.8084492237058214e-16
91002,B,2,4,parallel_rows,0,115,0.011922829844393034,0.0012189995972926877,0.01070383024710035,-3.469446951953614e-18,0.03236450907211436,0.01791961140667262
91002,B,2,4,parallel_all,0,115,0.023724366431582773,0.0012702052718641186,0.022454161159718773,-1.1796119636642288e-16,0.05065231160198452,0.03469374096026502
91002,B,2,5,sequential_row,0,91,0.003427343467311334,0.0034273434673114667,2.1969900529805143e-16,-3.524053512102772e-16,0.02556700659217839,1.2067170179763664e-16
91002,B,2,5,sequential_reverse,0,91,0.0035216942948025198,0.003521694294802315,2.1969900529805143e-16,-1.500163513278819e-17,0.028051922153970572,1.2067170179763664e-16
91002,B,2,5,parallel_rows,0,91,0.014814548716254374,0.004110718469153953,0.010703830247100341,7.979727989493313e-17,0.04494306519708227,0.017919611406672524
91002,B,2,5,parallel_all,0,91,0.028183347673789706,0.005729186514071023,0.022454161159718773,-9.020562075079397e-17,0.06962740821537557,0.03469374096026502
91002,B,2,6,sequential_row,1,255,0.0006180063959070545,0.0006180063959070488,2.1969900529805143e-16,-2.140611540011268e-16,0.009790222725437118,1.2067170179763664e-16
91002,B,2,6,sequential_reverse,1,255,0.0010067327608112393,0.0010067327608110801,2.1969900529805143e-16,-6.053812637717938e-17,0.011885905009874303,1.2067170179763664e-16
91002,B,2,6,parallel_rows,1,255,0.011047053435662259,0.0003432231885617868,0.010703830247100341,1.3183898417423734e-16,0.02481626066692177,0.017919611406672524
91002,B,2,6,parallel_all,1,255,0.02319644773093254,0.0007422865712137786,0.022454161159718773,-1.3877787807814457e-17,0.044816292704374525,0.03469374096026502
91002,B,2,7,sequential_row,3,503,0.013311734071876906,0.01331173407187705,-6.386097152497738e-17,-8.012107698109761e-17,0.05477167770004078,1.3509159069169385e-16
91002,B,2,7,sequential_reverse,3,503,0.005686721868810762,0.005686721868810866,4.5363556903280127e-17,-1.4944696546188856e-16,0.035527292453801096,4.5319650809894085e-17
91002,B,2,7,parallel_rows,3,503,0.09274913955416714,0.013054485028491377,0.0796946545256758,-4.163336342344337e-17,0.1069095726018968,0.1393135410365498
91002,B,2,7,parallel_all,3,503,0.15513240038318066,0.0059691144784034325,0.14916328590477723,0.0,0.17882718304881334,0.20485465439154277
91002,B,3,0,sequential_row,2,302,0.003895129223946194,0.0038951292239459137,2.7139898275843563e-16,8.758858611818713e-18,0.02707006449088914,2.726377587874388e-16
91002,B,3,0,sequential_reverse,2,302,0.003743650416597759,0.003743650416597659,2.7333815608125206e-16,-1.7315787534359145e-16,0.02760275233733584,2.563308194532419e-16
91002,B,3,0,parallel_rows,2,302,0.04859995744885437,0.003175288621011499,0.04542466882784291,-3.469446951953614e-17,0.08294709982209206,0.05992572837017479
91002,B,3,0,parallel_all,2,302,0.10531187634126123,0.005246642299640346,0.10006523404162083,4.163336342344337e-17,0.14615590204717346,0.11437973027076667
91002,B,3,1,sequential_row,1,180,0.027607502591428093,0.0276075025914275,2.8645662087327764e-16,3.068188079107904e-16,0.08677179683474989,1.0556574400957203e-15
91002,B,3,1,sequential_reverse,1,180,0.03745147963109596,0.037451479631095706,2.8541336054876076e-16,-2.867428610419331e-17,0.09500700869548337,1.0035830257862733e-15
91002,B,3,1,parallel_rows,1,180,0.15250999958141304,0.020526411918244142,0.13198358766316876,1.3877787807814457e-16,0.1819671687604647,0.1506084824683627
91002,B,3,1,parallel_all,1,180,0.3320746955860847,0.0194680468355376,0.31260664875054645,6.661338147750939e-16,0.2663614594720984,0.2498696132065591
91002,B,3,2,sequential_row,3,477,0.0064550668958663696,0.006455066895866183,2.0500836705044057e-16,-1.8525593382933808e-17,0.042023686190460374,1.3969537093172062e-15
91002,B,3,2,sequential_reverse,3,477,0.026563385021919197,0.026563385021919014,2.5681856919194607e-16,-7.293788073840452e-17,0.07962494157719005,3.9650618112598663e-16
91002,B,3,2,parallel_rows,3,477,0.2114060073149114,0.012537798327333285,0.19886820898757862,-4.996003610813204e-16,0.2506016730481567,0.24379989098930305
91002,B,3,2,parallel_all,3,477,0.43267468817002563,0.021162898613189606,0.411511789556837,-9.43689570931383e-16,0.25620791944112936,0.2926199311262086
91002,B,3,3,sequential_row,2,374,0.017053353463167137,0.01705335346316724,-6.009647553328655e-17,-4.3986933025321876e-17,0.07284878029324303,8.321853464265491e-16
91002,B,3,3,sequential_reverse,2,374,0.007443818878010734,0.007443818878010613,-9.635053292388172e-17,2.1778117624225821e-16,0.04359181153767438,6.419539093369602e-16
91002,B,3,3,parallel_rows,2,374,0.17394525608745054,0.019452525319918965,0.15449273076753162,-5.551115123125783e-17,0.13667111128619164,0.17259757882239307
91002,B,3,3,parallel_all,2,374,0.4267444606865604,0.015232671129723548,0.4115117895568367,1.6653345369377348e-16,0.28949910717192723,0.2926199311262066
91002,B,3,4,sequential_row,0,115,0.011909538428145402,0.011909538428145261,7.407517703470355e-17,6.643742451941782e-17,0.04674542819507051,2.9553101952433197e-16
91002,B,3,4,sequential_reverse,0,115,0.016881188845691036,0.016881188845690783,6.351115507755e-17,1.8975847241506382e-16,0.06792118088445011,3.0633642030910806e-16
91002,B,3,4,parallel_rows,0,115,0.08401261624358528,0.007264768347177257,0.07674784789640833,-3.191891195797325e-16,0.11486833837029359,0.09497481096339945
91002,B,3,4,parallel_all,0,115,0.18593343315723704,0.013791357535893818,0.1721420756213437,-4.718447854656915e-16,0.21118475581497928,0.17130040400988783
91002,B,3,5,sequential_row,0,91,0.010200672066445107,0.01020067206644518,2.2888077031793386e-16,-3.0173915630895976e-16,0.04862530188721822,7.163612588538019e-16
91002,B,3,5,sequential_reverse,0,91,0.013550300651672446,0.013550300651672561,2.696207645925929e-16,-3.8411251400706214e-16,0.065195724886645,5.720915301655708e-16
91002,B,3,5,parallel_rows,0,91,0.0599015096725712,0.014476840844729307,0.04542466882784282,-9.298117831235686e-16,0.113557897396793,0.059925728370173424
91002,B,3,5,parallel_all,0,91,0.12658055754978279,0.026515323508163623,0.10006523404162085,-1.6930901125533637e-15,0.19707642263722722,0.11437973027076406
91002,B,3,6,sequential_row,1,255,0.004877607079319191,0.00487760707931939,1.3796205454177018e-16,-3.37455254279103e-16,0.023197998910122745,1.1729171806852533e-15
91002,B,3,6,sequential_reverse,1,255,0.0029132722719796573,0.0029132722719796035,2.292504292996012e-16,-1.754740015443202e-16,0.026903000954255595,1.6912982871453412e-15
91002,B,3,6,parallel_rows,1,255,0.07691927997481726,0.0019074160931683536,0.07501186388164897,-6.938893903907228e-17,0.09089391083191892,0.0916575992147839
91002,B,3,6,parallel_all,1,255,0.17436635596480654,0.0022242803434635973,0.17214207562134387,-9.159339953157541e-16,0.18864463629450903,0.1713004040098846
91002,B,3,7,sequential_row,3,503,0.0028461513921565263,0.0028461513921562483,2.7139898275843563e-16,6.590454266847704e-18,0.016166471595438568,2.726377587874388e-16
91002,B,3,7,sequential_reverse,3,503,0.0016865768917219276,0.0016865768917215794,2.7333815608125206e-16,7.490758172109197e-17,0.01066347803035115,2.563308194532419e-16
91002,B,3,7,parallel_rows,3,503,0.04752176360664934,0.0020970947788068487,0.04542466882784291,-4.0939474033052647e-16,0.06351129623958514,0.05992572837017479
91002,B,3,7,parallel_all,3,503,0.10085932457967081,0.0007940905380501049,0.10006523404162083,-1.249000902703301e-16,0.12082210649227242,0.11437973027076667
91002,C,2,0,sequential_row,2,302,0.00011340552804176333,0.00011340552804158599,1.392577131838673e-16,3.807710465329302e-17,0.0033721854557645075,1.8458541986565713e-16
91002,C,2,0,sequential_reverse,2,302,0.0001261417505426928,0.00012614175054264027,1.2783064422277546e-16,-7.530104896585277e-17,0.0029814303598497192,1.8084492237058214e-16
91002,C,2,0,parallel_rows,2,302,0.010835239544369279,0.00013140929726891177,0.01070383024710035,1.734723475976807e-17,0.01552657005618624,0.01791961140667262
91002,C,2,0,parallel_all,2,302,0.022533169740093787,7.900858037523035e-05,0.022454161159718773,-2.1510571102112408e-16,0.03728191478222821,0.03469374096026502
91002,C,2,1,sequential_row,1,180,0.00809147342055265,0.00809147342055262,1.6235063596202448e-16,-1.3286033687041876e-16,0.0471507550902344,9.860818758755663e-17
91002,C,2,1,sequential_reverse,1,180,0.0135769916822132,0.013576991682213045,9.245668782023586e-17,6.193370154169997e-17,0.07807843540698586,6.277530578691071e-17
91002,C,2,1,parallel_rows,1,180,0.055212739509824665,0.012556913926159888,0.042655825583664805,-2.7755575615628914e-17,0.0731751245982136,0.07643099063175535
91002,C,2,1,parallel_all,1,180,0.10876400424166334,0.017485931657206764,0.09127807258445662,-4.163336342344337e-17,0.0883796238300687,0.12713284493992877
91002,C,2,2,sequential_row,3,477,0.006761493342849263,0.00676149334284921,3.477127354094468e-17,1.8137792476347935e-17,0.043549514540179926,1.1438332919722072e-16
91002,C,2,2,sequential_reverse,3,477,0.014159656691649689,0.01415965669164962,-1.650799004615839e-17,8.589692908523067e-17,0.07206620165293184,7.101524229780054e-17
91002,C,2,2,parallel_rows,3,477,0.0998082497823562,0.010443900748952756,0.08936434903340353,-8.326672684688674e-17,0.1237361683518911,0.1425873515891449
91002,C,2,2,parallel_all,3,477,0.20698764322838095,0.010377115609305163,0.19661052761907577,2.7755575615628914e-17,0.1891631722067695,0.2083214463269998
91002,C,2,3,sequential_row,2,374,0.0072716624435715735,0.007271662443571589,6.994492386929991e-17,-8.555743515309118e-17,0.05099575672379673,8.500145032286355e-17
91002,C,2,3,sequential_reverse,2,374,0.0054045628937138684,0.0054045628937138025,9.013079704430275e-17,-2.4211304957184083e-17,0.03848776671719897,8.326672684688674e-17
91002,C,2,3,parallel_rows,2,374,0.0577271028577961,0.015071277274131323,0.042655825583664715,6.245004513516506e-17,0.06897361878853744,0.07643099063175535
91002,C,2,3,parallel_all,2,374,0.09839362872995984,0.007115556145503133,0.0912780725844566,1.1102230246251565e-16,0.10131272299571614,0.12713284493992874
91002,C,2,4,sequential_row,0,115,0.0001496669655161845,0.0001496669655159045,1.392577131838673e-16,1.4073749786051422e-16,0.0029632008736642642,1.8458541986565713e-16
91002,C,2,4,sequential_reverse,0,115,0.00016415396845633357,0.00016415396845629956,1.2783064422277546e-16,-9.381380106104276e-17,0.003626008044972928,1.8084492237058214e-16
91002,C,2,4,parallel_rows,0,115,0.010973365382016707,0.000269535134916285,0.01070383024710035,7.28583859910259e-17,0.016576440942286184,0.01791961140667262
91002,C,2,4,parallel_all,0,115,0.022528295744008338,7.413458428966967e-05,0.022454161159718773,-1.0408340855860843e-16,0.03507668395626306,0.03469374096026502
91002,C,2,5,sequential_row,0,91,0.0018147234371209222,0.0018147234371207472,2.1969900529805143e-16,-4.470877465889101e-17,0.012369439385073174,1.2067170179763664e-16
91002,C,2,5,sequential_reverse,0,91,0.0002635041622572271,0.0002635041622569339,2.1969900529805143e-16,7.346926214202897e-17,0.0030746072401943033,1.2067170179763664e-16
91002,C,2,5,parallel_rows,0,91,0.012662710764153066,0.001958880517052727,0.010703830247100341,-1.734723475976807e-18,0.029005633261444966,0.017919611406672524
91002,C,2,5,parallel_all,0,91,0.024307105640994586,0.0018529444812757099,0.022454161159718773,1.0408340855860843e-16,0.04606912174993137,0.03469374096026502
91002,C,2,6,sequential_row,1,255,0.00030653472035299494,0.00030653472035284683,2.1969900529805143e-16,-7.159698853653152e-17,0.004553102363323819,1.2067170179763664e-16
91002,C,2,6,sequential_reverse,1,255,0.0004151873250585127,0.0004151873250582294,2.1969900529805143e-16,6.360302237241088e-17,0.004529526976504501,1.2067170179763664e-16
91002,C,2,6,parallel_rows,1,255,0.010966529806867817,0.00026269955976732356,0.010703830247100341,1.5265566588595902e-16,0.013783290948455512,0.017919611406672524
91002,C,2,6,parallel_all,1,255,0.022682113781806058,0.0002279526220872062,0.022454161159718773,7.979727989493313e-17,0.030884526583076007,0.03469374096026502
91002,C,2,7,sequential_row,3,503,0.008994734661135713,0.008994734661135559,-6.386097152497738e-17,2.182513608869132e-16,0.04202285154582283,1.3509159069169385e-16
91002,C,2,7,sequential_reverse,3,503,0.0043191891539320435,0.004319189153932125,4.5363556903280127e-17,-1.2689556027419007e-16,0.03766200018326845,4.5319650809894085e-17
91002,C,2,7,parallel_rows,3,503,0.08899395038216447,0.009299295856488707,0.0796946545256758,-4.163336342344337e-17,0.10986622122152728,0.1393135410365498
91002,C,2,7,parallel_all,3,503,0.15676319347853185,0.007599907573754406,0.14916328590477723,2.220446049250313e-16,0.17653541507720108,0.20485465439154277
91002,C,3,0,sequential_row,2,302,0.000940120343609649,0.0009401203436093377,2.7139898275843563e-16,3.987546096215269e-17,0.009821677517051148,2.726377587874388e-16
91002,C,3,0,sequential_reverse,2,302,0.0011045640856497223,0.0011045640856493103,2.7333815608125206e-16,1.3865866946323963e-16,0.012193696069340431,2.563308194532419e-16
91002,C,3,0,parallel_rows,2,302,0.04629453956306333,0.0008698707352203358,0.04542466882784291,8.326672684688674e-17,0.057680567943032585,0.05992572837017479
91002,C,3,0,parallel_all,2,302,0.10067710076606692,0.0006118667244460062,0.10006523404162083,8.326672684688674e-17,0.11637924270926223,0.11437973027076667
91002,C,3,1,sequential_row,1,180,0.010650862028028979,0.010650862028029081,2.8645662087327764e-16,-3.8880530595590926e-16,0.05047924145390041,1.0556574400957203e-15
91002,C,3,1,sequential_reverse,1,180,0.019454363755564325,0.019454363755564485,2.8541336054876076e-16,-4.45007920338627e-16,0.07482395652529959,1.0035830257862733e-15
91002,C,3,1,parallel_rows,1,180,0.15206954152092922,0.020085953857761515,0.13198358766316876,-1.0547118733938987e-15,0.11253748767361435,0.1506084824683627
91002,C,3,1,parallel_all,1,180,0.35323603308564444,0.040629384335100556,0.31260664875054645,-2.55351295663786e-15,0.1798468652395399,0.2498696132065591
91002,C,3,2,sequential_row,3,477,0.011638928162467109,0.011638928162467012,2.0500836705044057e-16,-1.0786385239573937e-16,0.06368199848221291,1.3969537093172062e-15
91002,C,3,2,sequential_reverse,3,477,0.006541587563274252,0.006541587563274196,2.5681856919194607e-16,-2.0130741796068824e-16,0.0411302726317366,3.9650618112598663e-16
91002,C,3,2,parallel_rows,3,477,0.20862554293767493,0.00975733395009645,0.19886820898757862,-1.3877787807814457e-16,0.25567920823026924,0.24379989098930305
91002,C,3,2,parallel_all,3,477,0.41988238645513776,0.008370596898300957,0.411511789556837,-1.6653345369377348e-16,0.30292860077616496,0.2926199311262086
91002,C,3,3,sequential_row,2,374,0.034061364899665866,0.03406136489966567,-6.009647553328655e-17,2.5438550484268896e-16,0.10587692224191457,8.321853464265491e-16
91002,C,3,3,sequential_reverse,2,374,0.020400945101210467,0.020400945101210488,-9.635053292388172e-17,7.553385121216003e-17,0.0747147071371918,6.419539093369602e-16
91002,C,3,3,parallel_rows,2,374,0.20338290394969882,0.04889017318216684,0.15449273076753162,3.608224830031759e-16,0.15990531385790774,0.17259757882239307
91002,C,3,3,parallel_all,2,374,0.4662309449648216,0.05471915540798354,0.4115117895568367,1.3322676295501878e-15,0.286885578127895,0.2926199311262066
91002,C,3,4,sequential_row,0,115,0.002837249411601493,0.0028372494116014717,7.407517703470355e-17,-5.2824814453987666e-17,0.022718078646196238,2.9553101952433197e-16
91002,C,3,4,sequential_reverse,0,115,0.0019052114877374645,0.0019052114877373906,6.351115507755e-17,1.0431433085961399e-17,0.017591191988442792,3.0633642030910806e-16
91002,C,3,4,parallel_rows,0,115,0.07905717011356843,0.0023093222171602155,0.07674784789640833,-1.1102230246251565e-16,0.08476895300873476,0.09497481096339945
91002,C,3,4,parallel_all,0,115,0.17340791123602647,0.0012658356146830988,0.1721420756213437,-3.3306690738754696e-16,0.1584344903210651,0.17130040400988783
91002,C,3,5,sequential_row,0,91,0.0036213693610504046,0.0036213693610501418,2.2888077031793386e-16,3.392983629255241e-17,0.020660956924497802,7.163612588538019e-16
91002,C,3,5,sequential_reverse,0,91,0.0012753575134353905,0.0012753575134354762,2.696207645925929e-16,-3.5527273621894773e-16,0.011296520835556973,5.720915301655708e-16
91002,C,3,5,parallel_rows,0,91,0.049296752366841404,0.003872083538998879,0.04542466882784282,-2.983724378680108e-16,0.06979036073737382,0.059925728370173424
91002,C,3,5,parallel_all,0,91,0.10305975052004762,0.0029945164784270745,0.10006523404162085,-3.0531133177191805e-16,0.12478303038488682,0.11437973027076406
91002,C,3,6,sequential_row,1,255,0.004298383552830378,0.00429838355283014,1.3796205454177018e-16,9.96950616670524e-17,0.03296090372859585,1.1729171806852533e-15
91002,C,3,6,sequential_reverse,1,255,0.0016309976399119883,0.0016309976399118962,2.292504292996012e-16,-1.3709324463833334e-16,0.019002887990744233,1.6912982871453412e-15
91002,C,3,6,parallel_rows,1,255,0.07655842255274195,0.0015465586710928154,0.07501186388164897,1.6653345369377348e-16,0.07729346466991663,0.0916575992147839
91002,C,3,6,parallel_all,1,255,0.1734557262906815,0.0013136506693375938,0.17214207562134387,5.551115123125783e-17,0.15971408892102767,0.1713004040098846
91002,C,3,7,sequential_row,3,503,0.0011300367135564484,0.0011300367135560064,2.7139898275843563e-16,1.7052182274665597e-16,0.00953522982159205,2.726377587874388e-16
91002,C,3,7,sequential_reverse,3,503,0.0011172266850332465,0.001117226685033087,2.7333815608125206e-16,-1.137435962913858e-16,0.00884351013153908,2.563308194532419e-16
91002,C,3,7,parallel_rows,3,503,0.04625585206822678,0.0008311832403835646,0.04542466882784291,3.0531133177191805e-16,0.06175546239739378,0.05992572837017479
91002,C,3,7,parallel_all,3,503,0.10033486756910134,0.00026963352748031146,0.10006523404162083,1.942890293094024e-16,0.11232789498041922,0.11437973027076667
91003,A,2,0,sequential_row,2,302,0.00033194467974453044,0.00033194467974437725,1.392577131838673e-16,1.3940053788334475e-17,0.006127168468162877,1.8458541986565713e-16
91003,A,2,0,sequential_reverse,2,302,0.0003148936438787716,0.00031489364387875636,1.2783064422277546e-16,-1.1259760369935413e-16,0.00456285623521351,1.8084492237058214e-16
91003,A,2,0,parallel_rows,2,302,0.011106147758627432,0.0004023175115271661,0.01070383024710035,-8.326672684688674e-17,0.012836094502685507,0.01791961140667262
91003,A,2,0,parallel_all,2,302,0.022539052540043153,8.489138032441569e-05,0.022454161159718773,-3.469446951953614e-17,0.03716435601533369,0.03469374096026502
91003,A,2,1,sequential_row,1,180,0.003696242131664522,0.003696242131664371,1.6235063596202448e-16,-1.142969355204226e-17,0.024526954878516704,9.860818758755663e-17
91003,A,2,1,sequential_reverse,1,180,0.007625454169787719,0.007625454169787423,9.245668782023586e-17,2.0331366483380976e-16,0.05652630207312212,6.277530578691071e-17
91003,A,2,1,parallel_rows,1,180,0.047865889374907794,0.00521006379124312,0.042655825583664805,-1.3183898417423734e-16,0.06430815387222631,0.07643099063175535
91003,A,2,1,parallel_all,1,180,0.09520614246433803,0.003928069879881486,0.09127807258445662,-6.938893903907228e-17,0.10775805415830993,0.12713284493992877
91003,A,2,2,sequential_row,3,477,0.008326366920496195,0.00832636692049623,3.477127354094468e-17,-6.946574306048082e-17,0.054070564626177986,1.1438332919722072e-16
91003,A,2,2,sequential_reverse,3,477,0.005416307628583274,0.00541630762858335,-1.650799004615839e-17,-5.895248115883272e-17,0.03683923863410795,7.101524229780054e-17
91003,A,2,2,parallel_rows,3,477,0.10320497425569683,0.01384062522229349,0.08936434903340353,-1.8041124150158794e-16,0.18851262736852115,0.1425873515891449
91003,A,2,2,parallel_all,3,477,0.21251852500197588,0.015907997382900222,0.19661052761907577,-1.1102230246251565e-16,0.2596246043402317,0.2083214463269998
91003,A,2,3,sequential_row,2,374,0.006696581021044402,0.006696581021044403,6.994492386929991e-17,-7.081228560728832e-17,0.04336960508834115,8.500145032286355e-17
91003,A,2,3,sequential_reverse,2,374,0.010052540320894969,0.010052540320894808,9.013079704430275e-17,7.119848622154031e-17,0.048724740676651744,8.326672684688674e-17
91003,A,2,3,parallel_rows,2,374,0.056188427116135684,0.01353260153247086,0.042655825583664715,1.0408340855860843e-16,0.06791344371003366,0.07643099063175535
91003,A,2,3,parallel_all,2,374,0.1190512669324151,0.027773194347958333,0.0912780725844566,1.8041124150158794e-16,0.09814173163072493,0.12713284493992874
91003,A,2,4,sequential_row,0,115,0.0004958987059982415,0.0004958987059980427,1.392577131838673e-16,5.947654503272566e-17,0.006767983577475961,1.8458541986565713e-16
91003,A,2,4,sequential_reverse,0,115,0.0004618191591481925,0.00046181915914804314,1.2783064422277546e-16,2.151820503710277e-17,0.006941841913527525,1.8084492237058214e-16
91003,A,2,4,parallel_rows,0,115,0.011409998970125321,0.000706168723025075,0.01070383024710035,-1.0408340855860843e-16,0.011737674391472781,0.01791961140667262
91003,A,2,4,parallel_all,0,115,0.022486977995991184,3.281683627247138e-05,0.022454161159718773,-6.245004513516506e-17,0.0324865783830951,0.03469374096026502
91003,A,2,5,sequential_row,0,91,0.0017258341046139593,0.0017258341046135438,2.1969900529805143e-16,1.9576726719839387e-16,0.014768351271930465,1.2067170179763664e-16
91003,A,2,5,sequential_reverse,0,91,0.0013119884725945495,0.0013119884725941986,2.1969900529805143e-16,1.311488177182578e-16,0.012519512888165704,1.2067170179763664e-16
91003,A,2,5,parallel_rows,0,91,0.013897312777638324,0.003193482530537718,0.010703830247100341,2.636779683484747e-16,0.03804160234195172,0.017919611406672524
91003,A,2,5,parallel_all,0,91,0.027172525911874235,0.004718364752155481,0.022454161159718773,-2.0816681711721685e-17,0.06607945359763179,0.03469374096026502
91003,A,2,6,sequential_row,1,255,0.00017513533243516542,0.000175135332435126,2.1969900529805143e-16,-1.8028825632820334e-16,0.0027319509995982973,1.2067170179763664e-16
91003,A,2,6,sequential_reverse,1,255,0.0006015672076236844,0.0006015672076234713,2.1969900529805143e-16,-6.544858187401256e-18,0.00690418756484188,1.2067170179763664e-16
91003,A,2,6,parallel_rows,1,255,0.011025690462308708,0.0003218602152085227,0.010703830247100341,-1.5612511283791264e-16,0.022268697595631465,0.017919611406672524
91003,A,2,6,parallel_all,1,255,0.023556893442155728,0.0011027322824371222,0.022454161159718773,-1.6653345369377348e-16,0.04900706832298164,0.03469374096026502
91003,A,2,7,sequential_row,3,503,0.015254559088286292,0.015254559088286292,-6.386097152497738e-17,6.386097152497738e-17,0.054701032866648354,1.3509159069169385e-16
91003,A,2,7,sequential_reverse,3,503,0.007515897606736554,0.007515897606736616,4.5363556903280127e-17,-1.0781360203844519e-16,0.05016558462984279,4.5319650809894085e-17
91003,A,2,7,parallel_rows,3,503,0.09833008737576432,0.018635432850088552,0.0796946545256758,-2.7755575615628914e-17,0.11842377297493158,0.1393135410365498
91003,A,2,7,parallel_all,3,503,0.17635922661515477,0.027195940710377408,0.14916328590477723,1.3877787807814457e-16,0.15236525174554316,0.20485465439154277
91003,A,3,0,sequential_row,2,302,0.001319907178844587,0.0013199071788443152,2.7139898275843563e-16,5.189221009288792e-19,0.013596793589750009,2.726377587874388e-16
91003,A,3,0,sequential_reverse,2,302,0.0024362667603370627,0.0024362667603367535,2.7333815608125206e-16,3.5876303511613806e-17,0.020339917733339152,2.563308194532419e-16
91003,A,3,0,parallel_rows,2,302,0.04794281102358233,0.0025181421957395076,0.04542466882784291,-8.326672684688674e-17,0.07470908329372175,0.05992572837017479
91003,A,3,0,parallel_all,2,302,0.10861874319733328,0.008553509155712792,0.10006523404162083,-3.469446951953614e-16,0.1588596421710283,0.11437973027076667
91003,A,3,1,sequential_row,1,180,0.003726386411364146,0.0037263864113641606,2.8645662087327764e-16,-3.012017704190805e-16,0.02851075102555091,1.0556574400957203e-15
91003,A,3,1,sequential_reverse,1,180,0.004006053624577958,0.004006053624577644,2.8541336054876076e-16,2.8571588603041326e-17,0.025788237386307228,1.0035830257862733e-15
91003,A,3,1,parallel_rows,1,180,0.1347649879317469,0.002781400268578319,0.13198358766316876,-1.6653345369377348e-16,0.15038536837663383,0.1506084824683627
91003,A,3,1,parallel_all,1,180,0.31446512023532913,0.0018584714847828328,0.31260664875054645,-1.6653345369377348e-16,0.24983182499837486,0.2498696132065591
91003,A,3,2,sequential_row,3,477,0.017993823963103252,0.017993823963102885,2.0500836705044057e-16,1.6275300985664253e-16,0.0773715556347779,1.3969537093172062e-15
91003,A,3,2,sequential_reverse,3,477,0.004972036486173162,0.004972036486172996,2.5681856919194607e-16,-9.115247723616099e-17,0.0347017918015277,3.9650618112598663e-16
91003,A,3,2,parallel_rows,3,477,0.21944978817339839,0.020581579185819432,0.19886820898757862,3.3306690738754696e-16,0.24421616837571064,0.24379989098930305
91003,A,3,2,parallel_all,3,477,0.4288301746608508,0.017318385104013522,0.411511789556837,3.3306690738754696e-16,0.320209093428907,0.2926199311262086
91003,A,3,3,sequential_row,2,374,0.027333329227306153,0.02733332922730602,-6.009647553328655e-17,1.919354597075239e-16,0.0998325189,8.321853464265491e-16
91003,A,3,3,sequential_reverse,2,374,0.01890235450072699,0.018902354500726998,-9.635053292388172e-17,8.941163901997449e-17,0.06907677009521797,6.419539093369602e-16
91003,A,3,3,parallel_rows,2,374,0.1965372446989,0.04204451393136836,0.15449273076753162,0.0,0.1534881630342406,0.17259757882239307
91003,A,3,3,parallel_all,2,374,0.47789109921462175,0.06637930965778406,0.4115117895568367,9.992007221626409e-16,0.2896595083147961,0.2926199311262066
91003,A,3,4,sequential_row,0,115,0.0025025068066618487,0.0025025068066618027,7.407517703470355e-17,-2.8105004921318165e-17,0.019615943136897355,2.9553101952433197e-16
91003,A,3,4,sequential_reverse,0,115,0.003193709021371146,0.003193709021370798,6.351115507755e-17,2.84734582724794e-16,0.02301705656619238,3.0633642030910806e-16
91003,A,3,4,parallel_rows,0,115,0.08023613260599133,0.003488284709583176,0.07674784789640833,-1.8041124150158794e-16,0.0877130785888892,0.09497481096339945
91003,A,3,4,parallel_all,0,115,0.1743784940553721,0.0022364184340284117,0.1721420756213437,-2.7755575615628914e-17,0.17551073009006,0.17130040400988783
91003,A,3,5,sequential_row,0,91,0.006244557586768348,0.006244557586768246,2.2888077031793386e-16,-1.2739944697329065e-16,0.04003447225201036,7.163612588538019e-16
91003,A,3,5,sequential_reverse,0,91,0.0035974408192947973,0.003597440819294962,2.696207645925929e-16,-4.3441949481038955e-16,0.029362190232679806,5.720915301655708e-16
91003,A,3,5,parallel_rows,0,91,0.055788901935521086,0.010364233107679048,0.04542466882784282,-7.840950111415168e-16,0.10472145167244204,0.059925728370173424
91003,A,3,5,parallel_all,0,91,0.1184051365136045,0.018339902471985334,0.10006523404162085,-1.6792123247455493e-15,0.17998898191405252,0.11437973027076406
91003,A,3,6,sequential_row,1,255,0.002614918052766345,0.002614918052766485,1.3796205454177018e-16,-2.7804097522689735e-16,0.01563180535990227,1.1729171806852533e-15
91003,A,3,6,sequential_reverse,1,255,0.001781331402791353,0.0017813314027911248,2.292504292996012e-16,-1.1342922086510835e-18,0.017250468689414475,1.6912982871453412e-15
91003,A,3,6,parallel_rows,1,255,0.07793669770725284,0.002924833825604029,0.07501186388164897,-1.6653345369377348e-16,0.101963869031144,0.0916575992147839
91003,A,3,6,parallel_all,1,255,0.17808979612591885,0.005947720504576304,0.17214207562134387,-1.3322676295501878e-15,0.19611158992258965,0.1713004040098846
91003,A,3,7,sequential_row,3,503,0.0018748068159935823,0.0018748068159931725,2.7139898275843563e-16,1.3842943844108504e-16,0.012501316949508042,2.726377587874388e-16
91003,A,3,7,sequential_reverse,3,503,0.001929262309563853,0.001929262309563756,2.7333815608125206e-16,-1.7641048186104796e-16,0.012773973776632462,2.563308194532419e-16
91003,A,3,7,parallel_rows,3,503,0.04825213858771765,0.0028274697598746315,0.04542466882784291,1.1102230246251565e-16,0.06790399408440513,0.05992572837017479
91003,A,3,7,parallel_all,3,503,0.10402729073890164,0.003962056697280755,0.10006523404162083,5.551115123125783e-17,0.14437941948673605,0.11437973027076667
91003,B,2,0,sequential_row,2,302,0.00028135474898518566,0.0002813547489850094,1.392577131838673e-16,3.6979349953651444e-17,0.006111540221193718,1.8458541986565713e-16
91003,B,2,0,sequential_reverse,2,302,0.0004492844852138911,0.00044928448521393684,1.2783064422277546e-16,-1.7358397590166375e-16,0.007915702461688554,1.8084492237058214e-16
91003,B,2,0,parallel_rows,2,302,0.01094000412365086,0.00023617387655043754,0.01070383024710035,7.28583859910259e-17,0.023087865434985602,0.01791961140667262
91003,B,2,0,parallel_all,2,302,0.023029949112529362,0.000575787952810675,0.022454161159718773,-8.673617379884035e-17,0.044469414009848184,0.03469374096026502
91003,B,2,1,sequential_row,1,180,0.036346287455901266,0.036346287455901224,1.6235063596202448e-16,-1.207172725385811e-16,0.10975959128731969,9.860818758755663e-17
91003,B,2,1,sequential_reverse,1,180,0.05105183377451463,0.051051833774514464,9.245668782023586e-17,7.407676587353762e-17,0.1315676510139825,6.277530578691071e-17
91003,B,2,1,parallel_rows,1,180,0.08126805472516704,0.03861222914150218,0.042655825583664805,5.551115123125783e-17,0.12871881717782055,0.07643099063175535
91003,B,2,1,parallel_all,1,180,0.13558689180094743,0.04430881921649076,0.09127807258445662,4.163336342344337e-17,0.14572841642109802,0.12713284493992877
91003,B,2,2,sequential_row,3,477,0.020557805470560294,0.020557805470560374,3.477127354094468e-17,-1.145685534358778e-16,0.07308987473479676,1.1438332919722072e-16
91003,B,2,2,sequential_reverse,3,477,0.01433676638235766,0.014336766382357636,-1.650799004615839e-17,4.079411870983369e-17,0.0645811443538522,7.101524229780054e-17
91003,B,2,2,parallel_rows,3,477,0.105255250412852,0.015890901379448458,0.08936434903340353,1.3877787807814457e-17,0.16149712967896154,0.1425873515891449
91003,B,2,2,parallel_all,3,477,0.21076474268414375,0.014154215065067937,0.19661052761907577,2.7755575615628914e-17,0.2273540145973857,0.2083214463269998
91003,B,2,3,sequential_row,2,374,0.0087057472026187,0.00870574720261865,6.994492386929991e-17,-2.1372666541949314e-17,0.062201056080482695,8.500145032286355e-17
91003,B,2,3,sequential_reverse,2,374,0.007704121374200512,0.007704121374200366,9.013079704430275e-17,5.558597493774904e-17,0.055583831177436024,8.326672684688674e-17
91003,B,2,3,parallel_rows,2,374,0.05801342019293112,0.015357594609266266,0.042655825583664715,1.3877787807814457e-16,0.07589585977714089,0.07643099063175535
91003,B,2,3,parallel_all,2,374,0.10213528043353011,0.010857207849073508,0.0912780725844566,0.0,0.09175954552284393,0.12713284493992874
91003,B,2,4,sequential_row,0,115,0.001434019569417648,0.001434019569417448,1.392577131838673e-16,6.066916742245972e-17,0.014045632359556037,1.8458541986565713e-16
91003,B,2,4,sequential_reverse,0,115,0.0007211893706672299,0.0007211893706672509,1.2783064422277546e-16,-1.4886416636899425e-16,0.010190999520021771,1.8084492237058214e-16
91003,B,2,4,parallel_rows,0,115,0.01274265904833763,0.0020388288012371854,0.01070383024710035,9.540979117872439e-17,0.03324463217680293,0.01791961140667262
91003,B,2,4,parallel_all,0,115,0.02469189014647654,0.0022377289867579033,0.022454161159718773,-1.3530843112619095e-16,0.054492534906887796,0.03469374096026502
91003,B,2,5,sequential_row,0,91,0.0020002576693460227,0.0020002576693461714,2.1969900529805143e-16,-3.6845154336306266e-16,0.015623585172483946,1.2067170179763664e-16
91003,B,2,5,sequential_reverse,0,91,0.0012292804455197295,0.0012292804455194784,2.1969900529805143e-16,3.14022178495914e-17,0.009469691948843461,1.2067170179763664e-16
91003,B,2,5,parallel_rows,0,91,0.012848343786895092,0.002144513539794657,0.010703830247100341,9.367506770274758e-17,0.03357293701741396,0.017919611406672524
91003,B,2,5,parallel_all,0,91,0.02467933740783246,0.002225176248113574,0.022454161159718773,1.1449174941446927e-16,0.05243380268195096,0.03469374096026502
91003,B,2,6,sequential_row,1,255,0.0006770771666865091,0.0006770771666866698,2.1969900529805143e-16,-3.803777672604032e-16,0.008737525678938672,1.2067170179763664e-16
91003,B,2,6,sequential_reverse,1,255,0.00018831251746602163,0.00018831251746579688,2.1969900529805143e-16,5.0561050581936414e-18,0.0025303847645706304,1.2067170179763664e-16
91003,B,2,6,parallel_rows,1,255,0.011212327928241844,0.0005084976811416007,0.010703830247100341,-9.71445146547012e-17,0.02306400224071202,0.017919611406672524
91003,B,2,6,parallel_all,1,255,0.02263532466943325,0.0001811635097145577,0.022454161159718773,-7.979727989493313e-17,0.03897200640831958,0.03469374096026502
91003,B,2,7,sequential_row,3,503,0.003564973330990354,0.0035649733309903206,-6.386097152497738e-17,9.725439843753091e-17,0.023345078404692347,1.3509159069169385e-16
91003,B,2,7,sequential_reverse,3,503,0.001777472955203781,0.0017774729552039147,4.5363556903280127e-17,-1.7893726455349428e-16,0.016969905925101086,4.5319650809894085e-17
91003,B,2,7,parallel_rows,3,503,0.08309398640445682,0.0033993318787811397,0.0796946545256758,-1.1102230246251565e-16,0.1411382628351534,0.1393135410365498
91003,B,2,7,parallel_all,3,503,0.15133028549108338,0.0021669995863060013,0.14916328590477723,1.3877787807814457e-16,0.21699311207952468,0.20485465439154277
91003,B,3,0,sequential_row,2,302,0.0014940009849309177,0.0014940009849305192,2.7139898275843563e-16,1.271537358472358e-16,0.01810889892895972,2.726377587874388e-16
91003,B,3,0,sequential_reverse,2,302,0.0023600799697518094,0.0023600799697514655,2.7333815608125206e-16,7.057077303114995e-17,0.021685733172938475,2.563308194532419e-16
91003,B,3,0,parallel_rows,2,302,0.04699306970469533,0.001568400876852389,0.04542466882784291,3.469446951953614e-17,0.07684218423568806,0.05992572837017479
91003,B,3,0,parallel_all,2,302,0.10532083844566995,0.005255604404048953,0.10006523404162083,1.5265566588595902e-16,0.14607720530842266,0.11437973027076667
91003,B,3,1,sequential_row,1,180,0.03422264416131875,0.03422264416131811,2.8645662087327764e-16,3.5192161828618737e-16,0.1034140502197578,1.0556574400957203e-15
91003,B,3,1,sequential_reverse,1,180,0.027491524146976164,0.027491524146975845,2.8541336054876076e-16,3.377575903097175e-17,0.07939318188696212,1.0035830257862733e-15
91003,B,3,1,parallel_rows,1,180,0.15668017263273637,0.0246965849695671,0.13198358766316876,4.996003610813204e-16,0.20966613623064584,0.1506084824683627
91003,B,3,1,parallel_all,1,180,0.3333581965820907,0.020751547831543024,0.31260664875054645,1.2212453270876722e-15,0.28133588635304285,0.2498696132065591
91003,B,3,2,sequential_row,3,477,0.010400061264151092,0.010400061264150728,2.0500836705044057e-16,1.5928356290468892e-16,0.05365709897569065,1.3969537093172062e-15
91003,B,3,2,sequential_reverse,3,477,0.011545101474449676,0.011545101474449454,2.5681856919194607e-16,-3.477396426691476e-17,0.048997689922143345,3.9650618112598663e-16
91003,B,3,2,parallel_rows,3,477,0.20621221464262854,0.007344005655049992,0.19886820898757862,-8.326672684688674e-17,0.25060428854335143,0.24379989098930305
91003,B,3,2,parallel_all,3,477,0.4191959270132512,0.007684137456414615,0.411511789556837,-3.885780586188048e-16,0.26318208492183115,0.2926199311262086
91003,B,3,3,sequential_row,2,374,0.023169178260692626,0.023169178260692584,-6.009647553328655e-17,1.0172983895672992e-16,0.08831893753380425,8.321853464265491e-16
91003,B,3,3,sequential_reverse,2,374,0.013234605528032213,0.01323460552803209,-9.635053292388172e-17,2.1951589971823502e-16,0.06574097899457529,6.419539093369602e-16
91003,B,3,3,parallel_rows,2,374,0.19289770281223345,0.03840497204470168,0.15449273076753162,1.6653345369377348e-16,0.15041162597095445,0.17259757882239307
91003,B,3,3,parallel_all,2,374,0.45288010983001187,0.041368320273174275,0.4115117895568367,8.881784197001252e-16,0.28186947333862095,0.2926199311262066
91003,B,3,4,sequential_row,0,115,0.0030763206111473836,0.0030763206111471117,7.407517703470355e-17,1.9784272782466096e-16,0.023253260540280558,2.9553101952433197e-16
91003,B,3,4,sequential_reverse,0,115,0.005614469644688371,0.0056144696446883795,6.351115507755e-17,-7.218477245743404e-17,0.032214519949801915,3.0633642030910806e-16
91003,B,3,4,parallel_rows,0,115,0.07985021071490511,0.003102362818496975,0.07674784789640833,-1.942890293094024e-16,0.1093759557596999,0.09497481096339945
91003,B,3,4,parallel_all,0,115,0.17602457261607357,0.0038824969947300024,0.1721420756213437,-1.3877787807814457e-16,0.1930803802769475,0.17130040400988783
91003,B,3,5,sequential_row,0,91,0.005149818642821378,0.0051498186428212325,2.2888077031793386e-16,-8.316399833588207e-17,0.027916440532181043,7.163612588538019e-16
91003,B,3,5,sequential_reverse,0,91,0.004257621304667145,0.004257621304667212,2.696207645925929e-16,-3.3640761841769995e-16,0.025937205505201167,5.720915301655708e-16
91003,B,3,5,parallel_rows,0,91,0.05122371110869442,0.00579904228085228,0.04542466882784282,-6.800116025829084e-16,0.08613919597742101,0.059925728370173424
91003,B,3,5,parallel_all,0,91,0.11071457274650892,0.010649338704889398,0.10006523404162085,-1.3322676295501878e-15,0.1645106783913,0.11437973027076406
91003,B,3,6,sequential_row,1,255,0.004549106669879408,0.00454910666987903,1.3796205454177018e-16,2.4020766322117377e-16,0.023558035296390327,1.1729171806852533e-15
91003,B,3,6,sequential_reverse,1,255,0.001407759971683441,0.0014077599716832295,2.292504292996012e-16,-1.7831005664927852e-17,0.01575742566216946,1.6912982871453412e-15
91003,B,3,6,parallel_rows,1,255,0.07714715838549521,0.002135294503845994,0.07501186388164897,2.498001805406602e-16,0.09174027785142949,0.0916575992147839
91003,B,3,6,parallel_all,1,255,0.1741214327305908,0.001979357109246958,0.17214207562134387,-2.7755575615628914e-17,0.16208215544991017,0.1713004040098846
91003,B,3,7,sequential_row,3,503,0.0010270803351072654,0.001027080335106803,2.7139898275843563e-16,1.9090482358938346e-16,0.0146574322842512,2.726377587874388e-16
91003,B,3,7,sequential_reverse,3,503,0.0010823136535827605,0.0010823136535824253,2.7333815608125206e-16,6.189715565126591e-17,0.012676467755765081,2.563308194532419e-16
91003,B,3,7,parallel_rows,3,503,0.046753964806427885,0.0013292959785848634,0.04542466882784291,1.1796119636642288e-16,0.0718930955470128,0.05992572837017479
91003,B,3,7,parallel_all,3,503,0.10313326677399659,0.0030680327323755483,0.10006523404162083,2.0816681711721685e-16,0.1377412982647861,0.11437973027076667
91003,C,2,0,sequential_row,2,302,0.0005618342097312417,0.0005618342097310715,1.392577131838673e-16,3.0962027896356894e-17,0.0067366363024310505,1.8458541986565713e-16
91003,C,2,0,sequential_reverse,2,302,0.000517897568654788,0.0005178975686546432,1.2783064422277546e-16,1.6910345804039378e-17,0.006798911743303448,1.8084492237058214e-16
91003,C,2,0,parallel_rows,2,302,0.011233919257837663,0.0005300890107372568,0.01070383024710035,5.551115123125783e-17,0.011747729841439913,0.01791961140667262
91003,C,2,0,parallel_all,2,302,0.022528511589860675,7.435043014186685e-05,0.022454161159718773,3.469446951953614e-17,0.03145607099388284,0.03469374096026502
91003,C,2,1,sequential_row,1,180,0.009134650073691776,0.009134650073691804,1.6235063596202448e-16,-1.901062115776534e-16,0.03808394314574315,9.860818758755663e-17
91003,C,2,1,sequential_reverse,1,180,0.0017664013706266482,0.001766401370626636,9.245668782023586e-17,-8.031362348839821e-17,0.019148203719532898,6.277530578691071e-17
91003,C,2,1,parallel_rows,1,180,0.05229383731390883,0.009638011730244072,0.042655825583664805,-4.163336342344337e-17,0.06744769031248651,0.07643099063175535
91003,C,2,1,parallel_all,1,180,0.09295975845562775,0.0016816858711711591,0.09127807258445662,-4.163336342344337e-17,0.12235378171625116,0.12713284493992877
91003,C,2,2,sequential_row,3,477,0.006435600547512004,0.006435600547511912,3.477127354094468e-17,5.71690706858261e-17,0.04206252545514236,1.1438332919722072e-16
91003,C,2,2,sequential_reverse,3,477,0.0027048317378319444,0.002704831737831887,-1.650799004615839e-17,7.375386475339302e-17,0.02373702282179349,7.101524229780054e-17
91003,C,2,2,parallel_rows,3,477,0.09394976188498975,0.004585412851586108,0.08936434903340353,1.249000902703301e-16,0.13366205899869937,0.1425873515891449
91003,C,2,2,parallel_all,3,477,0.19810152555297483,0.0014909979338988111,0.19661052761907577,2.498001805406602e-16,0.20937244292114499,0.2083214463269998
91003,C,2,3,sequential_row,2,374,0.0015241139472826097,0.0015241139472824891,6.994492386929991e-17,5.061835771108818e-17,0.016855046495095456,8.500145032286355e-17
91003,C,2,3,sequential_reverse,2,374,0.0007998286381650024,0.0007998286381649007,9.013079704430275e-17,1.1567366734837563e-17,0.012717278241145932,8.326672684688674e-17
91003,C,2,3,parallel_rows,2,374,0.04746790105914362,0.0048120754754787205,0.042655825583664715,1.8735013540549517e-16,0.07436330717119141,0.07643099063175535
91003,C,2,3,parallel_all,2,374,0.09151136571116397,0.00023329312670740187,0.0912780725844566,-2.7755575615628914e-17,0.1260014262545618,0.12713284493992874
91003,C,2,4,sequential_row,0,115,0.0005083185672480547,0.0005083185672479562,1.392577131838673e-16,-4.070373570493495e-17,0.005626271832773094,1.8458541986565713e-16
91003,C,2,4,sequential_reverse,0,115,0.00041760318412608884,0.00041760318412586224,1.2783064422277546e-16,9.876760982669496e-17,0.005649300684843969,1.8084492237058214e-16
91003,C,2,4,parallel_rows,0,115,0.011268205710851504,0.0005643754637511132,0.01070383024710035,4.163336342344337e-17,0.01362140756318179,0.01791961140667262
91003,C,2,4,parallel_all,0,115,0.0225595068825505,0.00010534572283165753,0.022454161159718773,6.938893903907228e-17,0.032288790651319954,0.03469374096026502
91003,C,2,5,sequential_row,0,91,0.0009865590588999606,0.000986559058899798,2.1969900529805143e-16,-5.706867942522576e-17,0.012189274115127312,1.2067170179763664e-16
91003,C,2,5,sequential_reverse,0,91,0.0010285836181353875,0.0010285836181352813,2.1969900529805143e-16,-1.13447192394472e-16,0.012960807663956384,1.2067170179763664e-16
91003,C,2,5,parallel_rows,0,91,0.012946699434068131,0.002242869186967691,0.010703830247100341,9.8879238130678e-17,0.034879396358320214,0.017919611406672524
91003,C,2,5,parallel_all,0,91,0.02532951444481038,0.002875353285091642,0.022454161159718773,-3.469446951953614e-17,0.057630481400541875,0.03469374096026502
91003,C,2,6,sequential_row,1,255,0.0001610986640514159,0.00016109866405141364,2.1969900529805143e-16,-2.17449285790144e-16,0.00441933842918351,1.2067170179763664e-16
91003,C,2,6,sequential_reverse,1,255,0.0002851961809900417,0.00028519618099000124,2.1969900529805143e-16,-1.7925826426434211e-16,0.004695467709452235,1.2067170179763664e-16
91003,C,2,6,parallel_rows,1,255,0.01091540075080025,0.00021157050369986595,0.010703830247100341,4.336808689942018e-17,0.022697202948289794,0.017919611406672524
91003,C,2,6,parallel_all,1,255,0.022755191110712936,0.0003010299509944444,0.022454161159718773,-2.8102520310824275e-16,0.04164305081460695,0.03469374096026502
91003,C,2,7,sequential_row,3,503,0.011012396935655568,0.011012396935655535,-6.386097152497738e-17,9.682071756853671e-17,0.055037138700819555,1.3509159069169385e-16
91003,C,2,7,sequential_reverse,3,503,0.002968740095962725,0.002968740095962671,4.5363556903280127e-17,8.412870852000893e-18,0.02823809080292418,4.5319650809894085e-17
91003,C,2,7,parallel_rows,3,503,0.09271203809823642,0.013017383572560675,0.0796946545256758,-5.551115123125783e-17,0.10168280696645104,0.1393135410365498
91003,C,2,7,parallel_all,3,503,0.15782159106450647,0.008658305159729152,0.14916328590477723,8.326672684688674e-17,0.17494351831545513,0.20485465439154277
91003,C,3,0,sequential_row,2,302,0.0021429860297673365,0.002142986029766912,2.7139898275843563e-16,1.531745879868879e-16,0.013075074403420405,2.726377587874388e-16
91003,C,3,0,sequential_reverse,2,302,0.0017486485687452724,0.00174864856874483,2.7333815608125206e-16,1.6901633029283375e-16,0.014082447606695494,2.563308194532419e-16
91003,C,3,0,parallel_rows,2,302,0.04841611921097154,0.002991450383128569,0.04542466882784291,6.245004513516506e-17,0.06569612721879275,0.05992572837017479
91003,C,3,0,parallel_all,2,302,0.1018410155846897,0.001775781543068579,0.10006523404162083,2.914335439641036e-16,0.1296988149398891,0.11437973027076667
91003,C,3,1,sequential_row,1,180,0.0045001683049472226,0.004500168304947224,2.8645662087327764e-16,-2.8819134434925445e-16,0.034832543082819814,1.0556574400957203e-15
91003,C,3,1,sequential_reverse,1,180,0.00936825028678807,0.009368250286787724,2.8541336054876076e-16,6.153133464660066e-17,0.04500128433779227,1.0035830257862733e-15
91003,C,3,1,parallel_rows,1,180,0.1375785247033695,0.005594937040201144,0.13198358766316876,-3.885780586188048e-16,0.13378611978514088,0.1506084824683627
91003,C,3,1,parallel_all,1,180,0.32053336859912956,0.007926719848583334,0.31260664875054645,-2.220446049250313e-16,0.24292486936824542,0.2498696132065591
91003,C,3,2,sequential_row,3,477,0.012021374348219593,0.01202137434821953,2.0500836705044057e-16,-1.408235984392987e-16,0.0670644520515492,1.3969537093172062e-15
91003,C,3,2,sequential_reverse,3,477,0.011503005185617948,0.011503005185617851,2.5681856919194607e-16,-1.5967405453724487e-16,0.054163078400288,3.9650618112598663e-16
91003,C,3,2,parallel_rows,3,477,0.21766681931376128,0.018798610326182554,0.19886820898757862,1.1102230246251565e-16,0.2619423594215166,0.24379989098930305
91003,C,3,2,parallel_all,3,477,0.42694044092058686,0.015428651363749648,0.411511789556837,2.220446049250313e-16,0.3330211257980237,0.2926199311262086
91003,C,3,3,sequential_row,2,374,0.011278087673680031,0.011278087673680003,-6.009647553328655e-17,8.785205114891546e-17,0.057705236095536544,8.321853464265491e-16
91003,C,3,3,sequential_reverse,2,374,0.00840116111062866,0.008401161110628642,-9.635053292388172e-17,1.136977676836498e-16,0.044778246026429346,6.419539093369602e-16
91003,C,3,3,parallel_rows,2,374,0.17625205088976703,0.021759320122235547,0.15449273076753162,-1.3877787807814457e-16,0.1479220130246355,0.17259757882239307
91003,C,3,3,parallel_all,2,374,0.4239151030098701,0.012403313453032937,0.4115117895568367,4.996003610813204e-16,0.2721848932041647,0.2926199311262066
91003,C,3,4,sequential_row,0,115,0.003215216854176098,0.0032152168541760458,7.407517703470355e-17,-2.203347275539934e-17,0.02645941997410317,2.9553101952433197e-16
91003,C,3,4,sequential_reverse,0,115,0.004842026646552694,0.004842026646552886,6.351115507755e-17,-2.551980991729872e-16,0.029990060660544684,3.0633642030910806e-16
91003,C,3,4,parallel_rows,0,115,0.08000991778481088,0.0032620698884026525,0.07674784789640833,-9.71445146547012e-17,0.08261537310598854,0.09497481096339945
91003,C,3,4,parallel_all,0,115,0.17465932720176156,0.002517251580418124,0.1721420756213437,-2.7755575615628914e-16,0.17121147072707393,0.17130040400988783
91003,C,3,5,sequential_row,0,91,0.004252758434824359,0.004252758434824194,2.2888077031793386e-16,-6.321467836214879e-17,0.03163604894664422,7.163612588538019e-16
91003,C,3,5,sequential_reverse,0,91,0.004865305993836332,0.004865305993836288,2.696207645925929e-16,-2.253853159551843e-16,0.037597489484835274,5.720915301655708e-16
91003,C,3,5,parallel_rows,0,91,0.052824066492597674,0.0073993976647555,0.04542466882784282,-6.522560269672795e-16,0.09653172033439027,0.059925728370173424
91003,C,3,5,parallel_all,0,91,0.11427898741250933,0.0142137533708896,0.10006523404162085,-1.1102230246251565e-15,0.17212106184060877,0.11437973027076406
91003,C,3,6,sequential_row,1,255,0.0037418703403612544,0.003741870340361461,1.3796205454177018e-16,-3.443941481830102e-16,0.026046742564581987,1.1729171806852533e-15
91003,C,3,6,sequential_reverse,1,255,0.0017247377455387285,0.0017247377455385433,2.292504292996012e-16,-4.406869823907706e-17,0.015979290491046717,1.6912982871453412e-15
91003,C,3,6,parallel_rows,1,255,0.0799727549206054,0.00496089103895698,0.07501186388164897,-5.551115123125783e-16,0.10851893766859416,0.0916575992147839
91003,C,3,6,parallel_all,1,255,0.1769792183000623,0.004837142678719465,0.17214207562134387,-1.0269562977782698e-15,0.18727800640341288,0.1713004040098846
91003,C,3,7,sequential_row,3,503,0.0015664264389964504,0.0015664264389963004,2.7139898275843563e-16,-1.2134540208644182e-16,0.011625062100458257,2.726377587874388e-16
91003,C,3,7,sequential_reverse,3,503,0.001142784911077563,0.0011427849110772494,2.7333815608125206e-16,4.0213112201555823e-17,0.011531146534487785,2.563308194532419e-16
91003,C,3,7,parallel_rows,3,503,0.04726029817459751,0.001835629346754768,0.04542466882784291,-1.6653345369377348e-16,0.05786422731425557,0.05992572837017479
91003,C,3,7,parallel_all,3,503,0.1005861157505266,0.0005208817089058924,0.10006523404162083,-1.249000902703301e-16,0.12273615154607469,0.11437973027076667
91004,A,2,0,sequential_row,2,302,0.00030754550174603426,0.00030754550174568054,1.392577131838673e-16,2.1446324558952852e-16,0.005695026353263198,1.8458541986565713e-16
91004,A,2,0,sequential_reverse,2,302,0.0003065664200027408,0.00030656642000265926,1.2783064422277546e-16,-4.629864085186553e-17,0.004934320120459418,1.8084492237058214e-16
91004,A,2,0,parallel_rows,2,302,0.011103106253649131,0.0003992760065486278,0.01070383024710035,1.5265566588595902e-16,0.02528861208926069,0.01791961140667262
91004,A,2,0,parallel_all,2,302,0.02321448066642189,0.0007603195067031889,0.022454161159718773,-7.28583859910259e-17,0.046958689293707986,0.03469374096026502
91004,A,2,1,sequential_row,1,180,0.0047470763540848615,0.004747076354084855,1.6235063596202448e-16,-1.5627910379610565e-16,0.03676557720874059,9.860818758755663e-17
91004,A,2,1,sequential_reverse,1,180,0.0027473803631317666,0.0027473803631315906,9.245668782023586e-17,8.361774499141006e-17,0.03272672147336452,6.277530578691071e-17
91004,A,2,1,parallel_rows,1,180,0.04845171278522281,0.0057958872015579956,0.042655825583664805,1.3877787807814457e-17,0.059261730246686385,0.07643099063175535
91004,A,2,1,parallel_all,1,180,0.09290925712628115,0.0016311845418245175,0.09127807258445662,0.0,0.11453556839431721,0.12713284493992877
91004,A,2,2,sequential_row,3,477,0.003102740048109282,0.0031027400481093066,3.477127354094468e-17,-5.949108307361418e-17,0.025279490207565116,1.1438332919722072e-16
91004,A,2,2,sequential_reverse,3,477,0.001954080301701416,0.0019540803017012837,-1.650799004615839e-17,1.4878065508938993e-16,0.02229999157933668,7.101524229780054e-17
91004,A,2,2,parallel_rows,3,477,0.09211855191888094,0.0027542028854776537,0.08936434903340353,-2.3592239273284576e-16,0.15736724562258475,0.1425873515891449
91004,A,2,2,parallel_all,3,477,0.20492529562725603,0.00831476800818031,0.19661052761907577,-5.551115123125783e-17,0.23143613387995526,0.2083214463269998
91004,A,2,3,sequential_row,2,374,0.0015686159601904556,0.001568615960190382,6.994492386929991e-17,3.563983425217288e-18,0.016791602878535827,8.500145032286355e-17
91004,A,2,3,sequential_reverse,2,374,0.0008660550217089317,0.000866055021708814,9.013079704430275e-17,2.7505138670374478e-17,0.01031538171937282,8.326672684688674e-17
91004,A,2,3,parallel_rows,2,374,0.0442160174434178,0.001560191859752965,0.042655825583664715,1.1796119636642288e-16,0.08000877891256325,0.07643099063175535
91004,A,2,3,parallel_all,2,374,0.0929577153840984,0.001679642799641733,0.0912780725844566,6.938893903907228e-17,0.1324518438348874,0.12713284493992874
91004,A,2,4,sequential_row,0,115,0.00022971910750194048,0.00022971910750185516,1.392577131838673e-16,-5.39310022092581e-17,0.003850609610388277,1.8458541986565713e-16
91004,A,2,4,sequential_reverse,0,115,8.065531665973034e-05,8.065531665960759e-05,1.2783064422277546e-16,-5.071853243104225e-18,0.0032226849112781055,1.8084492237058214e-16
91004,A,2,4,parallel_rows,0,115,0.011092776044413607,0.0003889457973133285,0.01070383024710035,-7.112366251504909e-17,0.02047695572286618,0.01791961140667262
91004,A,2,4,parallel_all,0,115,0.022672816201884757,0.00021865504216605672,0.022454161159718773,-7.28583859910259e-17,0.03817702922543496,0.03469374096026502
91004,A,2,5,sequential_row,0,91,0.0016503033470363557,0.0016503033470360467,2.1969900529805143e-16,8.929861386031734e-17,0.013818799753567226,1.2067170179763664e-16
91004,A,2,5,sequential_reverse,0,91,0.0006689402063514491,0.0006689402063513976,2.1969900529805143e-16,-1.6819940210498997e-16,0.007953323024559106,1.2067170179763664e-16
91004,A,2,5,parallel_rows,0,91,0.013851914117681515,0.0031480838705810164,0.010703830247100341,1.5785983631388945e-16,0.03614695104962783,0.017919611406672524
91004,A,2,5,parallel_all,0,91,0.02591379861401885,0.0034596374543002587,0.022454161159718773,-1.8041124150158794e-16,0.05945611333077188,0.03469374096026502
91004,A,2,6,sequential_row,1,255,0.00014467675678728708,0.00014467675678690392,2.1969900529805143e-16,1.6345804245832584e-16,0.002715568195315525,1.2067170179763664e-16
91004,A,2,6,sequential_reverse,1,255,0.0005764466906259295,0.0005764466906258697,2.1969900529805143e-16,-1.5995946559410013e-16,0.0061056866124415375,1.2067170179763664e-16
91004,A,2,6,parallel_rows,1,255,0.010912237282554443,0.00020840703545405752,0.010703830247100341,4.5102810375396984e-17,0.022199132558463664,0.017919611406672524
91004,A,2,6,parallel_all,1,255,0.023072211391595356,0.0006180502318766678,0.022454161159718773,-8.673617379884035e-17,0.04479785521022894,0.03469374096026502
91004,A,2,7,sequential_row,3,503,0.0020532327105230027,0.0020532327105229117,-6.386097152497738e-17,1.5493395401375975e-16,0.01540436988948497,1.3509159069169385e-16
91004,A,2,7,sequential_reverse,3,503,0.0028052953390614657,0.0028052953390614453,4.5363556903280127e-17,-2.4980556060552643e-17,0.029403183597362922,4.5319650809894085e-17
91004,A,2,7,parallel_rows,3,503,0.08092169644977415,0.001227041924098421,0.0796946545256758,-6.938893903907228e-17,0.13889014478638612,0.1393135410365498
91004,A,2,7,parallel_all,3,503,0.1513976616027593,0.0022343756979817937,0.14916328590477723,2.7755575615628914e-16,0.21767986662912003,0.20485465439154277
91004,A,3,0,sequential_row,2,302,0.0024516090399636947,0.0024516090399633425,2.7139898275843563e-16,8.074988286485621e-17,0.01936592291119513,2.726377587874388e-16
91004,A,3,0,sequential_reverse,2,302,0.0012746224424764038,0.0012746224424758808,2.7333815608125206e-16,2.496809719257553e-16,0.011729123647676525,2.563308194532419e-16
91004,A,3,0,parallel_rows,2,302,0.0490621525116108,0.0036374836837681397,0.04542466882784291,-2.498001805406602e-16,0.0799109792295161,0.05992572837017479
91004,A,3,0,parallel_all,2,302,0.10463047354431296,0.004565239502692021,0.10006523404162083,9.71445146547012e-17,0.14259514635671064,0.11437973027076667
91004,A,3,1,sequential_row,1,180,0.0046860845989200916,0.004686084598920106,2.8645662087327764e-16,-3.012017704190805e-16,0.038233729634905594,1.0556574400957203e-15
91004,A,3,1,sequential_reverse,1,180,0.006545546250984562,0.006545546250984067,2.8541336054876076e-16,2.0985019184261767e-16,0.03553891238890606,1.0035830257862733e-15
91004,A,3,1,parallel_rows,1,180,0.13685456598784268,0.0048709783246737035,0.13198358766316876,2.220446049250313e-16,0.13796006584650367,0.1506084824683627
91004,A,3,1,parallel_all,1,180,0.3180319700251572,0.005425321274610424,0.31260664875054645,3.3306690738754696e-16,0.24908366923295097,0.2498696132065591
91004,A,3,2,sequential_row,3,477,0.0051810832966793195,0.0051810832966792085,2.0500836705044057e-16,-9.398606458792492e-17,0.04132497172535361,1.3969537093172062e-15
91004,A,3,2,sequential_reverse,3,477,0.00496913634691879,0.004969136346918443,2.5681856919194607e-16,9.012612600341535e-17,0.038163269421018504,3.9650618112598663e-16
91004,A,3,2,parallel_rows,3,477,0.20367472720207966,0.0048065182145010776,0.19886820898757862,-2.7755575615628914e-17,0.25288093900794845,0.24379989098930305
91004,A,3,2,parallel_all,3,477,0.41522503144278444,0.0037132418859476303,0.411511789556837,-1.6653345369377348e-16,0.2817405907115239,0.2926199311262086
91004,A,3,3,sequential_row,2,374,0.004207491639072898,0.004207491639072922,-6.009647553328655e-17,3.581034686961125e-17,0.03709865125427183,8.321853464265491e-16
91004,A,3,3,sequential_reverse,2,374,0.005603346907484232,0.005603346907483982,-9.635053292388172e-17,3.4615071346454194e-16,0.03126099156347733,6.419539093369602e-16
91004,A,3,3,parallel_rows,2,374,0.1595734325952963,0.005080701827764765,0.15449273076753162,-8.326672684688674e-17,0.16160781537319563,0.17259757882239307
91004,A,3,3,parallel_all,2,374,0.4173541548680572,0.0058423653112204136,0.4115117895568367,1.1102230246251565e-16,0.27316003675262845,0.2926199311262066
91004,A,3,4,sequential_row,0,115,0.00296003050802699,0.0029600305080269913,7.407517703470355e-17,-7.537621964168616e-17,0.024070842745505854,2.9553101952433197e-16
91004,A,3,4,sequential_reverse,0,115,0.003149094006508672,0.0031490940065085397,6.351115507755e-17,6.876150996568154e-17,0.020057507709254744,3.0633642030910806e-16
91004,A,3,4,parallel_rows,0,115,0.07956586887966123,0.0028180209832531786,0.07674784789640833,-2.7755575615628914e-16,0.11011616695643642,0.09497481096339945
91004,A,3,4,parallel_all,0,115,0.17491976943531864,0.0027776938139751454,0.1721420756213437,-1.942890293094024e-16,0.18842927643558213,0.17130040400988783
91004,A,3,5,sequential_row,0,91,0.0062384350608414175,0.006238435060841313,2.2888077031793386e-16,-1.2479736175932544e-16,0.03730652918377941,7.163612588538019e-16
91004,A,3,5,sequential_reverse,0,91,0.002960736996710971,0.002960736996710823,2.696207645925929e-16,-1.2173558826557007e-16,0.0230066968952566,5.720915301655708e-16
91004,A,3,5,parallel_rows,0,91,0.05643459273092474,0.011009923903082652,0.04542466882784282,-7.355227538141662e-16,0.10757760950013563,0.059925728370173424
91004,A,3,5,parallel_all,0,91,0.11750024067278547,0.017435006631165848,0.10006523404162085,-1.2212453270876722e-15,0.17755609445528378,0.11437973027076406
91004,A,3,6,sequential_row,1,255,0.003647569982062872,0.0036475699820628163,1.3796205454177018e-16,-8.245090331051235e-17,0.024596867649829646,1.1729171806852533e-15
91004,A,3,6,sequential_reverse,1,255,0.0014573675655490228,0.0014573675655489835,2.292504292996012e-16,-1.9000231065562596e-16,0.016894211629552423,1.6912982871453412e-15
91004,A,3,6,parallel_rows,1,255,0.07772477860798536,0.0027129147263364947,0.07501186388164897,-9.71445146547012e-17,0.09453354050998489,0.0916575992147839
91004,A,3,6,parallel_all,1,255,0.1742090222320079,0.002066946610664847,0.17214207562134387,-8.049116928532385e-16,0.18845079426289585,0.1713004040098846
91004,A,3,7,sequential_row,3,503,0.0008508599306961474,0.0008508599306959184,2.7139898275843563e-16,-4.2415483929497096e-17,0.012581344840881968,2.726377587874388e-16
91004,A,3,7,sequential_reverse,3,503,0.000556580565365451,0.0005565805653648778,2.7333815608125206e-16,2.997711122945856e-16,0.006027750147572106,2.563308194532419e-16
91004,A,3,7,parallel_rows,3,503,0.04729376958346918,0.0018691007556263276,0.04542466882784291,-5.551115123125783e-17,0.07469788690875752,0.05992572837017479
91004,A,3,7,parallel_all,3,503,0.10302944587599161,0.002964211834370692,0.10006523404162083,8.326672684688674e-17,0.13591495170347206,0.11437973027076667
91004,B,2,0,sequential_row,2,302,0.00017853070721613904,0.0001785307072160212,1.392577131838673e-16,-2.140493703469297e-17,0.005076004758865493,1.8458541986565713e-16
91004,B,2,0,sequential_reverse,2,302,0.00038003448491899863,0.00038003448491879193,1.2783064422277546e-16,7.887249996158596e-17,0.007133085419645588,1.8084492237058214e-16
91004,B,2,0,parallel_rows,2,302,0.010833926324782125,0.00013009607768171624,0.01070383024710035,5.898059818321144e-17,0.021954300979335047,0.01791961140667262
91004,B,2,0,parallel_all,2,302,0.02289975083432523,0.0004455896746065304,0.022454161159718773,-7.28583859910259e-17,0.043418069714504647,0.03469374096026502
91004,B,2,1,sequential_row,1,180,0.028269383439498322,0.0282693834394981,1.6235063596202448e-16,5.969396896300683e-17,0.10040039876396994,9.860818758755663e-17
91004,B,2,1,sequential_reverse,1,180,0.03433026159131261,0.034330261591312555,9.245668782023586e-17,-3.6945536588978034e-17,0.11387074739084815,6.277530578691071e-17
91004,B,2,1,parallel_rows,1,180,0.07226109356251337,0.029605267978848666,0.042655825583664805,-1.0408340855860843e-16,0.12765208547179216,0.07643099063175535
91004,B,2,1,parallel_all,1,180,0.12017793047024247,0.02889985788578595,0.09127807258445662,-9.71445146547012e-17,0.13578272456600426,0.12713284493992877
91004,B,2,2,sequential_row,3,477,0.007072094330842434,0.007072094330842462,3.477127354094468e-17,-6.252684915657359e-17,0.03738036623291491,1.1438332919722072e-16
91004,B,2,2,sequential_reverse,3,477,0.0041906796223920295,0.004190679622392009,-1.650799004615839e-17,3.7324671757880076e-17,0.03202662060247548,7.101524229780054e-17
91004,B,2,2,parallel_rows,3,477,0.09224610866987296,0.002881759636469618,0.08936434903340353,-1.942890293094024e-16,0.14642470678196806,0.1425873515891449
91004,B,2,2,parallel_all,3,477,0.20417602468702611,0.007565497067950443,0.19661052761907577,-1.1102230246251565e-16,0.23072904973216368,0.2083214463269998
91004,B,2,3,sequential_row,2,374,0.0010578749776027699,0.0010578749776027191,6.994492386929991e-17,-1.9204262196978305e-17,0.01132325465693791,8.500145032286355e-17
91004,B,2,3,sequential_reverse,2,374,0.001676984551513559,0.001676984551513449,9.013079704430275e-17,2.0024143680224497e-17,0.016276315414492138,8.326672684688674e-17
91004,B,2,3,parallel_rows,2,374,0.04589059414209115,0.003234768558426346,0.042655825583664715,9.020562075079397e-17,0.08314036307452247,0.07643099063175535
91004,B,2,3,parallel_all,2,374,0.093433029015453,0.0021549564309963467,0.0912780725844566,5.551115123125783e-17,0.11141636221662188,0.12713284493992874
91004,B,2,4,sequential_row,0,115,0.0007227322695584624,0.0007227322695580731,1.392577131838673e-16,2.499708667384288e-16,0.010360469254704633,1.8458541986565713e-16
91004,B,2,4,sequential_reverse,0,115,0.0004900428918478768,0.0004900428918477174,1.2783064422277546e-16,3.154707513259369e-17,0.008637839222948213,1.8084492237058214e-16
91004,B,2,4,parallel_rows,0,115,0.01135470806233893,0.0006508778152384619,0.01070383024710035,1.196959198423997e-16,0.027398721111493465,0.01791961140667262
91004,B,2,4,parallel_all,0,115,0.023202341690444085,0.000748180530725206,0.022454161159718773,1.0755285551056204e-16,0.046316389407471036,0.03469374096026502
91004,B,2,5,sequential_row,0,91,0.0028250571053402423,0.0028250571053401547,2.1969900529805143e-16,-1.3209546976122267e-16,0.02018201473380771,1.2067170179763664e-16
91004,B,2,5,sequential_reverse,0,91,0.0009358772535973394,0.0009358772535971618,2.1969900529805143e-16,-4.21066894449258e-17,0.012403146914873214,1.2067170179763664e-16
91004,B,2,5,parallel_rows,0,91,0.014162858027481108,0.0034590277803806004,0.010703830247100341,1.6653345369377348e-16,0.039215895596616285,0.017919611406672524
91004,B,2,5,parallel_all,0,91,0.026294046610955284,0.0038398854512366612,0.022454161159718773,-1.491862189340054e-16,0.06094321549602585,0.03469374096026502
91004,B,2,6,sequential_row,1,255,0.0005639005104796403,0.000563900510479646,2.1969900529805143e-16,-2.253368565949761e-16,0.01003429730077633,1.2067170179763664e-16
91004,B,2,6,sequential_reverse,1,255,0.0005512866169248886,0.0005512866169249314,2.1969900529805143e-16,-2.625249911112289e-16,0.008866505726590214,1.2067170179763664e-16
91004,B,2,6,parallel_rows,1,255,0.01132833708634235,0.0006245068392419616,0.010703830247100341,4.85722573273506e-17,0.028614920495543622,0.017919611406672524
91004,B,2,6,parallel_all,1,255,0.023414152458361585,0.0009599912986427671,0.022454161159718773,4.5102810375396984e-17,0.04865325693568689,0.03469374096026502
91004,B,2,7,sequential_row,3,503,0.0015380046556849707,0.0015380046556848388,-6.386097152497738e-17,1.9569995569921472e-16,0.01600076324103337,1.3509159069169385e-16
91004,B,2,7,sequential_reverse,3,503,0.0009260765561712554,0.00092607655617132,4.5363556903280127e-17,-1.099820063834162e-16,0.015566591736656981,4.5319650809894085e-17
91004,B,2,7,parallel_rows,3,503,0.08073268852887516,0.0010380340031992702,0.0796946545256758,9.71445146547012e-17,0.13504157381426626,0.1393135410365498
91004,B,2,7,parallel_all,3,503,0.1505126981512297,0.0013494122464521804,0.14916328590477723,2.7755575615628914e-16,0.19370004154170548,0.20485465439154277
91004,B,3,0,sequential_row,2,302,0.0020595050476267546,0.0020595050476263925,2.7139898275843563e-16,9.072454285172285e-17,0.02087385203855215,2.726377587874388e-16
91004,B,3,0,sequential_reverse,2,302,0.0019951770697183586,0.001995177069718135,2.7333815608125206e-16,-4.9558827680243944e-17,0.019000708559001014,2.563308194532419e-16
91004,B,3,0,parallel_rows,2,302,0.04784162072054983,0.002416951892706683,0.04542466882784291,2.42861286636753e-16,0.07943471905825873,0.05992572837017479
91004,B,3,0,parallel_all,2,302,0.10740614282580677,0.0073409087841858674,0.10006523404162083,6.938893903907228e-17,0.15393548929901255,0.11437973027076667
91004,B,3,1,sequential_row,1,180,0.01531365256655979,0.015313652566559387,2.8645662087327764e-16,1.159992255533416e-16,0.06190598420467369,1.0556574400957203e-15
91004,B,3,1,sequential_reverse,1,180,0.020758267373531425,0.02075826737353091,2.8541336054876076e-16,2.2806478834037414e-16,0.06196363387947289,1.0035830257862733e-15
91004,B,3,1,parallel_rows,1,180,0.14379440850819275,0.011810820845023768,0.13198358766316876,2.220446049250313e-16,0.17494555809047568,0.1506084824683627
91004,B,3,1,parallel_all,1,180,0.3292987072444036,0.016692058493856483,0.31260664875054645,6.661338147750939e-16,0.2706480902425985,0.2498696132065591
91004,B,3,2,sequential_row,3,477,0.01803464389701191,0.018034643897011864,2.0500836705044057e-16,-1.5990555667504359e-16,0.08887037902925797,1.3969537093172062e-15
91004,B,3,2,sequential_reverse,3,477,0.005653451849073489,0.005653451849073322,2.5681856919194607e-16,-9.028511549817259e-17,0.03691635759413174,3.9650618112598663e-16
91004,B,3,2,parallel_rows,3,477,0.20992929664206544,0.011061087654487227,0.19886820898757862,-4.163336342344337e-16,0.2451998373039199,0.24379989098930305
91004,B,3,2,parallel_all,3,477,0.42139896338264426,0.009887173825807845,0.411511789556837,-5.551115123125783e-16,0.28268032632207246,0.2926199311262086
91004,B,3,3,sequential_row,2,374,0.009263144541014484,0.00926314454101434,-6.009647553328655e-17,2.0407852403936155e-16,0.054763919810350926,8.321853464265491e-16
91004,B,3,3,sequential_reverse,2,374,0.009367365182120852,0.00936736518212097,-9.635053292388172e-17,-2.1610663442541165e-17,0.05769113064805096,6.419539093369602e-16
91004,B,3,3,parallel_rows,2,374,0.1634187584048381,0.008926027637306726,0.15449273076753162,-2.498001805406602e-16,0.1609061896226437,0.17259757882239307
91004,B,3,3,parallel_all,2,374,0.42804066247778383,0.016528872920946767,0.4115117895568367,3.3306690738754696e-16,0.31284499361887497,0.2926199311262066
91004,B,3,4,sequential_row,0,115,0.003821015062196677,0.003821015062196389,7.407517703470355e-17,2.1388891997744643e-16,0.02417703988763068,2.9553101952433197e-16
91004,B,3,4,sequential_reverse,0,115,0.005666384090597433,0.005666384090596999,6.351115507755e-17,3.7103707565464016e-16,0.030691432946950665,3.0633642030910806e-16
91004,B,3,4,parallel_rows,0,115,0.08071399807874902,0.003966150182340573,0.07674784789640833,1.1102230246251565e-16,0.10589015367498755,0.09497481096339945
91004,B,3,4,parallel_all,0,115,0.17885411577743787,0.006712040156094108,0.1721420756213437,5.551115123125783e-17,0.19346905558420835,0.17130040400988783
91004,B,3,5,sequential_row,0,91,0.007374187563584339,0.0073741875635843996,2.2888077031793386e-16,-2.895960919771221e-16,0.03975968049062044,7.163612588538019e-16
91004,B,3,5,sequential_reverse,0,91,0.00506788796403668,0.005067887964036795,2.696207645925929e-16,-3.8411251400706214e-16,0.03484150488500972,5.720915301655708e-16
91004,B,3,5,parallel_rows,0,91,0.05442824560219796,0.009003576774355595,0.04542466882784282,-4.579669976578771e-16,0.10094848190106306,0.059925728370173424
91004,B,3,5,parallel_all,0,91,0.11432198469378854,0.014256750652168826,0.10006523404162085,-1.1379786002407855e-15,0.17411709641863257,0.11437973027076406
91004,B,3,6,sequential_row,1,255,0.00468683024242319,0.004686830242423324,1.3796205454177018e-16,-2.715357621919843e-16,0.03181548235749394,1.1729171806852533e-15
91004,B,3,6,sequential_reverse,1,255,0.00375667885895414,0.0037566788589537136,2.292504292996012e-16,1.9705786492169913e-16,0.023568646033846334,1.6912982871453412e-15
91004,B,3,6,parallel_rows,1,255,0.08108288739691655,0.00607102351526798,0.07501186388164897,-4.0245584642661925e-16,0.11676025853497318,0.0916575992147839
91004,B,3,6,parallel_all,1,255,0.1819846427080916,0.00984256708674905,0.17214207562134387,-1.3322676295501878e-15,0.19736821815852795,0.1713004040098846
91004,B,3,7,sequential_row,3,503,0.0010393011291865535,0.001039301129185972,2.7139898275843563e-16,3.0995022212829184e-16,0.011899753231300594,2.726377587874388e-16
91004,B,3,7,sequential_reverse,3,503,0.0008937073953720299,0.0008937073953717237,2.7333815608125206e-16,3.2840537428654393e-17,0.011675650248564097,2.563308194532419e-16
91004,B,3,7,parallel_rows,3,503,0.04623350632643583,0.0008088374985930928,0.04542466882784291,-1.6653345369377348e-16,0.06718413384510163,0.05992572837017479
91004,B,3,7,parallel_all,3,503,0.10311949765970838,0.00305426361808764,0.10006523404162083,-9.71445146547012e-17,0.13944092310661577,0.11437973027076667
91004,C,2,0,sequential_row,2,302,0.00035792004614428486,0.00035792004614418435,1.392577131838673e-16,-3.875217179446104e-17,0.00767233617365716,1.8458541986565713e-16
91004,C,2,0,sequential_reverse,2,302,0.0004012128558169882,0.0004012128558168672,1.2783064422277546e-16,-6.8336817733931695e-18,0.0070511133434830505,1.8084492237058214e-16
91004,C,2,0,parallel_rows,2,302,0.011081136807901276,0.00037730656080107257,0.01070383024710035,-1.474514954580286e-16,0.025912409497745495,0.01791961140667262
91004,C,2,0,parallel_all,2,302,0.023221478079013973,0.0007673169192954886,0.022454161159718773,-2.8796409701215e-16,0.046439241239445546,0.03469374096026502
91004,C,2,1,sequential_row,1,180,0.0027018103540619905,0.002701810354062068,1.6235063596202448e-16,-2.399795115119866e-16,0.027547151166705364,9.860818758755663e-17
91004,C,2,1,sequential_reverse,1,180,0.007620693979755091,0.007620693979754791,9.245668782023586e-17,2.0765047352375178e-16,0.04043074666973082,6.277530578691071e-17
91004,C,2,1,parallel_rows,1,180,0.04544186051028896,0.0027860349266241534,0.042655825583664805,0.0,0.08588712230698974,0.07643099063175535
91004,C,2,1,parallel_all,1,180,0.0954516977017229,0.004173625117266353,0.09127807258445662,-6.938893903907228e-17,0.14359889495723704,0.12713284493992877
91004,C,2,2,sequential_row,3,477,0.007404068298416091,0.007404068298415977,3.477127354094468e-17,7.972047587352459e-17,0.03559000126901044,1.1438332919722072e-16
91004,C,2,2,sequential_reverse,3,477,0.0032439455219744734,0.003243945521974515,-1.650799004615839e-17,-2.512537337728498e-17,0.02891781574160321,7.101524229780054e-17
91004,C,2,2,parallel_rows,3,477,0.09427057454990323,0.004906225516499859,0.08936434903340353,-1.5265566588595902e-16,0.16339061270330585,0.1425873515891449
91004,C,2,2,parallel_all,3,477,0.2051535253026308,0.008542997683555098,0.19661052761907577,-5.551115123125783e-17,0.22967970022620185,0.2083214463269998
91004,C,2,3,sequential_row,2,374,0.002033061852044707,0.002033061852044719,6.994492386929991e-17,-8.208798820113756e-17,0.02019715256545391,8.500145032286355e-17
91004,C,2,3,sequential_reverse,2,374,0.0013188630699011942,0.0013188630699010866,9.013079704430275e-17,1.7422058466259287e-17,0.021458147409909055,8.326672684688674e-17
91004,C,2,3,parallel_rows,2,374,0.04485541492786718,0.0021995893442023793,0.042655825583664715,9.020562075079397e-17,0.08045020858275737,0.07643099063175535
91004,C,2,3,parallel_all,2,374,0.09290225224743813,0.0016241796629815099,0.0912780725844566,2.7755575615628914e-17,0.12324878135523755,0.12713284493992874
91004,C,2,4,sequential_row,0,115,0.0009623887289071926,0.0009623887289072491,1.392577131838673e-16,-1.9574464637036208e-16,0.012538116572481403,1.8458541986565713e-16
91004,C,2,4,sequential_reverse,0,115,0.0008093918817788362,0.0008093918817786861,1.2783064422277546e-16,2.222293644921835e-17,0.011676193402440586,1.8084492237058214e-16
91004,C,2,4,parallel_rows,0,115,0.012091001322258144,0.0013871710751578524,0.01070383024710035,-5.724587470723463e-17,0.03226273028154708,0.01791961140667262
91004,C,2,4,parallel_all,0,115,0.024419707607826833,0.0019655464481080896,0.022454161159718773,-3.122502256758253e-17,0.05457126710005417,0.03469374096026502
91004,C,2,5,sequential_row,0,91,0.00026801310889397034,0.0002680131088938344,2.1969900529805143e-16,-8.374005286836917e-17,0.004799957229122484,1.2067170179763664e-16
91004,C,2,5,sequential_reverse,0,91,0.00028567565159318955,0.0002856756515931247,2.1969900529805143e-16,-1.5486371538341826e-16,0.0036989469699783275,1.2067170179763664e-16
91004,C,2,5,parallel_rows,0,91,0.011070503193525542,0.000366672946425006,0.010703830247100341,1.942890293094024e-16,0.017291691851988197,0.017919611406672524
91004,C,2,5,parallel_all,0,91,0.022576081447219117,0.00012192028750028668,0.022454161159718773,5.898059818321144e-17,0.03750075737783456,0.03469374096026502
91004,C,2,6,sequential_row,1,255,0.00028886399921423033,0.00028886399921414186,2.1969900529805143e-16,-1.3122810802323427e-16,0.004037494508478744,1.2067170179763664e-16
91004,C,2,6,sequential_reverse,1,255,0.0009938640860111688,0.0009938640860109856,2.1969900529805143e-16,-3.646883814800118e-17,0.008652940771715635,1.2067170179763664e-16
91004,C,2,6,parallel_rows,1,255,0.011320106237920785,0.0006162759908205678,0.010703830247100341,-1.231653667943533e-16,0.02085202719473489,0.017919611406672524
91004,C,2,6,parallel_all,1,255,0.02344586843320312,0.0009917072734846495,0.022454161159718773,-3.0184188481996443e-16,0.043263882142172416,0.03469374096026502
91004,C,2,7,sequential_row,3,503,0.005037457194074283,0.005037457194074226,-6.386097152497738e-17,1.21106846232212e-16,0.03503891220576284,1.3509159069169385e-16
91004,C,2,7,sequential_reverse,3,503,0.001375402092798319,0.001375402092798455,4.5363556903280127e-17,-1.815393497674595e-16,0.0176222515170423,4.5319650809894085e-17
91004,C,2,7,parallel_rows,3,503,0.08535885819680794,0.00566420367113221,0.0796946545256758,-6.938893903907228e-17,0.15993578398625913,0.1393135410365498
91004,C,2,7,parallel_all,3,503,0.15492235877136135,0.005759072866583972,0.14916328590477723,1.3877787807814457e-16,0.22222347230869205,0.20485465439154277
91004,C,3,0,sequential_row,2,302,0.0016443213987887488,0.0016443213987884543,2.7139898275843563e-16,2.307032728862737e-17,0.018723361098151772,2.726377587874388e-16
91004,C,3,0,sequential_reverse,2,302,0.0015826280882837995,0.0015826280882836287,2.7333815608125206e-16,-1.0246789369753656e-16,0.016093872983421607,2.563308194532419e-16
91004,C,3,0,parallel_rows,2,302,0.04878640589425618,0.0033617370664131775,0.04542466882784291,9.71445146547012e-17,0.08327108836858242,0.05992572837017479
91004,C,3,0,parallel_all,2,302,0.10730677789935067,0.0072415438577299865,0.10006523404162083,-1.5265566588595902e-16,0.15248954371967813,0.11437973027076667
91004,C,3,1,sequential_row,1,180,0.006105588497838758,0.006105588497838723,2.8645662087327764e-16,-2.508947896157531e-16,0.04357839875889506,1.0556574400957203e-15
91004,C,3,1,sequential_reverse,1,180,0.005004192401755727,0.005004192401755383,2.8541336054876076e-16,5.892924943263545e-17,0.028183632103715037,1.0035830257862733e-15
91004,C,3,1,parallel_rows,1,180,0.1365885056691739,0.0046049180060053424,0.13198358766316876,-1.942890293094024e-16,0.15411524014607042,0.1506084824683627
91004,C,3,1,parallel_all,1,180,0.31938520018193156,0.006778551431384942,0.31260664875054645,1.6653345369377348e-16,0.2700224575460077,0.2498696132065591
91004,C,3,2,sequential_row,3,477,0.011516780687181065,0.011516780687180938,2.0500836705044057e-16,-7.837355330413365e-17,0.06438281737191608,1.3969537093172062e-15
91004,C,3,2,sequential_reverse,3,477,0.004836004092340253,0.004836004092340119,2.5681856919194607e-16,-1.2237749980374352e-16,0.03646507203281481,3.9650618112598663e-16
91004,C,3,2,parallel_rows,3,477,0.20654297362234167,0.007674764634763298,0.19886820898757862,-2.498001805406602e-16,0.2540486358308056,0.24379989098930305
91004,C,3,2,parallel_all,3,477,0.4129845469930882,0.0014727574362515912,0.411511789556837,-3.885780586188048e-16,0.289594404270172,0.2926199311262086
91004,C,3,3,sequential_row,2,374,0.00494552527069412,0.0049455252706941,-6.009647553328655e-17,8.004579550701983e-17,0.037501833245295595,8.321853464265491e-16
91004,C,3,3,sequential_reverse,2,374,0.0037877077886918657,0.00378770778869185,-9.635053292388172e-17,1.1196304420767298e-16,0.03326942862720217,6.419539093369602e-16
91004,C,3,3,parallel_rows,2,374,0.16034107777515066,0.00584834700761942,0.15449273076753162,-3.608224830031759e-16,0.17255293074658867,0.17259757882239307
91004,C,3,3,parallel_all,2,374,0.41535743083207366,0.0038456412752363423,0.4115117895568367,6.106226635438361e-16,0.2962940216483946,0.2926199311262066
91004,C,3,4,sequential_row,0,115,0.004283146368442124,0.004283146368441707,7.407517703470355e-17,3.4312581893771855e-16,0.03492010172455071,2.9553101952433197e-16
91004,C,3,4,sequential_reverse,0,115,0.005043214945310081,0.005043214945309926,6.351115507755e-17,9.174659602237423e-17,0.035046798018497874,3.0633642030910806e-16
91004,C,3,4,parallel_rows,0,115,0.08545509932270255,0.008707251426294145,0.07674784789640833,6.938893903907228e-17,0.1296003908468048,0.09497481096339945
91004,C,3,4,parallel_all,0,115,0.18668006335494788,0.014537987733604298,0.1721420756213437,-1.1102230246251565e-16,0.2180460001499495,0.17130040400988783
91004,C,3,5,sequential_row,0,91,0.0008355514263242254,0.0008355514263238484,2.2888077031793386e-16,1.4809632505527603e-16,0.010829124561140352,7.163612588538019e-16
91004,C,3,5,sequential_reverse,0,91,0.0011090817552647154,0.001109081755264655,2.696207645925929e-16,-2.0912228336790173e-16,0.00958284435441669,5.720915301655708e-16
91004,C,3,5,parallel_rows,0,91,0.04742703653343827,0.002002367705595822,0.04542466882784282,-3.7470027081099033e-16,0.06813435815782067,0.059925728370173424
91004,C,3,5,parallel_all,0,91,0.10487257652842578,0.004807342486805414,0.10006523404162085,-4.718447854656915e-16,0.14248931039506074,0.11437973027076406
91004,C,3,6,sequential_row,1,255,0.0026367609633131932,0.002636760963313067,1.3796205454177018e-16,-1.1760921664457461e-17,0.02135098764340529,1.1729171806852533e-15
91004,C,3,6,sequential_reverse,1,255,0.005678432932278855,0.0056784329322790445,2.292504292996012e-16,-4.183352881810732e-16,0.038576005996619124,1.6912982871453412e-15
91004,C,3,6,parallel_rows,1,255,0.0826829126975514,0.007671048815902493,0.07501186388164897,-6.938893903907228e-17,0.1226754695874247,0.0916575992147839
91004,C,3,6,parallel_all,1,255,0.18108011742542907,0.008938041804086545,0.17214207562134387,-1.3600232051658168e-15,0.20964712325208623,0.1713004040098846
91004,C,3,7,sequential_row,3,503,0.0015297430814609177,0.0015297430814606525,2.7139898275843563e-16,-6.203131368481248e-18,0.018061408070264115,2.726377587874388e-16
91004,C,3,7,sequential_reverse,3,503,0.0010728828843676467,0.0010728828843675267,2.7333815608125206e-16,-1.5342539580435527e-16,0.014858261377211166,2.563308194532419e-16
91004,C,3,7,parallel_rows,3,503,0.04855506724851484,0.0031303984206720596,0.04542466882784291,-1.249000902703301e-16,0.08462877225983301,0.05992572837017479
91004,C,3,7,parallel_all,3,503,0.10622641419101078,0.006161180149390015,0.10006523404162083,-6.938893903907228e-17,0.15116341448304646,0.11437973027076667
91005,A,2,0,sequential_row,2,302,0.00019693324954882328,0.00019693324954861164,1.392577131838673e-16,7.237855088530316e-17,0.003227023064979887,1.8458541986565713e-16
91005,A,2,0,sequential_reverse,2,302,0.0004132008469519058,0.0004132008469517936,1.2783064422277546e-16,-1.5615719370525755e-17,0.0040815516326297655,1.8084492237058214e-16
91005,A,2,0,parallel_rows,2,302,0.010981654426960981,0.0002778241798605098,0.01070383024710035,1.214306433183765e-16,0.020097540286490502,0.01791961140667262
91005,A,2,0,parallel_all,2,302,0.0230218106187357,0.0005676494590169846,0.022454161159718773,-5.898059818321144e-17,0.04523620170327411,0.03469374096026502
91005,A,2,1,sequential_row,1,180,0.026991743841680592,0.02699174384168069,1.6235063596202448e-16,-2.594951506167257e-16,0.10416245213595589,9.860818758755663e-17
91005,A,2,1,sequential_reverse,1,180,0.02111343361442681,0.021113433614426705,9.245668782023586e-17,1.1626720738372565e-17,0.10008777166442845,6.277530578691071e-17
91005,A,2,1,parallel_rows,1,180,0.0729731916396605,0.030317366055995956,0.042655825583664805,-2.636779683484747e-16,0.11354708709233925,0.07643099063175535
91005,A,2,1,parallel_all,1,180,0.11576038189210007,0.024482309307643568,0.09127807258445662,-1.249000902703301e-16,0.11197785269193972,0.12713284493992877
91005,A,2,2,sequential_row,3,477,0.017640715462658697,0.01764071546265868,3.477127354094468e-17,-1.742403878117661e-17,0.0688218346265338,1.1438332919722072e-16
91005,A,2,2,sequential_reverse,3,477,0.015011169499993551,0.015011169499993484,-1.650799004615839e-17,8.416220560925386e-17,0.06621604221709862,7.101524229780054e-17
91005,A,2,2,parallel_rows,3,477,0.11589615004144332,0.02653180100803989,0.08936434903340353,-9.71445146547012e-17,0.20177108911066527,0.1425873515891449
91005,A,2,2,parallel_all,3,477,0.24898721380153585,0.05237668618246014,0.19661052761907577,-5.551115123125783e-17,0.2730520062936558,0.2083214463269998
91005,A,2,3,sequential_row,2,374,0.006894274095699322,0.0068942740956992755,6.994492386929991e-17,-2.310739001792612e-17,0.05417720812884509,8.500145032286355e-17
91005,A,2,3,sequential_reverse,2,374,0.010720132878946353,0.010720132878946244,9.013079704430275e-17,1.9156781942236094e-17,0.06812126288800066,8.326672684688674e-17
91005,A,2,3,parallel_rows,2,374,0.05247419187397981,0.009818366290314996,0.042655825583664715,9.71445146547012e-17,0.06798243244397677,0.07643099063175535
91005,A,2,3,parallel_all,2,374,0.12274469648938946,0.03146662390493283,0.0912780725844566,4.163336342344337e-17,0.12865373870369567,0.12713284493992874
91005,A,2,4,sequential_row,0,115,0.000670531062263163,0.0006705310622630704,1.392577131838673e-16,-4.6666847653605223e-17,0.006015660904567701,1.8458541986565713e-16
91005,A,2,4,sequential_reverse,0,115,0.00036368518899914607,0.00036368518899898203,1.2783064422277546e-16,3.6209144474281356e-17,0.0034190261437907817,1.8084492237058214e-16
91005,A,2,4,parallel_rows,0,115,0.011524795123316153,0.0008209648762159093,0.01070383024710035,-1.0581813203458523e-16,0.02264061179787172,0.01791961140667262
91005,A,2,4,parallel_all,0,115,0.02308873312415658,0.0006345719644380963,0.022454161159718773,-2.8796409701215e-16,0.045620675968704706,0.03469374096026502
91005,A,2,5,sequential_row,0,91,0.0010768741513011272,0.001076874151301038,2.1969900529805143e-16,-1.3036074628524586e-16,0.008580577906277378,1.2067170179763664e-16
91005,A,2,5,sequential_reverse,0,91,0.0011037435730654474,0.0011037435730652137,2.1969900529805143e-16,1.4054983089823328e-17,0.01107559098644216,1.2067170179763664e-16
91005,A,2,5,parallel_rows,0,91,0.011854145261062498,0.0011503150139622058,0.010703830247100341,-4.85722573273506e-17,0.011519859485937499,0.017919611406672524
91005,A,2,5,parallel_all,0,91,0.023229433836136237,0.0007752726764175714,0.022454161159718773,-1.0755285551056204e-16,0.026248941800009938,0.03469374096026502
91005,A,2,6,sequential_row,1,255,0.0010030346746761603,0.0010030346746760601,2.1969900529805143e-16,-1.1951872456039082e-16,0.010918237313041293,1.2067170179763664e-16
91005,A,2,6,sequential_reverse,1,255,0.0008649103577195033,0.0008649103577193092,2.1969900529805143e-16,-2.5626816423146134e-17,0.00851841241782117,1.2067170179763664e-16
91005,A,2,6,parallel_rows,1,255,0.011816235887920627,0.0011124056408203008,0.010703830247100341,-1.3877787807814457e-17,0.010345215398638833,0.017919611406672524
91005,A,2,6,parallel_all,1,255,0.023012508056937164,0.0005583468972185842,0.022454161159718773,-1.942890293094024e-16,0.025565996682555728,0.03469374096026502
91005,A,2,7,sequential_row,3,503,0.0026896812282426255,0.0026896812282425505,-6.386097152497738e-17,1.3888776186097428e-16,0.027945624996520108,1.3509159069169385e-16
91005,A,2,7,sequential_reverse,3,503,0.01264982128515224,0.012649821285152225,4.5363556903280127e-17,-2.975104561948886e-17,0.0632964500181407,4.5319650809894085e-17
91005,A,2,7,parallel_rows,3,503,0.0831199361647114,0.0034252816390355607,0.0796946545256758,4.163336342344337e-17,0.1230697906525805,0.1393135410365498
91005,A,2,7,parallel_all,3,503,0.1678905648969975,0.01872727899222023,0.14916328590477723,2.7755575615628914e-17,0.16313833928151256,0.20485465439154277
91005,A,3,0,sequential_row,2,302,0.004061083217545202,0.0040610832175449795,2.7139898275843563e-16,-4.848701609541592e-17,0.031502178461451036,2.726377587874388e-16
91005,A,3,0,sequential_reverse,2,302,0.003679535887441977,0.0036795358874416708,2.7333815608125206e-16,3.2840537428654393e-17,0.02616297530815413,2.563308194532419e-16
91005,A,3,0,parallel_rows,2,302,0.05213324628175231,0.006708577453909478,0.04542466882784291,-7.632783294297951e-17,0.09610447855303268,0.05992572837017479
91005,A,3,0,parallel_all,2,302,0.11466732597551145,0.014602091933890903,0.10006523404162083,-2.914335439641036e-16,0.17488736184198247,0.11437973027076667
91005,A,3,1,sequential_row,1,180,0.025626116230168146,0.02562611623016806,2.8645662087327764e-16,-1.9972044707443729e-16,0.08393339222830384,1.0556574400957203e-15
91005,A,3,1,sequential_reverse,1,180,0.025674208211968717,0.025674208211968703,2.8541336054876076e-16,-2.715355727409463e-16,0.08131839172390772,1.0035830257862733e-15
91005,A,3,1,parallel_rows,1,180,0.15542703575101907,0.023443448087850705,0.13198358766316876,-3.885780586188048e-16,0.11719208237144635,0.1506084824683627
91005,A,3,1,parallel_all,1,180,0.335746977058715,0.023140328308169925,0.31260664875054645,-1.3877787807814457e-15,0.21273490027530728,0.2498696132065591
91005,A,3,2,sequential_row,3,477,0.03686787852636139,0.0368678785263608,2.0500836705044057e-16,3.8479761478167387e-16,0.1136161890641161,1.3969537093172062e-15
91005,A,3,2,sequential_reverse,3,477,0.025186038631659215,0.025186038631658973,2.5681856919194607e-16,-1.3957282555193077e-17,0.08797953385207684,3.9650618112598663e-16
91005,A,3,2,parallel_rows,3,477,0.2488684421258821,0.05000023313830294,0.19886820898757862,5.551115123125783e-16,0.233886173736038,0.24379989098930305
91005,A,3,2,parallel_all,3,477,0.4684682102742203,0.056956420717383195,0.411511789556837,1.1102230246251565e-16,0.29228836551170484,0.2926199311262086
91005,A,3,3,sequential_row,2,374,0.03184403128270319,0.03184403128270333,-6.009647553328655e-17,-7.868140254485802e-17,0.11135876724281563,8.321853464265491e-16
91005,A,3,3,sequential_reverse,2,374,0.02749066251388748,0.02749066251388737,-9.635053292388172e-17,2.0737283538639737e-16,0.09863173531101871,6.419539093369602e-16
91005,A,3,3,parallel_rows,2,374,0.18916983044064828,0.03467709967311666,0.15449273076753162,0.0,0.1674057814963014,0.17259757882239307
91005,A,3,3,parallel_all,2,374,0.5034706081601126,0.09195881860327469,0.4115117895568367,1.1657341758564144e-15,0.3087367984136575,0.2926199311262066
91005,A,3,4,sequential_row,0,115,0.005938862395654339,0.005938862395654371,7.407517703470355e-17,-1.0616756134027448e-16,0.02659299627549401,2.9553101952433197e-16
91005,A,3,4,sequential_reverse,0,115,0.007602858553755167,0.007602858553754926,6.351115507755e-17,1.7761540808322617e-16,0.03432351029202414,3.0633642030910806e-16
91005,A,3,4,parallel_rows,0,115,0.08486389053442203,0.008116042638013705,0.07674784789640833,0.0,0.0964435351260556,0.09497481096339945
91005,A,3,4,parallel_all,0,115,0.17927001943815513,0.0071279438168115735,0.1721420756213437,-1.3877787807814457e-16,0.18057541343507913,0.17130040400988783
91005,A,3,5,sequential_row,0,91,0.005110140665880111,0.0051101406658799605,2.2888077031793386e-16,-7.882718964594005e-17,0.022411381246912485,7.163612588538019e-16
91005,A,3,5,sequential_reverse,0,91,0.0041379755437435896,0.004137975543743556,2.696207645925929e-16,-2.3579365681104514e-16,0.022873120619295105,5.720915301655708e-16
91005,A,3,5,parallel_rows,0,91,0.050324228546580654,0.004899559718738164,0.04542466882784282,-3.3306690738754696e-16,0.061743217164991704,0.059925728370173424
91005,A,3,5,parallel_all,0,91,0.10290838657252555,0.0028431525309053195,0.10006523404162085,-6.245004513516506e-16,0.1333523508368894,0.11437973027076406
91005,A,3,6,sequential_row,1,255,0.017068871614109568,0.017068871614109384,1.3796205454177018e-16,4.5918633911771375e-17,0.06406381862512228,1.1729171806852533e-15
91005,A,3,6,sequential_reverse,1,255,0.011342490986573209,0.011342490986572668,2.292504292996012e-16,3.119832952051626e-16,0.050105147962934374,1.6912982871453412e-15
91005,A,3,6,parallel_rows,1,255,0.0900702219329109,0.01505835805126191,0.07501186388164897,1.3877787807814457e-17,0.0747014915775221,0.0916575992147839
91005,A,3,6,parallel_all,1,255,0.17968164785189505,0.007539572230551238,0.17214207562134387,-5.551115123125783e-17,0.1570084201034039,0.1713004040098846
91005,A,3,7,sequential_row,3,503,0.0038885994872099854,0.0038885994872098137,2.7139898275843563e-16,-9.966135863673173e-17,0.026098568068217618,2.726377587874388e-16
91005,A,3,7,sequential_reverse,3,503,0.0029403766200265793,0.0029403766200263794,2.7333815608125206e-16,-7.341127547492504e-17,0.020848244500131403,2.563308194532419e-16
91005,A,3,7,parallel_rows,3,503,0.05077912487847891,0.005354456050636194,0.04542466882784291,-1.942890293094024e-16,0.08434561152219135,0.05992572837017479
91005,A,3,7,parallel_all,3,503,0.10847571276116647,0.008410478719545872,0.10006523404162083,-2.3592239273284576e-16,0.15949287896075098,0.11437973027076667
91005,B,2,0,sequential_row,2,302,0.00016908335485202384,0.00016908335485185753,1.392577131838673e-16,2.7058900075409078e-17,0.004185873090120218,1.8458541986565713e-16
91005,B,2,0,sequential_reverse,2,302,0.00016391924646032372,0.00016391924646020413,1.2783064422277546e-16,-8.243144597624325e-18,0.002374873809861546,1.8084492237058214e-16
91005,B,2,0,parallel_rows,2,302,0.010858868322102179,0.00015503807500172724,0.01070383024710035,1.0234868508263162e-16,0.014747116179764399,0.01791961140667262
91005,B,2,0,parallel_all,2,302,0.022539926380939643,8.576522122092781e-05,0.022454161159718773,-5.898059818321144e-17,0.034490779778106544,0.03469374096026502
91005,B,2,1,sequential_row,1,180,0.05464726845399387,0.05464726845399385,1.6235063596202448e-16,-1.415339542503028e-16,0.15291253716444125,9.860818758755663e-17
91005,B,2,1,sequential_reverse,1,180,0.06902572350007438,0.06902572350007405,9.245668782023586e-17,2.406102195673111e-16,0.16982298700852946,6.277530578691071e-17
91005,B,2,1,parallel_rows,1,180,0.09913842848130995,0.056482602897645284,0.042655825583664805,-1.3877787807814457e-16,0.16053817642846402,0.07643099063175535
91005,B,2,1,parallel_all,1,180,0.1548442912379171,0.06356621865346065,0.09127807258445662,-1.8041124150158794e-16,0.18291930529378858,0.12713284493992877
91005,B,2,2,sequential_row,3,477,0.01416112506800187,0.01416112506800183,3.477127354094468e-17,5.127366406521882e-18,0.06512706598624052,1.1438332919722072e-16
91005,B,2,2,sequential_reverse,3,477,0.024877508917258352,0.02487750891725829,-1.650799004615839e-17,7.895803518132344e-17,0.09251332909803217,7.101524229780054e-17
91005,B,2,2,parallel_rows,3,477,0.10293844423706769,0.013574095203664292,0.08936434903340353,-1.249000902703301e-16,0.18946478067379555,0.1425873515891449
91005,B,2,2,parallel_all,3,477,0.2297568474957641,0.033146319876688445,0.19661052761907577,-1.1102230246251565e-16,0.268934843510963,0.2083214463269998
91005,B,2,3,sequential_row,2,374,0.004823441082074248,0.004823441082074303,6.994492386929991e-17,-1.2458871336256934e-16,0.027047613604002887,8.500145032286355e-17
91005,B,2,3,sequential_reverse,2,374,0.00457919145689485,0.004579191456894809,9.013079704430275e-17,-4.9364795358847786e-17,0.02828669368192896,8.326672684688674e-17
91005,B,2,3,parallel_rows,2,374,0.0498733723606887,0.007217546777023935,0.042655825583664715,4.85722573273506e-17,0.0898804400417427,0.07643099063175535
91005,B,2,3,parallel_all,2,374,0.09576875256379733,0.004490679979340715,0.0912780725844566,1.3877787807814457e-17,0.11500461071587566,0.12713284493992874
91005,B,2,4,sequential_row,0,115,0.0007022781176953492,0.0007022781176953766,1.392577131838673e-16,-1.6668802814775056e-16,0.009588588021232062,1.8458541986565713e-16
91005,B,2,4,sequential_reverse,0,115,0.0003276212861193933,0.00032762128611931016,1.2783064422277546e-16,-4.4672337593137274e-17,0.00617874014049,1.8084492237058214e-16
91005,B,2,4,parallel_rows,0,115,0.011715826029911076,0.0010119957828107545,0.01070383024710035,-2.949029909160572e-17,0.028625521288113607,0.01791961140667262
91005,B,2,4,parallel_all,0,115,0.02355126480185735,0.0010971036421385907,0.022454161159718773,-1.3877787807814457e-17,0.04855622932088513,0.03469374096026502
91005,B,2,5,sequential_row,0,91,0.0015477800269681932,0.0015477800269682563,2.1969900529805143e-16,-2.827995717367078e-16,0.013979771093786867,1.2067170179763664e-16
91005,B,2,5,sequential_reverse,0,91,0.000978889325463128,0.0009788893254629213,2.1969900529805143e-16,-1.3050071222314283e-17,0.012242350708233997,1.2067170179763664e-16
91005,B,2,5,parallel_rows,0,91,0.013132403899718169,0.002428573652617703,0.010703830247100341,1.249000902703301e-16,0.03541611841353739,0.017919611406672524
91005,B,2,5,parallel_all,0,91,0.024985397156270052,0.0025312359965515034,0.022454161159718773,-2.255140518769849e-16,0.056583440057328016,0.03469374096026502
91005,B,2,6,sequential_row,1,255,0.0007082291437550655,0.0007082291437548739,2.1969900529805143e-16,-2.8120481419862794e-17,0.0040440789676779755,1.2067170179763664e-16
91005,B,2,6,sequential_reverse,1,255,0.0010129084473845403,0.0010129084473844254,2.1969900529805143e-16,-1.0477357501458796e-16,0.006152193233830079,1.2067170179763664e-16
91005,B,2,6,parallel_rows,1,255,0.0112064319663936,0.0005026017192930881,0.010703830247100341,1.700029006457271e-16,0.01930391371514973,0.017919611406672524
91005,B,2,6,parallel_all,1,255,0.0226573315548937,0.00020317039517505785,0.022454161159718773,-1.3183898417423734e-16,0.037343288135268236,0.03469374096026502
91005,B,2,7,sequential_row,3,503,0.003696156551583001,0.0036961565515827846,-6.386097152497738e-17,2.8026772515308406e-16,0.024497750939183716,1.3509159069169385e-16
91005,B,2,7,sequential_reverse,3,503,0.0015121531568415055,0.0015121531568414834,4.5363556903280127e-17,-2.3245832584575836e-17,0.015944580705776,4.5319650809894085e-17
91005,B,2,7,parallel_rows,3,503,0.08071733828114554,0.0010226837554698624,0.0796946545256758,-1.249000902703301e-16,0.14762771570066527,0.1393135410365498
91005,B,2,7,parallel_all,3,503,0.1498522581354778,0.0006889722307002918,0.14916328590477723,2.7755575615628914e-16,0.2099609192060497,0.20485465439154277
91005,B,3,0,sequential_row,2,302,0.0010459327722309934,0.0010459327722306998,2.7139898275843563e-16,2.2202965550638968e-17,0.010284471258939788,2.726377587874388e-16
91005,B,3,0,sequential_reverse,2,302,0.00181339970592901,0.0018133997059288343,2.7333815608125206e-16,-9.769740413860034e-17,0.015009110412134288,2.563308194532419e-16
91005,B,3,0,parallel_rows,2,302,0.04672172258067973,0.0012970537528369582,0.04542466882784291,-1.3877787807814457e-16,0.0717257713392378,0.05992572837017479
91005,B,3,0,parallel_all,2,302,0.10319347670188361,0.0031282426602631556,0.10006523404162083,-3.7470027081099033e-16,0.13768724445753514,0.11437973027076667
91005,B,3,1,sequential_row,1,180,0.02556214786770452,0.025562147867704305,2.8645662087327764e-16,-7.135090985215356e-17,0.07626107463664303,1.0556574400957203e-15
91005,B,3,1,sequential_reverse,1,180,0.027336948324221864,0.027336948324221566,2.8541336054876076e-16,1.2959077319250062e-17,0.0708560532168151,1.0035830257862733e-15
91005,B,3,1,parallel_rows,1,180,0.15008132008985375,0.018097732426685352,0.13198358766316876,-3.608224830031759e-16,0.147998379870869,0.1506084824683627
91005,B,3,1,parallel_all,1,180,0.32986466146261745,0.017258012712071655,0.31260664875054645,-6.661338147750939e-16,0.24082842728767168,0.2498696132065591
91005,B,3,2,sequential_row,3,477,0.013383897217126944,0.013383897217126472,2.0500836705044057e-16,2.66836418415251e-16,0.06578708275031749,1.3969537093172062e-15
91005,B,3,2,sequential_reverse,3,477,0.012658635331501895,0.01265863533150183,2.5681856919194607e-16,-1.908990771048274e-16,0.05160445121784554,3.9650618112598663e-16
91005,B,3,2,parallel_rows,3,477,0.22450942348771447,0.02564121450013551,0.19886820898757862,3.3306690738754696e-16,0.24202193446824324,0.24379989098930305
91005,B,3,2,parallel_all,3,477,0.43567689358332706,0.024165104026489904,0.411511789556837,1.6653345369377348e-16,0.295432272100043,0.2926199311262086
91005,B,3,3,sequential_row,2,374,0.013764535911237764,0.013764535911237979,-6.009647553328655e-17,-1.5500923548783752e-16,0.061052137838946814,8.321853464265491e-16
91005,B,3,3,sequential_reverse,2,374,0.00938572971825343,0.009385729718253431,-9.635053292388172e-17,9.461580944790491e-17,0.0416144190363478,6.419539093369602e-16
91005,B,3,3,parallel_rows,2,374,0.16596570578736353,0.01147297501983232,0.15449273076753162,-4.163336342344337e-16,0.1852848831645209,0.17259757882239307
91005,B,3,3,parallel_all,2,374,0.41722390576544005,0.0057121162086032455,0.4115117895568367,1.1102230246251565e-16,0.2957188602685839,0.2926199311262066
91005,B,3,4,sequential_row,0,115,0.0055475809566924465,0.005547580956692311,7.407517703470355e-17,6.12332540914874e-17,0.030304208277463156,2.9553101952433197e-16
91005,B,3,4,sequential_reverse,0,115,0.006276260294572929,0.006276260294572572,6.351115507755e-17,2.9384188097367225e-16,0.03321494999926264,3.0633642030910806e-16
91005,B,3,4,parallel_rows,0,115,0.08232838435596407,0.005580536459555668,0.07674784789640833,6.938893903907228e-17,0.10526049913085708,0.09497481096339945
91005,B,3,4,parallel_all,0,115,0.18005367315669174,0.00791159753534829,0.1721420756213437,-2.498001805406602e-16,0.19133279523234342,0.17130040400988783
91005,B,3,5,sequential_row,0,91,0.006344137373608493,0.006344137373608574,2.2888077031793386e-16,-3.104127736888438e-16,0.03462217583209442,7.163612588538019e-16
91005,B,3,5,sequential_reverse,0,91,0.0036100928203461583,0.0036100928203462047,2.696207645925929e-16,-3.1602461757497247e-16,0.02508930391166586,5.720915301655708e-16
91005,B,3,5,parallel_rows,0,91,0.054861980389061406,0.009437311561219153,0.04542466882784282,-5.689893001203927e-16,0.1015789116817034,0.059925728370173424
91005,B,3,5,parallel_all,0,91,0.11284879536096701,0.012783561319347244,0.10006523404162085,-1.0824674490095276e-15,0.1674648007000549,0.11437973027076406
91005,B,3,6,sequential_row,1,255,0.014190414289876482,0.01419041428987658,1.3796205454177018e-16,-2.3510656919647137e-16,0.05771021271656203,1.1729171806852533e-15
91005,B,3,6,sequential_reverse,1,255,0.0040316331957101804,0.0040316331957099185,2.292504292996012e-16,3.2692815572896655e-17,0.02605596513450351,1.6912982871453412e-15
91005,B,3,6,parallel_rows,1,255,0.08188849225339835,0.00687662837174962,0.07501186388164897,-2.3592239273284576e-16,0.08853423364084284,0.0916575992147839
91005,B,3,6,parallel_all,1,255,0.1757756096763849,0.0036335340550413507,0.17214207562134387,-3.3306690738754696e-16,0.16301949695575957,0.1713004040098846
91005,B,3,7,sequential_row,3,503,0.001474128353446262,0.0014741283534461481,2.7139898275843563e-16,-1.5755775464745767e-16,0.015386574484621624,2.726377587874388e-16
91005,B,3,7,sequential_reverse,3,503,0.0008937591555310948,0.0008937591555307432,2.7333815608125206e-16,7.826860845579703e-17,0.01354768560464343,2.563308194532419e-16
91005,B,3,7,parallel_rows,3,503,0.04819953919393922,0.0027748703660964206,0.04542466882784291,-1.1102230246251565e-16,0.07727048643099915,0.05992572837017479
91005,B,3,7,parallel_all,3,503,0.10455327325676689,0.004488039215146236,0.10006523404162083,-1.8041124150158794e-16,0.14460924845981354,0.11437973027076667
91005,C,2,0,sequential_row,2,302,0.0005494487237167724,0.0005494487237165383,1.392577131838673e-16,9.48215358557531e-17,0.008716665005970896,1.8458541986565713e-16
91005,C,2,0,sequential_reverse,2,302,0.0004307284253828557,0.00043072842538273144,1.2783064422277546e-16,-3.581075255936656e-18,0.005755683233748907,1.8084492237058214e-16
91005,C,2,0,parallel_rows,2,302,0.011225666207979832,0.0005218359608795338,0.01070383024710035,-5.204170427930421e-17,0.010046383759145443,0.01791961140667262
91005,C,2,0,parallel_all,2,302,0.022864263740029794,0.00041010258031108805,0.022454161159718773,-6.591949208711867e-17,0.027229891332951922,0.03469374096026502
91005,C,2,1,sequential_row,1,180,0.0017194963562566189,0.0017194963562564914,1.6235063596202448e-16,-3.4848460477729155e-17,0.020149557358465794,9.860818758755663e-17
91005,C,2,1,sequential_reverse,1,180,0.0009693143813760121,0.0009693143813758204,9.245668782023586e-17,9.923025627520132e-17,0.012380887137256132,6.277530578691071e-17
91005,C,2,1,parallel_rows,1,180,0.043855716766141466,0.0011998911824768247,0.042655825583664805,-1.6653345369377348e-16,0.07937352857908549,0.07643099063175535
91005,C,2,1,parallel_all,1,180,0.09271498617354645,0.0014369135890900811,0.09127807258445662,-2.498001805406602e-16,0.1298081127097443,0.12713284493992877
91005,C,2,2,sequential_row,3,477,0.007669684680197547,0.007669684680197497,3.477127354094468e-17,1.5535707262382725e-17,0.0555661251754229,1.1438332919722072e-16
91005,C,2,2,sequential_reverse,3,477,0.011495991607058761,0.011495991607058755,-1.650799004615839e-17,2.344688395006562e-17,0.06982897215901335,7.101524229780054e-17
91005,C,2,2,parallel_rows,3,477,0.10374211141139214,0.014377762377988764,0.08936434903340353,-1.5265566588595902e-16,0.16775739252124808,0.1425873515891449
91005,C,2,2,parallel_all,3,477,0.23325694721192258,0.036646419592846834,0.19661052761907577,-2.7755575615628914e-17,0.25367672110459066,0.2083214463269998
91005,C,2,3,sequential_row,2,374,0.003765759781744718,0.0037657597817447007,6.994492386929991e-17,-5.259768910953184e-17,0.037682356827621194,8.500145032286355e-17
91005,C,2,3,sequential_reverse,2,374,0.007295359235714099,0.007295359235713989,9.013079704430275e-17,2.0024143680224497e-17,0.043842059207371914,8.326672684688674e-17
91005,C,2,3,parallel_rows,2,374,0.05145216843647113,0.008796342852806458,0.042655825583664715,-4.163336342344337e-17,0.09676324866186134,0.07643099063175535
91005,C,2,3,parallel_all,2,374,0.09846576852853689,0.007187695944080195,0.0912780725844566,9.71445146547012e-17,0.13760999931089707,0.12713284493992874
91005,C,2,4,sequential_row,0,115,0.00047736496766247975,0.00047736496766232086,1.392577131838673e-16,1.9632115193883373e-17,0.007153113916187209,1.8458541986565713e-16
91005,C,2,4,sequential_reverse,0,115,0.0005083073238006794,0.0005083073238005322,1.2783064422277546e-16,1.9295590583507487e-17,0.007605723014189108,1.8084492237058214e-16
91005,C,2,4,parallel_rows,0,115,0.011302980546577053,0.0005991502994767174,0.01070383024710035,-1.3877787807814457e-17,0.01006866240494084,0.01791961140667262
91005,C,2,4,parallel_all,0,115,0.022938402133818824,0.00048424097410011116,0.022454161159718773,-5.898059818321144e-17,0.0262643752131135,0.03469374096026502
91005,C,2,5,sequential_row,0,91,0.0007103102610532628,0.0007103102610529915,2.1969900529805143e-16,5.156837825782178e-17,0.010574352821426464,1.2067170179763664e-16
91005,C,2,5,sequential_reverse,0,91,0.000524975190465655,0.0005249751904655035,2.1969900529805143e-16,-6.823596180182646e-17,0.00914822964249622,1.2067170179763664e-16
91005,C,2,5,parallel_rows,0,91,0.011498289717025418,0.0007944594699249857,0.010703830247100341,9.194034422677078e-17,0.010672117531483127,0.017919611406672524
91005,C,2,5,parallel_all,0,91,0.023081585251088523,0.0006274240913698066,0.022454161159718773,-5.551115123125783e-17,0.02647792556091047,0.03469374096026502
91005,C,2,6,sequential_row,1,255,0.0011681799655185376,0.0011681799655182616,2.1969900529805143e-16,5.6338867816758e-17,0.012600734577101298,1.2067170179763664e-16
91005,C,2,6,sequential_reverse,1,255,0.0010975066103098702,0.0010975066103098043,2.1969900529805143e-16,-1.5377951321093276e-16,0.012361605635596282,1.2067170179763664e-16
91005,C,2,6,parallel_rows,1,255,0.01217498246373938,0.0014711522166387632,0.010703830247100341,2.740863092043355e-16,0.01105631329666267,0.017919611406672524
91005,C,2,6,parallel_all,1,255,0.024434042877232286,0.001979881717513526,0.022454161159718773,-1.3877787807814457e-17,0.01731940603931166,0.03469374096026502
91005,C,2,7,sequential_row,3,503,0.0028574433302807987,0.0028574433302808663,-6.386097152497738e-17,-3.7932440381181e-18,0.026720582756976998,1.3509159069169385e-16
91005,C,2,7,sequential_reverse,3,503,0.0010424202648264716,0.00104242026482656,4.5363556903280127e-17,-1.338344541780973e-16,0.01635515394868042,4.5319650809894085e-17
91005,C,2,7,parallel_rows,3,503,0.08218303943008576,0.0024883849044100674,0.0796946545256758,-1.1102230246251565e-16,0.12608323877080482,0.1393135410365498
91005,C,2,7,parallel_all,3,503,0.15033553535693803,0.0011722494521607223,0.14916328590477723,8.326672684688674e-17,0.19356840638465345,0.20485465439154277
91005,C,3,0,sequential_row,2,302,0.002562615882480951,0.002562615882480659,2.7139898275843563e-16,2.046824207466216e-17,0.019346955450329176,2.726377587874388e-16
91005,C,3,0,sequential_reverse,2,302,0.00216401146689997,0.002164011466899652,2.7333815608125206e-16,4.454992089149784e-17,0.01715584972039131,2.563308194532419e-16
91005,C,3,0,parallel_rows,2,302,0.04820922976756743,0.0027845609397247795,0.04542466882784291,-2.5673907444456745e-16,0.056416735169803486,0.05992572837017479
91005,C,3,0,parallel_all,2,302,0.1031959994028805,0.0031307653612594718,0.10006523404162083,1.942890293094024e-16,0.12619758946041423,0.11437973027076667
91005,C,3,1,sequential_row,1,180,0.00819349171160938,0.008193491711609512,2.8645662087327764e-16,-4.18295605047515e-16,0.040808661041604306,1.0556574400957203e-15
91005,C,3,1,sequential_reverse,1,180,0.015158162760403202,0.015158162760402705,2.8541336054876076e-16,2.1071755358060607e-16,0.06201452990529875,1.0035830257862733e-15
91005,C,3,1,parallel_rows,1,180,0.14116421437670007,0.009180626713531764,0.13198358766316876,-4.440892098500626e-16,0.15637951649664072,0.1506084824683627
91005,C,3,1,parallel_all,1,180,0.3252617993239494,0.012655150573402829,0.31260664875054645,1.1102230246251565e-16,0.2539947579778876,0.2498696132065591
91005,C,3,2,sequential_row,3,477,0.011225902057834615,0.011225902057834539,2.0500836705044057e-16,-1.2868053410746106e-16,0.051320885790549844,1.3969537093172062e-15
91005,C,3,2,sequential_reverse,3,477,0.023287176615318875,0.02328717661531863,2.5681856919194607e-16,-1.0487835603239463e-17,0.06839021038585436,3.9650618112598663e-16
91005,C,3,2,parallel_rows,3,477,0.21150899895285502,0.012640789965276508,0.19886820898757862,-1.1102230246251565e-16,0.2405352026118882,0.24379989098930305
91005,C,3,2,parallel_all,3,477,0.43375578153900907,0.022243991982172587,0.411511789556837,-4.996003610813204e-16,0.2551295366949729,0.2926199311262086
91005,C,3,3,sequential_row,2,374,0.012900008259715361,0.012900008259715151,-6.009647553328655e-17,2.699980161264802e-16,0.05811056066840965,8.321853464265491e-16
91005,C,3,3,sequential_reverse,2,374,0.018254066425018936,0.018254066425019085,-9.635053292388172e-17,-5.283568601012369e-17,0.07126261956296892,6.419539093369602e-16
91005,C,3,3,parallel_rows,2,374,0.17397074928490686,0.01947801851737514,0.15449273076753162,1.1102230246251565e-16,0.16114255281172624,0.17259757882239307
91005,C,3,3,parallel_all,2,374,0.44020898644580553,0.02869719688896798,0.4115117895568367,8.326672684688674e-16,0.2689015920341245,0.2926199311262066
91005,C,3,4,sequential_row,0,115,0.0031899152690644155,0.003189915269064314,7.407517703470355e-17,2.7406146309939662e-17,0.028482430061142032,2.9553101952433197e-16
91005,C,3,4,sequential_reverse,0,115,0.0026092264232390814,0.0026092264232389687,6.351115507755e-17,4.924587086094246e-17,0.01710357346752947,3.0633642030910806e-16
91005,C,3,4,parallel_rows,0,115,0.07964903492605717,0.002901187029648725,0.07674784789640833,1.1102230246251565e-16,0.08211796428821909,0.09497481096339945
91005,C,3,4,parallel_all,0,115,0.17427890882449554,0.0021368332031519678,0.1721420756213437,-1.3877787807814457e-16,0.16890411087913698,0.17130040400988783
91005,C,3,5,sequential_row,0,91,0.0025408998432560562,0.002540899843255926,2.2888077031793386e-16,-9.877650961967333e-17,0.02367695888735848,7.163612588538019e-16
91005,C,3,5,sequential_reverse,0,91,0.0020462917579136325,0.0020462917579134824,2.696207645925929e-16,-1.1956718392059906e-16,0.02068543305075955,5.720915301655708e-16
91005,C,3,5,parallel_rows,0,91,0.04832194051876459,0.0028972716909219627,0.04542466882784282,-2.0122792321330962e-16,0.04722649533900928,0.059925728370173424
91005,C,3,5,parallel_all,0,91,0.1029211235162391,0.0028558894746184543,0.10006523404162085,-2.0816681711721685e-16,0.11782171997573884,0.11437973027076406
91005,C,3,6,sequential_row,1,255,0.005665869614092678,0.005665869614092479,1.3796205454177018e-16,6.153114519556264e-17,0.03405276791799017,1.1729171806852533e-15
91005,C,3,6,sequential_reverse,1,255,0.0028837700738632358,0.0028837700738628324,2.292504292996012e-16,1.7407277886500643e-16,0.025928529073552475,1.6912982871453412e-15
91005,C,3,6,parallel_rows,1,255,0.07913631200566948,0.004124448124020274,0.07501186388164897,2.3592239273284576e-16,0.08077383055486381,0.0916575992147839
91005,C,3,6,parallel_all,1,255,0.1742546381722509,0.0021125625509070506,0.17214207562134387,-2.7755575615628914e-17,0.15971125694988575,0.1713004040098846
91005,C,3,7,sequential_row,3,503,0.0023686291496808547,0.0023686291496806005,2.7139898275843563e-16,-1.7261993527833394e-17,0.02022427044466497,2.726377587874388e-16
91005,C,3,7,sequential_reverse,3,503,0.0019984801225342882,0.0019984801225340293,2.7333815608125206e-16,-1.44306772917136e-17,0.019098581560311464,2.563308194532419e-16
91005,C,3,7,parallel_rows,3,503,0.04824881499274307,0.0028241461648999227,0.04542466882784291,2.42861286636753e-16,0.04898988935047158,0.05992572837017479
91005,C,3,7,parallel_all,3,503,0.10134971125113337,0.001284477209512477,0.10006523404162083,5.551115123125783e-17,0.11578709773809301,0.11437973027076667
91006,A,2,0,sequential_row,2,302,0.0003364642338854936,0.00033646423388549167,1.392577131838673e-16,-1.373061492733934e-16,0.003493412874680853,1.8458541986565713e-16
91006,A,2,0,sequential_reverse,2,302,0.000525472465596131,0.0005254724655959927,1.2783064422277546e-16,1.0513552986374901e-17,0.004944351331223391,1.8084492237058214e-16
91006,A,2,0,parallel_rows,2,302,0.011035833603715748,0.00033200335661554036,0.01070383024710035,-1.4224732503009818e-16,0.018474551293646665,0.01791961140667262
91006,A,2,0,parallel_all,2,302,0.023185012465543775,0.0007308513058250361,0.022454161159718773,-3.469446951953614e-17,0.044913810346415804,0.03469374096026502
91006,A,2,1,sequential_row,1,180,0.021326498739368017,0.02132649873936797,1.6235063596202448e-16,-1.1377837863467388e-16,0.06775568827449568,9.860818758755663e-17
91006,A,2,1,sequential_reverse,1,180,0.0032915092868960527,0.003291509286895844,9.245668782023586e-17,1.161438101659752e-16,0.03856446512221485,6.277530578691071e-17
91006,A,2,1,parallel_rows,1,180,0.0583114600619874,0.01565563447832278,0.042655825583664805,-1.8735013540549517e-16,0.07084505722485636,0.07643099063175535
91006,A,2,1,parallel_all,1,180,0.0969443420165454,0.005666269432088832,0.09127807258445662,-5.551115123125783e-17,0.11416616088854079,0.12713284493992877
91006,A,2,2,sequential_row,3,477,0.009462287296445954,0.009462287296446003,3.477127354094468e-17,-8.334353086829527e-17,0.05645256947860763,1.1438332919722072e-16
91006,A,2,2,sequential_reverse,3,477,0.004126970304818088,0.00412697030481809,-1.650799004615839e-17,1.4773266570181584e-17,0.03431914229767298,7.101524229780054e-17
91006,A,2,2,parallel_rows,3,477,0.10347695871919613,0.014112609685792631,0.08936434903340353,-2.7755575615628914e-17,0.1839976826713864,0.1425873515891449
91006,A,2,2,parallel_all,3,477,0.21318486666244066,0.016574339043364937,0.19661052761907577,-5.551115123125783e-17,0.253109157194211,0.2083214463269998
91006,A,2,3,sequential_row,2,374,0.013757529058651685,0.01375752905865169,6.994492386929991e-17,-7.514909429723033e-17,0.078856465360157,8.500145032286355e-17
91006,A,2,3,sequential_reverse,2,374,0.017027070367944888,0.017027070367944836,9.013079704430275e-17,-3.808909276499854e-17,0.08989736846405388,8.326672684688674e-17
91006,A,2,3,parallel_rows,2,374,0.06183936926746544,0.019183543683800652,0.042655825583664715,6.938893903907228e-17,0.0935214700510588,0.07643099063175535
91006,A,2,3,parallel_all,2,374,0.10841852552238113,0.01714045293792455,0.0912780725844566,-1.3877787807814457e-17,0.09812079968336163,0.12713284493992874
91006,A,2,4,sequential_row,0,115,0.00042923545483643157,0.00042923545483631236,1.392577131838673e-16,-2.004968431908609e-17,0.005466075815364893,1.8458541986565713e-16
91006,A,2,4,sequential_reverse,0,115,0.0005331067316820116,0.0005331067316817558,1.2783064422277546e-16,1.2804106848380358e-16,0.00609523851757604,1.8084492237058214e-16
91006,A,2,4,parallel_rows,0,115,0.01130775665356765,0.0006039264064672978,0.01070383024710035,1.734723475976807e-18,0.01548889136101339,0.01791961140667262
91006,A,2,4,parallel_all,0,115,0.022536279101302008,8.211794158348531e-05,0.022454161159718773,-2.498001805406602e-16,0.03788631595522271,0.03469374096026502
91006,A,2,5,sequential_row,0,91,0.0029280506089614496,0.0029280506089612536,2.1969900529805143e-16,-2.3675252512672226e-17,0.018054315016207148,1.2067170179763664e-16
91006,A,2,5,sequential_reverse,0,91,0.00047050612684939913,0.0004705061268493015,2.1969900529805143e-16,-1.2206659966573175e-16,0.005939822058160234,1.2067170179763664e-16
91006,A,2,5,parallel_rows,0,91,0.01448490981489375,0.0037810795677933337,0.010703830247100341,7.632783294297951e-17,0.035998620472477996,0.017919611406672524
91006,A,2,5,parallel_all,0,91,0.026229834447073157,0.0037756732873545362,0.022454161159718773,-1.5265566588595902e-16,0.05846557479698816,0.03469374096026502
91006,A,2,6,sequential_row,1,255,0.00035748973159102626,0.00035748973159102735,2.1969900529805143e-16,-2.2078320747053693e-16,0.0028417119087936647,1.2067170179763664e-16
91006,A,2,6,sequential_reverse,1,255,0.0003069257855181076,0.00030692578551791845,2.1969900529805143e-16,-3.055993630795518e-17,0.005212539012204097,1.2067170179763664e-16
91006,A,2,6,parallel_rows,1,255,0.011204847864177594,0.0005010176170771828,0.010703830247100341,7.112366251504909e-17,0.014738158829590002,0.017919611406672524
91006,A,2,6,parallel_all,1,255,0.022709462364685497,0.000255301204966873,0.022454161159718773,-1.491862189340054e-16,0.03580772417783723,0.03469374096026502
91006,A,2,7,sequential_row,3,503,0.010694993274025143,0.010694993274025087,-6.386097152497738e-17,1.193721227562352e-16,0.045692206833317414,1.3509159069169385e-16
91006,A,2,7,sequential_reverse,3,503,0.0058169135737541865,0.005816913573754167,4.5363556903280127e-17,-2.628159866753525e-17,0.041034957000126715,4.5319650809894085e-17
91006,A,2,7,parallel_rows,3,503,0.08953383873822703,0.00983918421255123,0.0796946545256758,0.0,0.11267379679635037,0.1393135410365498
91006,A,2,7,parallel_all,3,503,0.1575454890453059,0.00838220314052842,0.14916328590477723,2.498001805406602e-16,0.17525528817505992,0.20485465439154277
91006,A,3,0,sequential_row,2,302,0.002854856580344693,0.002854856580344342,2.7139898275843563e-16,7.98825211268678e-17,0.023214041053930202,2.726377587874388e-16
91006,A,3,0,sequential_reverse,2,302,0.0017113026983049799,0.0017113026983047075,2.7333815608125206e-16,-9.86570352893345e-19,0.01411191274365095,2.563308194532419e-16
91006,A,3,0,parallel_rows,2,302,0.050108593137338425,0.00468392430949563,0.04542466882784291,-1.1102230246251565e-16,0.0815953951542086,0.05992572837017479
91006,A,3,0,parallel_all,2,302,0.10744221206975059,0.007376978028129569,0.10006523404162083,1.8041124150158794e-16,0.15294972245696922,0.11437973027076667
91006,A,3,1,sequential_row,1,180,0.012186919445908936,0.012186919445908778,2.8645662087327764e-16,-1.285967845593882e-16,0.05895449314661187,1.0556574400957203e-15
91006,A,3,1,sequential_reverse,1,180,0.005945627281092253,0.005945627281092478,2.8541336054876076e-16,-5.100600506877573e-16,0.03864766445837678,1.0035830257862733e-15
91006,A,3,1,parallel_rows,1,180,0.14079484852789315,0.008811260864724562,0.13198358766316876,-1.6653345369377348e-16,0.13149046002623216,0.1506084824683627
91006,A,3,1,parallel_all,1,180,0.3162326682001717,0.0036260194496259826,0.31260664875054645,-7.216449660063518e-16,0.23249165118735507,0.2498696132065591
91006,A,3,2,sequential_row,3,477,0.011593827630287825,0.011593827630287608,2.0500836705044057e-16,1.1832067446660316e-17,0.05806609298362042,1.3969537093172062e-15
91006,A,3,2,sequential_reverse,3,477,0.005702540744486329,0.00570254074448605,2.5681856919194607e-16,2.247191044031987e-17,0.03514916128287277,3.9650618112598663e-16
91006,A,3,2,parallel_rows,3,477,0.2122519579799698,0.013383748992391026,0.19886820898757862,1.3877787807814457e-16,0.25220487051136575,0.24379989098930305
91006,A,3,2,parallel_all,3,477,0.41600610147433803,0.004494311917500563,0.411511789556837,4.996003610813204e-16,0.3128385283588353,0.2926199311262086
91006,A,3,3,sequential_row,2,374,0.035663626672836665,0.035663626672836485,-6.009647553328655e-17,2.405077170348745e-16,0.1183517774572154,8.321853464265491e-16
91006,A,3,3,sequential_reverse,2,374,0.045244094840064725,0.04524409484006444,-9.635053292388172e-17,3.808451829840781e-16,0.12584428966154687,6.419539093369602e-16
91006,A,3,3,parallel_rows,2,374,0.1977660412621736,0.04327331049464204,0.15449273076753162,-5.551115123125783e-17,0.171159683766143,0.17259757882239307
91006,A,3,3,parallel_all,2,374,0.4885097967581516,0.07699800720131379,0.4115117895568367,1.1102230246251565e-15,0.30224995010573674,0.2926199311262066
91006,A,3,4,sequential_row,0,115,0.0015190483834474793,0.0015190483834474908,7.407517703470355e-17,-8.55677200630499e-17,0.014473663299868298,2.9553101952433197e-16
91006,A,3,4,sequential_reverse,0,115,0.003218783134437413,0.0032187831344373417,6.351115507755e-17,7.612507437499087e-18,0.01934989623658087,3.0633642030910806e-16
91006,A,3,4,parallel_rows,0,115,0.07918472740204212,0.0024368795056339274,0.07674784789640833,-1.3877787807814457e-16,0.1040872145946374,0.09497481096339945
91006,A,3,4,parallel_all,0,115,0.17496751619833006,0.002825440576986507,0.1721420756213437,-1.3877787807814457e-16,0.18905870693684157,0.17130040400988783
91006,A,3,5,sequential_row,0,91,0.009220178533406719,0.009220178533406594,2.2888077031793386e-16,-1.0398068004760375e-16,0.04364350767255861,7.163612588538019e-16
91006,A,3,5,sequential_reverse,0,91,0.0011517857449914665,0.0011517857449912321,2.696207645925929e-16,-3.521625490122682e-17,0.009506441023039075,5.720915301655708e-16
91006,A,3,5,parallel_rows,0,91,0.05757249464673586,0.012147825818893489,0.04542466882784282,-4.510281037539698e-16,0.09868601864441819,0.059925728370173424
91006,A,3,5,parallel_all,0,91,0.11680030038245706,0.016735066340837528,0.10006523404162085,-1.3183898417423734e-15,0.16707009395524744,0.11437973027076406
91006,A,3,6,sequential_row,1,255,0.006932574233516606,0.006932574233516734,1.3796205454177018e-16,-2.663315917640539e-16,0.03922601811272598,1.1729171806852533e-15
91006,A,3,6,sequential_reverse,1,255,0.002396266817718899,0.0023962668177184656,2.292504292996012e-16,2.0399675882560636e-16,0.024641043662785987,1.6912982871453412e-15
91006,A,3,6,parallel_rows,1,255,0.080754570897524,0.005742707015874968,0.07501186388164897,5.551115123125783e-17,0.07083358217897993,0.0916575992147839
91006,A,3,6,parallel_all,1,255,0.17468317111770582,0.002541095496362341,0.17214207562134387,-3.885780586188048e-16,0.16505717298046624,0.1713004040098846
91006,A,3,7,sequential_row,3,503,0.0016638043249824997,0.0016638043249823206,2.7139898275843563e-16,-9.22887838638303e-17,0.01586865598306154,2.726377587874388e-16
91006,A,3,7,sequential_reverse,3,503,0.0016771398720232629,0.0016771398720232008,2.7333815608125206e-16,-2.113217918150812e-16,0.015170896984373733,2.563308194532419e-16
91006,A,3,7,parallel_rows,3,503,0.048367834461270756,0.002943165633428046,0.04542466882784291,-1.942890293094024e-16,0.07685910816193117,0.05992572837017479
91006,A,3,7,parallel_all,3,503,0.10646878478248531,0.006403550740864872,0.10006523404162083,-4.0245584642661925e-16,0.15161287242033303,0.11437973027076667
91006,B,2,0,sequential_row,2,302,0.00036389850712170084,0.000363898507121731,1.392577131838673e-16,-1.6939853357896433e-16,0.006384323234464457,1.8458541986565713e-16
91006,B,2,0,sequential_reverse,2,302,0.00043248133441890725,0.0004324813344188361,1.2783064422277546e-16,-5.670698170772637e-17,0.00785098908928653,1.8084492237058214e-16
91006,B,2,0,parallel_rows,2,302,0.010874680394573656,0.0001708501474732774,0.01070383024710035,2.949029909160572e-17,0.02142927619056134,0.01791961140667262
91006,B,2,0,parallel_all,2,302,0.022551143556862302,9.698239714349542e-05,0.022454161159718773,3.469446951953614e-17,0.03791986762884334,0.03469374096026502
91006,B,2,1,sequential_row,1,180,0.057238828956899634,0.05723882895689956,1.6235063596202448e-16,-8.602280301904496e-17,0.15000175284608183,9.860818758755663e-17
91006,B,2,1,sequential_reverse,1,180,0.07863720266196117,0.07863720266196123,9.245668782023586e-17,-1.4796783905149368e-16,0.18204541538046587,6.277530578691071e-17
91006,B,2,1,parallel_rows,1,180,0.10418327684936257,0.06152745126569795,0.042655825583664805,-1.8041124150158794e-16,0.165272722559107,0.07643099063175535
91006,B,2,1,parallel_all,1,180,0.16205919944080643,0.07078112685635016,0.09127807258445662,-3.469446951953614e-16,0.19485562491383593,0.12713284493992877
91006,B,2,2,sequential_row,3,477,0.023123502390221123,0.023123502390221193,3.477127354094468e-17,-1.0416021258001696e-16,0.07369781638390319,1.1438332919722072e-16
91006,B,2,2,sequential_reverse,3,477,0.016301471758127243,0.01630147175812719,-1.650799004615839e-17,6.85496943254626e-17,0.06544456251491981,7.101524229780054e-17
91006,B,2,2,parallel_rows,3,477,0.10420000656376485,0.014835657530361413,0.08936434903340353,-8.326672684688674e-17,0.16526984845079068,0.1425873515891449
91006,B,2,2,parallel_all,3,477,0.21709834779430434,0.020487820175228523,0.19661052761907577,5.551115123125783e-17,0.24274942115429532,0.2083214463269998
91006,B,2,3,sequential_row,2,374,0.0052121371089767984,0.005212137108976703,6.994492386929991e-17,2.5464867309424478e-17,0.02973819069089334,8.500145032286355e-17
91006,B,2,3,sequential_reverse,2,374,0.008949036652156316,0.00894903665215622,9.013079704430275e-17,5.278994134421637e-18,0.038683430491514195,8.326672684688674e-17
91006,B,2,3,parallel_rows,2,374,0.056063077503551564,0.013407251919886759,0.042655825583664715,9.020562075079397e-17,0.07652516642221037,0.07643099063175535
91006,B,2,3,parallel_all,2,374,0.1055826929894265,0.014304620404969907,0.0912780725844566,0.0,0.11637817008357479,0.12713284493992874
91006,B,2,4,sequential_row,0,115,0.001189117091349156,0.001189117091348756,1.392577131838673e-16,2.6081288846328383e-16,0.015611041886640961,1.8458541986565713e-16
91006,B,2,4,sequential_reverse,0,115,0.0012992633685023616,0.0012992633685024386,1.2783064422277546e-16,-2.0480899846924628e-16,0.014875411796366986,1.8084492237058214e-16
91006,B,2,4,parallel_rows,0,115,0.011954731314102164,0.0012509010670017496,0.01070383024710035,6.418476861114186e-17,0.03334274177418615,0.01791961140667262
91006,B,2,4,parallel_all,0,115,0.023632200505502087,0.0011780393457833372,0.022454161159718773,-2.42861286636753e-17,0.04921244541216866,0.03469374096026502
91006,B,2,5,sequential_row,0,91,0.001973094606546671,0.001973094606546595,2.1969900529805143e-16,-1.4380485322406612e-16,0.016703260982957623,1.2067170179763664e-16
91006,B,2,5,sequential_reverse,0,91,0.0011747418677366282,0.0011747418677365872,2.1969900529805143e-16,-1.7871616317809936e-16,0.012516576637211074,1.2067170179763664e-16
91006,B,2,5,parallel_rows,0,91,0.013414881193768578,0.002711050946668334,0.010703830247100341,-9.71445146547012e-17,0.03646056783497133,0.017919611406672524
91006,B,2,5,parallel_all,0,91,0.025523568589511502,0.0030694074297928638,0.022454161159718773,-1.3530843112619095e-16,0.05822418678281097,0.03469374096026502
91006,B,2,6,sequential_row,1,255,0.00020917786649355237,0.00020917786649344476,2.1969900529805143e-16,-1.1209193967886511e-16,0.0045846989869997214,1.2067170179763664e-16
91006,B,2,6,sequential_reverse,1,255,0.00016654141379643286,0.00016654141379632818,2.1969900529805143e-16,-1.1501928554457597e-16,0.0031131839213748066,1.2067170179763664e-16
91006,B,2,6,parallel_rows,1,255,0.010768570735003317,6.474048790265322e-05,0.010703830247100341,3.226585665316861e-16,0.020404845930477394,0.017919611406672524
91006,B,2,6,parallel_all,1,255,0.02255792430532555,0.00010376314560682997,0.022454161159718773,-5.204170427930421e-17,0.03900294578979016,0.03469374096026502
91006,B,2,7,sequential_row,3,503,0.012567383567578368,0.012567383567578368,-6.386097152497738e-17,6.386097152497738e-17,0.05146600218076999,1.3509159069169385e-16
91006,B,2,7,sequential_reverse,3,503,0.00659621704185373,0.006596217041853675,4.5363556903280127e-17,1.01475943279777e-17,0.04115800083982649,4.5319650809894085e-17
91006,B,2,7,parallel_rows,3,503,0.09664973984196995,0.01695508531629424,0.0796946545256758,-8.326672684688674e-17,0.10804763328789824,0.1393135410365498
91006,B,2,7,parallel_all,3,503,0.16013474396900604,0.01097145806422865,0.14916328590477723,1.6653345369377348e-16,0.16979956089886278,0.20485465439154277
91006,B,3,0,sequential_row,2,302,0.002309725669353479,0.0023097256693532,2.7139898275843563e-16,7.89149687383031e-18,0.015399791004096292,2.726377587874388e-16
91006,B,3,0,sequential_reverse,2,302,0.001597596028468748,0.0015975960284685634,2.7333815608125206e-16,-8.88069463242192e-17,0.013692365089661011,2.563308194532419e-16
91006,B,3,0,parallel_rows,2,302,0.04689411568667394,0.0014694468588309123,0.04542466882784291,1.1796119636642288e-16,0.06701481539959606,0.05992572837017479
91006,B,3,0,parallel_all,2,302,0.10068468706018477,0.0006194530185638149,0.10006523404162083,1.249000902703301e-16,0.1162189712613681,0.11437973027076667
91006,B,3,1,sequential_row,1,180,0.031087586168710175,0.031087586168709918,2.8645662087327764e-16,-2.971754642871019e-17,0.08606507644109598,1.0556574400957203e-15
91006,B,3,1,sequential_reverse,1,180,0.033380770231792284,0.0333807702317919,2.8541336054876076e-16,9.62258041661368e-17,0.08673550349666345,1.0035830257862733e-15
91006,B,3,1,parallel_rows,1,180,0.15149835805777484,0.019514770394605967,0.13198358766316876,1.1102230246251565e-16,0.1824695518378531,0.1506084824683627
91006,B,3,1,parallel_all,1,180,0.33260555140935566,0.019998902658808645,0.31260664875054645,5.551115123125783e-16,0.27527242821018827,0.2498696132065591
91006,B,3,2,sequential_row,3,477,0.018576228011434402,0.018576228011434444,2.0500836705044057e-16,-2.466417304738839e-16,0.08429997863301023,1.3969537093172062e-15
91006,B,3,2,sequential_reverse,3,477,0.01707077369883771,0.017070773698837406,2.5681856919194607e-16,4.849276257997198e-17,0.07317476713778881,3.9650618112598663e-16
91006,B,3,2,parallel_rows,3,477,0.21758674633630026,0.018718537348721927,0.19886820898757862,-2.7755575615628914e-16,0.24756995449778046,0.24379989098930305
91006,B,3,2,parallel_all,3,477,0.4242868823775296,0.012775092820692823,0.411511789556837,-2.220446049250313e-16,0.29905839548931884,0.2926199311262086
91006,B,3,3,sequential_row,2,374,0.020333486542478813,0.020333486542478754,-6.009647553328655e-17,1.19077073716498e-16,0.07578355916085808,8.321853464265491e-16
91006,B,3,3,sequential_reverse,2,374,0.01957534593344746,0.019575345933447466,-9.635053292388172e-17,8.941163901997449e-17,0.06655227057824639,6.419539093369602e-16
91006,B,3,3,parallel_rows,2,374,0.19359098899219276,0.03909825822466104,0.15449273076753162,1.1102230246251565e-16,0.14801709155536144,0.17259757882239307
91006,B,3,3,parallel_all,2,374,0.4482987772388851,0.03678698768204742,0.4115117895568367,9.992007221626409e-16,0.25951138768658677,0.2926199311262066
91006,B,3,4,sequential_row,0,115,0.004126338465214621,0.004126338465214151,7.407517703470355e-17,3.9603488495501117e-16,0.026223648877636493,2.9553101952433197e-16
91006,B,3,4,sequential_reverse,0,115,0.0057364542037159245,0.00573645420371581,6.351115507755e-17,5.0980594336919264e-17,0.026461292435603367,3.0633642030910806e-16
91006,B,3,4,parallel_rows,0,115,0.07855232282512206,0.0018044749287136192,0.07674784789640833,1.1102230246251565e-16,0.10895438361249318,0.09497481096339945
91006,B,3,4,parallel_all,0,115,0.1730471617457604,0.0009050861244165181,0.1721420756213437,1.6653345369377348e-16,0.17476964968428554,0.17130040400988783
91006,B,3,5,sequential_row,0,91,0.007040228738329352,0.007040228738329108,2.2888077031793386e-16,1.4847878056807533e-17,0.03729106047513641,7.163612588538019e-16
91006,B,3,5,sequential_reverse,0,91,0.00418838599409642,0.004188385994096478,2.696207645925929e-16,-3.277340010378159e-16,0.02817214492543938,5.720915301655708e-16
91006,B,3,5,parallel_rows,0,91,0.05542076908941812,0.00999610026157598,0.04542466882784282,-6.800116025829084e-16,0.09667653157289961,0.059925728370173424
91006,B,3,5,parallel_all,0,91,0.11596125605064173,0.015896022009022154,0.10006523404162085,-1.27675647831893e-15,0.17602624448223972,0.11437973027076406
91006,B,3,6,sequential_row,1,255,0.004849969289570023,0.004849969289570082,1.3796205454177018e-16,-1.9694265272498162e-16,0.027621083049319213,1.1729171806852533e-15
91006,B,3,6,sequential_reverse,1,255,0.0034799928414582584,0.0034799928414579046,2.292504292996012e-16,1.2463315979966743e-16,0.0295399476981102,1.6912982871453412e-15
91006,B,3,6,parallel_rows,1,255,0.07790888774121826,0.002897023859569711,0.07501186388164897,-4.163336342344337e-16,0.08877360448597546,0.0916575992147839
91006,B,3,6,parallel_all,1,255,0.1758162209138755,0.003674145292531984,0.17214207562134387,-3.608224830031759e-16,0.16314743038445942,0.1713004040098846
91006,B,3,7,sequential_row,3,503,0.0013582730577145815,0.0013582730577144332,2.7139898275843563e-16,-1.2308012556241863e-16,0.008703813271905947,2.726377587874388e-16
91006,B,3,7,sequential_reverse,3,503,0.0016802278589087083,0.0016802278589084128,2.7333815608125206e-16,2.221535613829645e-17,0.010843697681829497,2.563308194532419e-16
91006,B,3,7,parallel_rows,3,503,0.046801150089662055,0.001376481261819208,0.04542466882784291,-6.245004513516506e-17,0.05515867022328994,0.05992572837017479
91006,B,3,7,parallel_all,3,503,0.10113574371298759,0.0010705096713666885,0.10006523404162083,6.938893903907228e-17,0.09898818781185555,0.11437973027076667
91006,C,2,0,sequential_row,2,302,0.00022531543251300742,0.00022531543251276323,1.392577131838673e-16,1.0493172111418043e-16,0.004970426193436659,1.8458541986565713e-16
91006,C,2,0,sequential_reverse,2,302,0.0004012536326583018,0.000401253632658195,1.2783064422277546e-16,-2.1036730232953278e-17,0.00566285640218644,1.8084492237058214e-16
91006,C,2,0,parallel_rows,2,302,0.010992192071042612,0.00028836182394219886,0.01070383024710035,6.418476861114186e-17,0.011621221959732666,0.01791961140667262
91006,C,2,0,parallel_all,2,302,0.022640028500210498,0.00018586734049169104,0.022454161159718773,3.469446951953614e-17,0.03231269659733868,0.03469374096026502
91006,C,2,1,sequential_row,1,180,0.023173295752068265,0.023173295752068265,1.6235063596202448e-16,-1.6235063596202448e-16,0.07481677819293547,9.860818758755663e-17
91006,C,2,1,sequential_reverse,1,180,0.003586594177950323,0.0035865941779502975,9.245668782023586e-17,-6.686951654957796e-17,0.025334926200507882,6.277530578691071e-17
91006,C,2,1,parallel_rows,1,180,0.06801517841420732,0.025359352830542525,0.042655825583664805,-1.3877787807814457e-17,0.08416772488793871,0.07643099063175535
91006,C,2,1,parallel_all,1,180,0.10274743619206617,0.01146936360760959,0.09127807258445662,-4.163336342344337e-17,0.12294864429063102,0.12713284493992877
91006,C,2,2,sequential_row,3,477,0.007101521471083741,0.007101521471083683,3.477127354094468e-17,2.3341962904278357e-17,0.043073924544088774,1.1438332919722072e-16
91006,C,2,2,sequential_reverse,3,477,0.003730258550400479,0.003730258550400368,-1.650799004615839e-17,1.2753029250867404e-16,0.025558352385498112,7.101524229780054e-17
91006,C,2,2,parallel_rows,3,477,0.09503593241344761,0.005671583380044206,0.08936434903340353,-1.249000902703301e-16,0.1571584935344581,0.1425873515891449
91006,C,2,2,parallel_all,3,477,0.20721796465128456,0.010607437032208886,0.19661052761907577,-1.1102230246251565e-16,0.23322379993627448,0.2083214463269998
91006,C,2,3,sequential_row,2,374,0.0024677590070733453,0.00246775900707331,6.994492386929991e-17,-3.481677348076957e-17,0.020726247597111058,8.500145032286355e-17
91006,C,2,3,sequential_reverse,2,374,0.002334392911501405,0.0023343929115011686,9.013079704430275e-17,1.462252765575372e-16,0.02451401099817548,8.326672684688674e-17
91006,C,2,3,parallel_rows,2,374,0.046464296926909184,0.0038084713432444657,0.042655825583664715,0.0,0.07036881226485514,0.07643099063175535
91006,C,2,3,parallel_all,2,374,0.09369792059216879,0.002419848007712196,0.0912780725844566,0.0,0.13534477855605792,0.12713284493992874
91006,C,2,4,sequential_row,0,115,0.0004834014580866342,0.0004834014580863673,1.392577131838673e-16,1.276728616820639e-16,0.005176166012778186,1.8458541986565713e-16
91006,C,2,4,sequential_reverse,0,115,0.0004610086116879986,0.0004610086116878904,1.2783064422277546e-16,-1.9627267408722122e-17,0.008037482412440495,1.8084492237058214e-16
91006,C,2,4,parallel_rows,0,115,0.01149876515187783,0.0007949349047773907,0.01070383024710035,9.020562075079397e-17,0.015389647418011842,0.01791961140667262
91006,C,2,4,parallel_all,0,115,0.02287002697872718,0.00041586581900840533,0.022454161159718773,3.469446951953614e-18,0.032132154693762134,0.03469374096026502
91006,C,2,5,sequential_row,0,91,0.002426089772439197,0.00242608977243909,2.1969900529805143e-16,-1.125798306564836e-16,0.015613666976979329,1.2067170179763664e-16
91006,C,2,5,sequential_reverse,0,91,0.0002787618763660972,0.00027876187636593857,2.1969900529805143e-16,-6.108022746342213e-17,0.003930937997137129,1.2067170179763664e-16
91006,C,2,5,parallel_rows,0,91,0.013251222552940829,0.0025473923058403564,0.010703830247100341,1.3183898417423734e-16,0.031717739776936094,0.017919611406672524
91006,C,2,5,parallel_all,0,91,0.024887160171043893,0.002432999011325234,0.022454161159718773,-1.1449174941446927e-16,0.049480043582401205,0.03469374096026502
91006,C,2,6,sequential_row,1,255,0.00012639151585151087,0.00012639151585133924,2.1969900529805143e-16,-4.8069801393596076e-17,0.002495795620928812,1.2067170179763664e-16
91006,C,2,6,sequential_reverse,1,255,0.00020211586235138355,0.00020211586235121097,2.1969900529805143e-16,-4.712112449267126e-17,0.0030003217706411826,1.2067170179763664e-16
91006,C,2,6,parallel_rows,1,255,0.010804716115546448,0.00010088586844602299,0.010703830247100341,8.326672684688674e-17,0.015433531372343077,0.017919611406672524
91006,C,2,6,parallel_all,1,255,0.022586814495223772,0.0001326533355050307,0.022454161159718773,-3.122502256758253e-17,0.029935365017353572,0.03469374096026502
91006,C,2,7,sequential_row,3,503,0.012469856540482396,0.012469856540482419,-6.386097152497738e-17,4.1309566337278884e-17,0.06015384169309763,1.3509159069169385e-16
91006,C,2,7,sequential_reverse,3,503,0.014043521671190946,0.014043521671191043,4.5363556903280127e-17,-1.4250807155798133e-16,0.06596035135101738,4.5319650809894085e-17
91006,C,2,7,parallel_rows,3,503,0.09923055899673255,0.019535904471056968,0.0796946545256758,-2.0816681711721685e-16,0.10516994869841774,0.1393135410365498
91006,C,2,7,parallel_all,3,503,0.17092626174979503,0.021762975845017726,0.14916328590477723,5.551115123125783e-17,0.15334397544308126,0.20485465439154277
91006,C,3,0,sequential_row,2,302,0.0026864677935538295,0.0026864677935534466,2.7139898275843563e-16,1.1154122456344453e-16,0.02325250258303179,2.726377587874388e-16
91006,C,3,0,sequential_reverse,2,302,0.0017124686549834824,0.0017124686549833594,2.7333815608125206e-16,-1.5038962972139586e-16,0.012528646580514462,2.563308194532419e-16
91006,C,3,0,parallel_rows,2,302,0.05032832297755629,0.004903654149713031,0.04542466882784291,3.469446951953614e-16,0.08342185039416124,0.05992572837017479
91006,C,3,0,parallel_all,2,302,0.10895841096275448,0.008893176921133757,0.10006523404162083,-1.1102230246251565e-16,0.1564681806900678,0.11437973027076667
91006,C,3,1,sequential_row,1,180,0.007986023573302005,0.007986023573302048,2.8645662087327764e-16,-3.298247077726978e-16,0.041141022173144574,1.0556574400957203e-15
91006,C,3,1,sequential_reverse,1,180,0.0063412198940222715,0.006341219894021899,2.8541336054876076e-16,8.668482504826436e-17,0.031284302545518464,1.0035830257862733e-15
91006,C,3,1,parallel_rows,1,180,0.13940124288425276,0.007417655221084101,0.13198358766316876,-8.326672684688674e-17,0.14301730585919614,0.1506084824683627
91006,C,3,1,parallel_all,1,180,0.31752103176550583,0.004914383014959244,0.31260664875054645,1.6653345369377348e-16,0.25601900833303776,0.2498696132065591
91006,C,3,2,sequential_row,3,477,0.00837527668159549,0.008375276681595517,2.0500836705044057e-16,-2.3276394266606946e-16,0.05810990215780459,1.3969537093172062e-15
91006,C,3,2,sequential_reverse,3,477,0.012510892588644055,0.012510892588643883,2.5681856919194607e-16,-8.508094507024217e-17,0.055327976034560286,3.9650618112598663e-16
91006,C,3,2,parallel_rows,3,477,0.20314026415247105,0.004272055164892516,0.19886820898757862,-8.326672684688674e-17,0.24555120694617144,0.24379989098930305
91006,C,3,2,parallel_all,3,477,0.4143737073345344,0.002861917777697556,0.411511789556837,-1.6653345369377348e-16,0.2892701392983481,0.2926199311262086
91006,C,3,3,sequential_row,2,374,0.006143764602028831,0.006143764602028678,-6.009647553328655e-17,2.1275214141924559e-16,0.042008430815288045,8.321853464265491e-16
91006,C,3,3,sequential_reverse,2,374,0.009773145345254414,0.009773145345254492,-9.635053292388172e-17,1.8287976504925398e-17,0.04890664088454964,6.419539093369602e-16
91006,C,3,3,parallel_rows,2,374,0.16364011916060633,0.009147388393074718,0.15449273076753162,0.0,0.15167742068685885,0.17259757882239307
91006,C,3,3,parallel_all,2,374,0.42029665516818365,0.008784865611346457,0.4115117895568367,4.996003610813204e-16,0.2652522814572966,0.2926199311262066
91006,C,3,4,sequential_row,0,115,0.0024363034032836035,0.002436303403283389,7.407517703470355e-17,1.4059685311742633e-16,0.016721349084867693,2.9553101952433197e-16
91006,C,3,4,sequential_reverse,0,115,0.001781037147934048,0.001781037147933881,6.351115507755e-17,1.0345597948521768e-16,0.014953656280643959,3.0633642030910806e-16
91006,C,3,4,parallel_rows,0,115,0.08027219740013022,0.003524349503722009,0.07674784789640833,-1.1102230246251565e-16,0.09328795670026743,0.09497481096339945
91006,C,3,4,parallel_all,0,115,0.17365841883208227,0.001516343210738567,0.1721420756213437,0.0,0.1774175547308242,0.17130040400988783
91006,C,3,5,sequential_row,0,91,0.01121706001478191,0.01121706001478213,2.2888077031793386e-16,-4.491906517669884e-16,0.04742392064083164,7.163612588538019e-16
91006,C,3,5,sequential_reverse,0,91,0.0014875494768750125,0.0014875494768746876,2.696207645925929e-16,5.520620628406425e-17,0.010613542951923455,5.720915301655708e-16
91006,C,3,5,parallel_rows,0,91,0.05912112749312736,0.013696458665285455,0.04542466882784282,-9.159339953157541e-16,0.09430353230853884,0.059925728370173424
91006,C,3,5,parallel_all,0,91,0.11905836558087232,0.01899313153925224,0.10006523404162085,-7.632783294297951e-16,0.16601615091855665,0.11437973027076406
91006,C,3,6,sequential_row,1,255,0.004302297636886533,0.00430229763688694,1.3796205454177018e-16,-5.447547096583315e-16,0.0257967680118876,1.1729171806852533e-15
91006,C,3,6,sequential_reverse,1,255,0.0014374991147865068,0.0014374991147861644,2.292504292996012e-16,1.1314061677132108e-16,0.016473652525189942,1.6912982871453412e-15
91006,C,3,6,parallel_rows,1,255,0.07905913928793552,0.004047275406286717,0.07501186388164897,-1.6653345369377348e-16,0.08056640693755752,0.0916575992147839
91006,C,3,6,parallel_all,1,255,0.1738682074477646,0.0017261318264210955,0.17214207562134387,-3.608224830031759e-16,0.17102775067466658,0.1713004040098846
91006,C,3,7,sequential_row,3,503,0.0016586400485410309,0.0016586400485409025,2.7139898275843563e-16,-1.430294455361519e-16,0.014885124006660685,2.726377587874388e-16
91006,C,3,7,sequential_reverse,3,503,0.0016535208860924203,0.0016535208860921128,2.7333815608125206e-16,3.4141580035637e-17,0.014671663908657862,2.563308194532419e-16
91006,C,3,7,parallel_rows,3,503,0.048154827311531784,0.0027301584836888016,0.04542466882784291,7.632783294297951e-17,0.05638466802409679,0.05992572837017479
91006,C,3,7,parallel_all,3,503,0.10121509066895172,0.0011498566273307259,0.10006523404162083,1.6653345369377348e-16,0.1251423728460933,0.11437973027076667
