arm,seed,metric,value
T0,91001,matched_continuous48/natural/sequential_kl,0.008976150777155346
T0,91001,matched_continuous48/natural/parallel_kl,0.03531022803489948
T0,91001,matched_continuous48/natural/oracle_parallel_kl,0.022331110563886807
T0,91001,matched_continuous48/natural/marginal_kl,0.012979117471012672
T0,91001,matched_continuous48/natural/order_tv,0.04111095207948426
T0,91001,matched_continuous48/natural/geometry_probability_mae,0.037452078968165395
T0,91001,matched_continuous48/natural/response_rmse,0.040054187301943794
T0,91001,matched_continuous96/natural/sequential_kl,0.14638005121729808
T0,91001,matched_continuous96/natural/parallel_kl,0.18455841829206757
T0,91001,matched_continuous96/natural/oracle_parallel_kl,0.022331110563886807
T0,91001,matched_continuous96/natural/marginal_kl,0.16222730772818075
T0,91001,matched_continuous96/natural/order_tv,0.0347338785822012
T0,91001,matched_continuous96/natural/geometry_probability_mae,0.12262761127296685
T0,91001,matched_continuous96/natural/response_rmse,0.3126723329918696
T0,91001,matched_continuous128/natural/sequential_kl,0.21161278652734467
T0,91001,matched_continuous128/natural/parallel_kl,0.22380256636235013
T0,91001,matched_continuous128/natural/oracle_parallel_kl,0.022331110563886807
T0,91001,matched_continuous128/natural/marginal_kl,0.20147145579846337
T0,91001,matched_continuous128/natural/order_tv,0.005612029521354839
T0,91001,matched_continuous128/natural/geometry_probability_mae,0.15211301470901945
T0,91001,matched_continuous128/natural/response_rmse,0.38857310808424284
T0,91001,unequal_distance_w48/natural/sequential_kl,0.016573860489014536
T0,91001,unequal_distance_w48/natural/parallel_kl,0.08748162480910368
T0,91001,unequal_distance_w48/natural/oracle_parallel_kl,0.06652490555863214
T0,91001,unequal_distance_w48/natural/marginal_kl,0.02095671925047152
T0,91001,unequal_distance_w48/natural/order_tv,0.048491892246123554
T0,91001,unequal_distance_w48/natural/geometry_probability_mae,0.04335849977912484
T0,91001,unequal_distance_w48/natural/response_rmse,0.08861482408699242
T0,91001,matched_continuous48/common/sequential_kl,0.007242122188529868
T0,91001,matched_continuous48/common/parallel_kl,0.03184217085764852
T0,91001,matched_continuous48/common/oracle_parallel_kl,0.022331110563886807
T0,91001,matched_continuous48/common/marginal_kl,0.009511060293761716
T0,91001,matched_continuous48/common/order_tv,0.03298405178354149
T0,91001,matched_continuous48/common/geometry_probability_mae,0.037452078968165395
T0,91001,matched_continuous48/common/response_rmse,0.040054187301943794
T0,91001,matched_continuous96/common/sequential_kl,0.11324561033315132
T0,91001,matched_continuous96/common/parallel_kl,0.15479236124722406
T0,91001,matched_continuous96/common/oracle_parallel_kl,0.022331110563886807
T0,91001,matched_continuous96/common/marginal_kl,0.13246125068333722
T0,91001,matched_continuous96/common/order_tv,0.04210491442529396
T0,91001,matched_continuous96/common/geometry_probability_mae,0.10056284116674062
T0,91001,matched_continuous96/common/response_rmse,0.25199894019831676
T0,91001,matched_continuous128/common/sequential_kl,0.1985543028221114
T0,91001,matched_continuous128/common/parallel_kl,0.21451529515273435
T0,91001,matched_continuous128/common/oracle_parallel_kl,0.022331110563886807
T0,91001,matched_continuous128/common/marginal_kl,0.19218418458884762
T0,91001,matched_continuous128/common/order_tv,0.009095618616497742
T0,91001,matched_continuous128/common/geometry_probability_mae,0.14538134715315082
T0,91001,matched_continuous128/common/response_rmse,0.3712130712497909
T0,91001,unequal_distance_w48/common/sequential_kl,0.015403730445061103
T0,91001,unequal_distance_w48/common/parallel_kl,0.08514136472119682
T0,91001,unequal_distance_w48/common/oracle_parallel_kl,0.06652490555863214
T0,91001,unequal_distance_w48/common/marginal_kl,0.01861645916256466
T0,91001,unequal_distance_w48/common/order_tv,0.04178955146868548
T0,91001,unequal_distance_w48/common/geometry_probability_mae,0.04335849977912484
T0,91001,unequal_distance_w48/common/response_rmse,0.08861482408699242
T0,91001,w128_k8/CE,0.5860627227287464
T0,91001,w128_k32/CE,0.4666403110359193
T0,91001,w128_t05/CE,0.2942738153616845
T0,91001,w128_t095/CE,0.40308975148458515
T0,91001,w48_t05/CE,0.283517369233904
T0,91001,w48_t095/CE,0.4149155544345578
T0,91001,continuous128/G_1_8_NRMSE,0.05411946065236726
T0,91001,continuous128/G_9_48_NRMSE,0.2068462722171124
T0,91001,continuous128/G_49_64_NRMSE,0.3896201310840287
T0,91001,continuous128/m_bias,0.006163120269775391
T0,91001,continuous128/m2_bias,-0.09465728941722773
T0,91001,continuous128/abs_m_bias,-0.11254382133483887
T0,91001,continuous128/energy_bias,0.02385699655127338
T0,91001,continuous96/G_1_8_NRMSE,0.01718717770849298
T0,91001,continuous96/G_9_24_NRMSE,0.03132868731717771
T0,91001,continuous96/G_25_48_NRMSE,0.07858830931295933
T0,91001,continuous96/m_bias,0.01010682847764757
T0,91001,continuous96/m2_bias,-0.02032797599648256
T0,91001,continuous96/abs_m_bias,-0.012873331705729185
T0,91001,continuous96/energy_bias,0.008294677734374978
T0,91001,continuous48/G_1_8_NRMSE,0.04640750713608406
T0,91001,continuous48/G_9_24_NRMSE,0.07239235618247386
T0,91001,continuous48/G_1_24_NRMSE,0.060562273021880414
T0,91001,continuous48/m_bias,-0.06918928358289929
T0,91001,continuous48/m2_bias,-0.026912374996844624
T0,91001,continuous48/abs_m_bias,-0.02331797281901049
T0,91001,continuous48/energy_bias,0.011004508809840385
T0,91001,held_s10_w48/G_10_30_NRMSE,0.10714403922175611
T0,91001,held_s10_w48/G_40_120_NRMSE,0.23785525601437116
T0,91001,held_s10_w48/G_130_470_NRMSE,0.37769261736045284
T0,91001,held_s10_w48/m_bias,-0.11970011393229167
T0,91001,held_s10_w48/m2_bias,-0.08388062465338056
T0,91001,held_s10_w48/abs_m_bias,-0.13027106391059023
T0,91001,held_s10_w48/energy_bias,0.012231705036569174
T0,91002,matched_continuous48/natural/sequential_kl,0.0038918488888268358
T0,91002,matched_continuous48/natural/parallel_kl,0.025388754475037904
T0,91002,matched_continuous48/natural/oracle_parallel_kl,0.022331110563886807
T0,91002,matched_continuous48/natural/marginal_kl,0.003057643911151089
T0,91002,matched_continuous48/natural/order_tv,0.027354659493183317
T0,91002,matched_continuous48/natural/geometry_probability_mae,0.03788203153489102
T0,91002,matched_continuous48/natural/response_rmse,0.07445861882556991
T0,91002,matched_continuous96/natural/sequential_kl,0.06243072172541935
T0,91002,matched_continuous96/natural/parallel_kl,0.09579195009102173
T0,91002,matched_continuous96/natural/oracle_parallel_kl,0.022331110563886807
T0,91002,matched_continuous96/natural/marginal_kl,0.07346083952713495
T0,91002,matched_continuous96/natural/order_tv,0.044618720940947376
T0,91002,matched_continuous96/natural/geometry_probability_mae,0.03818726925439668
T0,91002,matched_continuous96/natural/response_rmse,0.09092325372125935
T0,91002,matched_continuous128/natural/sequential_kl,0.13032831080769963
T0,91002,matched_continuous128/natural/parallel_kl,0.15518369719736738
T0,91002,matched_continuous128/natural/oracle_parallel_kl,0.022331110563886807
T0,91002,matched_continuous128/natural/marginal_kl,0.13285258663348057
T0,91002,matched_continuous128/natural/order_tv,0.017587540894840034
T0,91002,matched_continuous128/natural/geometry_probability_mae,0.099788370186586
T0,91002,matched_continuous128/natural/response_rmse,0.24890986857636396
T0,91002,unequal_distance_w48/natural/sequential_kl,0.0046405896023963816
T0,91002,unequal_distance_w48/natural/parallel_kl,0.06980062321607855
T0,91002,unequal_distance_w48/natural/oracle_parallel_kl,0.06652490555863214
T0,91002,unequal_distance_w48/natural/marginal_kl,0.003275717657446391
T0,91002,unequal_distance_w48/natural/order_tv,0.0239365426467666
T0,91002,unequal_distance_w48/natural/geometry_probability_mae,0.04060214978757645
T0,91002,unequal_distance_w48/natural/response_rmse,0.08359408545243648
T0,91002,matched_continuous48/common/sequential_kl,0.003819411554833011
T0,91002,matched_continuous48/common/parallel_kl,0.025243879807050257
T0,91002,matched_continuous48/common/oracle_parallel_kl,0.022331110563886807
T0,91002,matched_continuous48/common/marginal_kl,0.0029127692431634394
T0,91002,matched_continuous48/common/order_tv,0.027433279511129463
T0,91002,matched_continuous48/common/geometry_probability_mae,0.03788203153489102
T0,91002,matched_continuous48/common/response_rmse,0.07445861882556991
T0,91002,matched_continuous96/common/sequential_kl,0.05870252536362518
T0,91002,matched_continuous96/common/parallel_kl,0.09178189525044611
T0,91002,matched_continuous96/common/oracle_parallel_kl,0.022331110563886807
T0,91002,matched_continuous96/common/marginal_kl,0.0694507846865593
T0,91002,matched_continuous96/common/order_tv,0.04570436160270639
T0,91002,matched_continuous96/common/geometry_probability_mae,0.03406690505875594
T0,91002,matched_continuous96/common/response_rmse,0.08030094186017307
T0,91002,matched_continuous128/common/sequential_kl,0.12516873110212126
T0,91002,matched_continuous128/common/parallel_kl,0.1504382613564604
T0,91002,matched_continuous128/common/oracle_parallel_kl,0.022331110563886807
T0,91002,matched_continuous128/common/marginal_kl,0.1281071507925736
T0,91002,matched_continuous128/common/order_tv,0.018475549467526914
T0,91002,matched_continuous128/common/geometry_probability_mae,0.09506275608961663
T0,91002,matched_continuous128/common/response_rmse,0.23651784808436319
T0,91002,unequal_distance_w48/common/sequential_kl,0.00460052121378222
T0,91002,unequal_distance_w48/common/parallel_kl,0.06972048643885023
T0,91002,unequal_distance_w48/common/oracle_parallel_kl,0.06652490555863214
T0,91002,unequal_distance_w48/common/marginal_kl,0.0031955808802180763
T0,91002,unequal_distance_w48/common/order_tv,0.0242874218335346
T0,91002,unequal_distance_w48/common/geometry_probability_mae,0.04060214978757645
T0,91002,unequal_distance_w48/common/response_rmse,0.08359408545243648
T0,91002,w128_k8/CE,0.549804183267069
T0,91002,w128_k32/CE,0.4603765255204476
T0,91002,w128_t05/CE,0.2945567993982417
T0,91002,w128_t095/CE,0.40218842606416805
T0,91002,w48_t05/CE,0.2840836564716599
T0,91002,w48_t095/CE,0.4152117185510047
T0,91002,continuous128/G_1_8_NRMSE,0.04876367504834061
T0,91002,continuous128/G_9_48_NRMSE,0.18613909861747793
T0,91002,continuous128/G_49_64_NRMSE,0.3523205950472848
T0,91002,continuous128/m_bias,-0.02793741226196289
T0,91002,continuous128/m2_bias,-0.09659013102645986
T0,91002,continuous128/abs_m_bias,-0.11994719505310059
T0,91002,continuous128/energy_bias,0.02092538668414745
T0,91002,continuous96/G_1_8_NRMSE,0.047051095735808096
T0,91002,continuous96/G_9_24_NRMSE,0.11820190939468878
T0,91002,continuous96/G_25_48_NRMSE,0.21440395324683126
T0,91002,continuous96/m_bias,-0.04461118910047742
T0,91002,continuous96/m2_bias,-0.07458924170997411
T0,91002,continuous96/abs_m_bias,-0.08297220865885419
T0,91002,continuous96/energy_bias,0.013189483107182043
T0,91002,continuous48/G_1_8_NRMSE,0.018719882589172922
T0,91002,continuous48/G_9_24_NRMSE,0.06962087449542442
T0,91002,continuous48/G_1_24_NRMSE,0.0505566454862894
T0,91002,continuous48/m_bias,0.1653484768337674
T0,91002,continuous48/m2_bias,0.024728783118872
T0,91002,continuous48/abs_m_bias,0.02749040391710067
T0,91002,continuous48/energy_bias,-0.0030413688497340496
T0,91002,held_s10_w48/G_10_30_NRMSE,0.04195637529105147
T0,91002,held_s10_w48/G_40_120_NRMSE,0.03861542047720881
T0,91002,held_s10_w48/G_130_470_NRMSE,0.22280831805095525
T0,91002,held_s10_w48/m_bias,-0.12446085611979167
T0,91002,held_s10_w48/m2_bias,0.025669086126633683
T0,91002,held_s10_w48/abs_m_bias,0.02441914876302087
T0,91002,held_s10_w48/energy_bias,-0.01786858308399819
T0,91003,matched_continuous48/natural/sequential_kl,0.018955583164307184
T0,91003,matched_continuous48/natural/parallel_kl,0.05056099341717251
T0,91003,matched_continuous48/natural/oracle_parallel_kl,0.022331110563886807
T0,91003,matched_continuous48/natural/marginal_kl,0.028229882853285704
T0,91003,matched_continuous48/natural/order_tv,0.03755790720058163
T0,91003,matched_continuous48/natural/geometry_probability_mae,0.062296629445922985
T0,91003,matched_continuous48/natural/response_rmse,0.08075942969449164
T0,91003,matched_continuous96/natural/sequential_kl,0.07126192484931758
T0,91003,matched_continuous96/natural/parallel_kl,0.09832122055492595
T0,91003,matched_continuous96/natural/oracle_parallel_kl,0.022331110563886807
T0,91003,matched_continuous96/natural/marginal_kl,0.07599010999103915
T0,91003,matched_continuous96/natural/order_tv,0.03859674344323849
T0,91003,matched_continuous96/natural/geometry_probability_mae,0.043825080153035344
T0,91003,matched_continuous96/natural/response_rmse,0.09359929043665507
T0,91003,matched_continuous128/natural/sequential_kl,0.1289646382520705
T0,91003,matched_continuous128/natural/parallel_kl,0.1382257263335948
T0,91003,matched_continuous128/natural/oracle_parallel_kl,0.022331110563886807
T0,91003,matched_continuous128/natural/marginal_kl,0.11589461576970798
T0,91003,matched_continuous128/natural/order_tv,0.010341596078303941
T0,91003,matched_continuous128/natural/geometry_probability_mae,0.06852691202741497
T0,91003,matched_continuous128/natural/response_rmse,0.159652668646481
T0,91003,unequal_distance_w48/natural/sequential_kl,0.022936477883860825
T0,91003,unequal_distance_w48/natural/parallel_kl,0.09392805512611288
T0,91003,unequal_distance_w48/natural/oracle_parallel_kl,0.06652490555863214
T0,91003,unequal_distance_w48/natural/marginal_kl,0.027403149567480727
T0,91003,unequal_distance_w48/natural/order_tv,0.03708732196101071
T0,91003,unequal_distance_w48/natural/geometry_probability_mae,0.04086539832583955
T0,91003,unequal_distance_w48/natural/response_rmse,0.04657526168072484
T0,91003,matched_continuous48/common/sequential_kl,0.018320538175101733
T0,91003,matched_continuous48/common/parallel_kl,0.04929090343876157
T0,91003,matched_continuous48/common/oracle_parallel_kl,0.022331110563886807
T0,91003,matched_continuous48/common/marginal_kl,0.026959792874874784
T0,91003,matched_continuous48/common/order_tv,0.03644247604029767
T0,91003,matched_continuous48/common/geometry_probability_mae,0.062296629445922985
T0,91003,matched_continuous48/common/response_rmse,0.08075942969449164
T0,91003,matched_continuous96/common/sequential_kl,0.06827967260812394
T0,91003,matched_continuous96/common/parallel_kl,0.0958876172750277
T0,91003,matched_continuous96/common/oracle_parallel_kl,0.022331110563886807
T0,91003,matched_continuous96/common/marginal_kl,0.0735565067111409
T0,91003,matched_continuous96/common/order_tv,0.03968604361510561
T0,91003,matched_continuous96/common/geometry_probability_mae,0.04350180784283799
T0,91003,matched_continuous96/common/response_rmse,0.09202977859105979
T0,91003,matched_continuous128/common/sequential_kl,0.1253002289029892
T0,91003,matched_continuous128/common/parallel_kl,0.13512791081758818
T0,91003,matched_continuous128/common/oracle_parallel_kl,0.022331110563886807
T0,91003,matched_continuous128/common/marginal_kl,0.11279680025370144
T0,91003,matched_continuous128/common/order_tv,0.011226758322414224
T0,91003,matched_continuous128/common/geometry_probability_mae,0.06583459583428138
T0,91003,matched_continuous128/common/response_rmse,0.15259246160593629
T0,91003,unequal_distance_w48/common/sequential_kl,0.02230369904231315
T0,91003,unequal_distance_w48/common/parallel_kl,0.09266249744301755
T0,91003,unequal_distance_w48/common/oracle_parallel_kl,0.06652490555863214
T0,91003,unequal_distance_w48/common/marginal_kl,0.026137591884385386
T0,91003,unequal_distance_w48/common/order_tv,0.036057484745502855
T0,91003,unequal_distance_w48/common/geometry_probability_mae,0.04086539832583955
T0,91003,unequal_distance_w48/common/response_rmse,0.04657526168072484
T0,91003,w128_k8/CE,0.5459754637468623
T0,91003,w128_k32/CE,0.4652347691035481
T0,91003,w128_t05/CE,0.29483929092264816
T0,91003,w128_t095/CE,0.40317890248638
T0,91003,w48_t05/CE,0.2837447900341847
T0,91003,w48_t095/CE,0.41488457417897007
T0,91003,continuous128/G_1_8_NRMSE,0.031692076142925116
T0,91003,continuous128/G_9_48_NRMSE,0.0685078282993261
T0,91003,continuous128/G_49_64_NRMSE,0.1387164941092537
T0,91003,continuous128/m_bias,0.13244104385375977
T0,91003,continuous128/m2_bias,-0.03730972236371599
T0,91003,continuous128/abs_m_bias,-0.04360079765319824
T0,91003,continuous128/energy_bias,0.028774411659540977
T0,91003,continuous96/G_1_8_NRMSE,0.04490465180626509
T0,91003,continuous96/G_9_24_NRMSE,0.11105719741658023
T0,91003,continuous96/G_25_48_NRMSE,0.16656101603387988
T0,91003,continuous96/m_bias,0.05660205417209202
T0,91003,continuous96/m2_bias,-0.05019962079363108
T0,91003,continuous96/abs_m_bias,-0.052661471896701395
T0,91003,continuous96/energy_bias,0.015151174444901327
T0,91003,continuous48/G_1_8_NRMSE,0.048179666022258066
T0,91003,continuous48/G_9_24_NRMSE,0.12046362023735427
T0,91003,continuous48/G_1_24_NRMSE,0.09110663376800301
T0,91003,continuous48/m_bias,0.015066358778211808
T0,91003,continuous48/m2_bias,-0.06060493507502995
T0,91003,continuous48/abs_m_bias,-0.06365542941623265
T0,91003,continuous48/energy_bias,0.007465335494237557
T0,91003,held_s10_w48/G_10_30_NRMSE,0.2035685742988375
T0,91003,held_s10_w48/G_40_120_NRMSE,0.3339386812163702
T0,91003,held_s10_w48/G_130_470_NRMSE,0.26464425301145716
T0,91003,held_s10_w48/m_bias,-0.08771769205729166
T0,91003,held_s10_w48/m2_bias,-0.07303188465259694
T0,91003,held_s10_w48/abs_m_bias,-0.0995907253689236
T0,91003,held_s10_w48/energy_bias,0.021851884557845758
T0,91004,matched_continuous48/natural/sequential_kl,0.0091030977724053
T0,91004,matched_continuous48/natural/parallel_kl,0.03369120466577583
T0,91004,matched_continuous48/natural/oracle_parallel_kl,0.022331110563886807
T0,91004,matched_continuous48/natural/marginal_kl,0.01136009410188903
T0,91004,matched_continuous48/natural/order_tv,0.024781782299740877
T0,91004,matched_continuous48/natural/geometry_probability_mae,0.0279140101232007
T0,91004,matched_continuous48/natural/response_rmse,0.037181412264748394
T0,91004,matched_continuous96/natural/sequential_kl,0.08454995129841776
T0,91004,matched_continuous96/natural/parallel_kl,0.12382918249724459
T0,91004,matched_continuous96/natural/oracle_parallel_kl,0.022331110563886807
T0,91004,matched_continuous96/natural/marginal_kl,0.10149807193335783
T0,91004,matched_continuous96/natural/order_tv,0.038912257975847936
T0,91004,matched_continuous96/natural/geometry_probability_mae,0.07950180456607521
T0,91004,matched_continuous96/natural/response_rmse,0.19408038954336207
T0,91004,matched_continuous128/natural/sequential_kl,0.17617725953562507
T0,91004,matched_continuous128/natural/parallel_kl,0.197810210839869
T0,91004,matched_continuous128/natural/oracle_parallel_kl,0.022331110563886807
T0,91004,matched_continuous128/natural/marginal_kl,0.17547910027598218
T0,91004,matched_continuous128/natural/order_tv,0.011173259423636575
T0,91004,matched_continuous128/natural/geometry_probability_mae,0.13917259187071507
T0,91004,matched_continuous128/natural/response_rmse,0.3483805992691029
T0,91004,unequal_distance_w48/natural/sequential_kl,0.007112499302065585
T0,91004,unequal_distance_w48/natural/parallel_kl,0.07246752091982214
T0,91004,unequal_distance_w48/natural/oracle_parallel_kl,0.06652490555863214
T0,91004,unequal_distance_w48/natural/marginal_kl,0.005942615361189984
T0,91004,unequal_distance_w48/natural/order_tv,0.023594841590638793
T0,91004,unequal_distance_w48/natural/geometry_probability_mae,0.03446374520380383
T0,91004,unequal_distance_w48/natural/response_rmse,0.027244509041465494
T0,91004,matched_continuous48/common/sequential_kl,0.00856368201745032
T0,91004,matched_continuous48/common/parallel_kl,0.03261237315586588
T0,91004,matched_continuous48/common/oracle_parallel_kl,0.022331110563886807
T0,91004,matched_continuous48/common/marginal_kl,0.010281262591979073
T0,91004,matched_continuous48/common/order_tv,0.02322528339084381
T0,91004,matched_continuous48/common/geometry_probability_mae,0.0279140101232007
T0,91004,matched_continuous48/common/response_rmse,0.037181412264748394
T0,91004,matched_continuous96/common/sequential_kl,0.07440268582741459
T0,91004,matched_continuous96/common/parallel_kl,0.11257192312287528
T0,91004,matched_continuous96/common/oracle_parallel_kl,0.022331110563886807
T0,91004,matched_continuous96/common/marginal_kl,0.09024081255898844
T0,91004,matched_continuous96/common/order_tv,0.04080648417020452
T0,91004,matched_continuous96/common/geometry_probability_mae,0.06985014318122447
T0,91004,matched_continuous96/common/response_rmse,0.17051895018623467
T0,91004,matched_continuous128/common/sequential_kl,0.16534481568390946
T0,91004,matched_continuous128/common/parallel_kl,0.18970451025355345
T0,91004,matched_continuous128/common/oracle_parallel_kl,0.022331110563886807
T0,91004,matched_continuous128/common/marginal_kl,0.16737339968966677
T0,91004,matched_continuous128/common/order_tv,0.013321455876827301
T0,91004,matched_continuous128/common/geometry_probability_mae,0.1346877609808642
T0,91004,matched_continuous128/common/response_rmse,0.3374711736108687
T0,91004,unequal_distance_w48/common/sequential_kl,0.006748249384269618
T0,91004,unequal_distance_w48/common/parallel_kl,0.0717390210842302
T0,91004,unequal_distance_w48/common/oracle_parallel_kl,0.06652490555863214
T0,91004,unequal_distance_w48/common/marginal_kl,0.005214115525598035
T0,91004,unequal_distance_w48/common/order_tv,0.02343705358318402
T0,91004,unequal_distance_w48/common/geometry_probability_mae,0.03446374520380383
T0,91004,unequal_distance_w48/common/response_rmse,0.027244509041465494
T0,91004,w128_k8/CE,0.5678321433270636
T0,91004,w128_k32/CE,0.4626376041627014
T0,91004,w128_t05/CE,0.2947100139018979
T0,91004,w128_t095/CE,0.40211303577520074
T0,91004,w48_t05/CE,0.2842707575179089
T0,91004,w48_t095/CE,0.41448230717141066
T0,91004,continuous128/G_1_8_NRMSE,0.026491769253149274
T0,91004,continuous128/G_9_48_NRMSE,0.12245948945983444
T0,91004,continuous128/G_49_64_NRMSE,0.29449004777496246
T0,91004,continuous128/m_bias,0.12677335739135742
T0,91004,continuous128/m2_bias,-0.08776075110654347
T0,91004,continuous128/abs_m_bias,-0.11203932762145996
T0,91004,continuous128/energy_bias,0.020078583965151275
T0,91004,continuous96/G_1_8_NRMSE,0.02452664422454802
T0,91004,continuous96/G_9_24_NRMSE,0.08740931638143752
T0,91004,continuous96/G_25_48_NRMSE,0.19355110193740022
T0,91004,continuous96/m_bias,0.0260878668891059
T0,91004,continuous96/m2_bias,-0.06353781353912241
T0,91004,continuous96/abs_m_bias,-0.07413567437065977
T0,91004,continuous96/energy_bias,0.010761782997532943
T0,91004,continuous48/G_1_8_NRMSE,0.013295799764233025
T0,91004,continuous48/G_9_24_NRMSE,0.030964515545383473
T0,91004,continuous48/G_1_24_NRMSE,0.023671723820318596
T0,91004,continuous48/m_bias,-0.1421330769856771
T0,91004,continuous48/m2_bias,0.00931780647348468
T0,91004,continuous48/abs_m_bias,0.00823042127821183
T0,91004,continuous48/energy_bias,0.0002138394835993207
T0,91004,held_s10_w48/G_10_30_NRMSE,0.10760376838240014
T0,91004,held_s10_w48/G_40_120_NRMSE,0.2448132658113133
T0,91004,held_s10_w48/G_130_470_NRMSE,0.21178795362831787
T0,91004,held_s10_w48/m_bias,-0.06101142035590277
T0,91004,held_s10_w48/m2_bias,-0.05281602600474414
T0,91004,held_s10_w48/abs_m_bias,-0.08246019151475692
T0,91004,held_s10_w48/energy_bias,0.01144906984153371
T0,91005,matched_continuous48/natural/sequential_kl,0.005656765194339775
T0,91005,matched_continuous48/natural/parallel_kl,0.03096099496879718
T0,91005,matched_continuous48/natural/oracle_parallel_kl,0.022331110563886807
T0,91005,matched_continuous48/natural/marginal_kl,0.008629884404910372
T0,91005,matched_continuous48/natural/order_tv,0.03289482322100645
T0,91005,matched_continuous48/natural/geometry_probability_mae,0.021373322233682778
T0,91005,matched_continuous48/natural/response_rmse,0.039868321847937975
T0,91005,matched_continuous96/natural/sequential_kl,0.1106396810454697
T0,91005,matched_continuous96/natural/parallel_kl,0.1474797274103849
T0,91005,matched_continuous96/natural/oracle_parallel_kl,0.022331110563886807
T0,91005,matched_continuous96/natural/marginal_kl,0.12514861684649806
T0,91005,matched_continuous96/natural/order_tv,0.03529728515589514
T0,91005,matched_continuous96/natural/geometry_probability_mae,0.08944804051033355
T0,91005,matched_continuous96/natural/response_rmse,0.2229158783570443
T0,91005,matched_continuous128/natural/sequential_kl,0.186036599041977
T0,91005,matched_continuous128/natural/parallel_kl,0.2014947606635883
T0,91005,matched_continuous128/natural/oracle_parallel_kl,0.022331110563886807
T0,91005,matched_continuous128/natural/marginal_kl,0.1791636500997015
T0,91005,matched_continuous128/natural/order_tv,0.009456735833242413
T0,91005,matched_continuous128/natural/geometry_probability_mae,0.1339735364566061
T0,91005,matched_continuous128/natural/response_rmse,0.3367264487293353
T0,91005,unequal_distance_w48/natural/sequential_kl,0.01586702006076089
T0,91005,unequal_distance_w48/natural/parallel_kl,0.08608632386287055
T0,91005,unequal_distance_w48/natural/oracle_parallel_kl,0.06652490555863214
T0,91005,unequal_distance_w48/natural/marginal_kl,0.01956141830423839
T0,91005,unequal_distance_w48/natural/order_tv,0.0268582841718919
T0,91005,unequal_distance_w48/natural/geometry_probability_mae,0.017873933477612118
T0,91005,unequal_distance_w48/natural/response_rmse,0.03750443341090578
T0,91005,matched_continuous48/common/sequential_kl,0.0054718161716570185
T0,91005,matched_continuous48/common/parallel_kl,0.030591096923431663
T0,91005,matched_continuous48/common/oracle_parallel_kl,0.022331110563886807
T0,91005,matched_continuous48/common/marginal_kl,0.008259986359544867
T0,91005,matched_continuous48/common/order_tv,0.03230832553334914
T0,91005,matched_continuous48/common/geometry_probability_mae,0.021373322233682778
T0,91005,matched_continuous48/common/response_rmse,0.039868321847937975
T0,91005,matched_continuous96/common/sequential_kl,0.10776083468113423
T0,91005,matched_continuous96/common/parallel_kl,0.14522617403627186
T0,91005,matched_continuous96/common/oracle_parallel_kl,0.022331110563886807
T0,91005,matched_continuous96/common/marginal_kl,0.12289506347238502
T0,91005,matched_continuous96/common/order_tv,0.03596836948987836
T0,91005,matched_continuous96/common/geometry_probability_mae,0.0885223962094555
T0,91005,matched_continuous96/common/response_rmse,0.22050002634311036
T0,91005,matched_continuous128/common/sequential_kl,0.18366506661673315
T0,91005,matched_continuous128/common/parallel_kl,0.19964925443259718
T0,91005,matched_continuous128/common/oracle_parallel_kl,0.022331110563886807
T0,91005,matched_continuous128/common/marginal_kl,0.1773181438687104
T0,91005,matched_continuous128/common/order_tv,0.00975070610049919
T0,91005,matched_continuous128/common/geometry_probability_mae,0.13291599732138842
T0,91005,matched_continuous128/common/response_rmse,0.33397719929250813
T0,91005,unequal_distance_w48/common/sequential_kl,0.01554541614038521
T0,91005,unequal_distance_w48/common/parallel_kl,0.08544311602211918
T0,91005,unequal_distance_w48/common/oracle_parallel_kl,0.06652490555863214
T0,91005,unequal_distance_w48/common/marginal_kl,0.01891821046348704
T0,91005,unequal_distance_w48/common/order_tv,0.026492891735147052
T0,91005,unequal_distance_w48/common/geometry_probability_mae,0.017873933477612118
T0,91005,unequal_distance_w48/common/response_rmse,0.03750443341090578
T0,91005,w128_k8/CE,0.5732419924148643
T0,91005,w128_k32/CE,0.4646000287655195
T0,91005,w128_t05/CE,0.29403869377353964
T0,91005,w128_t095/CE,0.40314330465865567
T0,91005,w48_t05/CE,0.28377904492674144
T0,91005,w48_t095/CE,0.4150468496042843
T0,91005,continuous128/G_1_8_NRMSE,0.010581736891706457
T0,91005,continuous128/G_9_48_NRMSE,0.052134589883836284
T0,91005,continuous128/G_49_64_NRMSE,0.16499830977686436
T0,91005,continuous128/m_bias,-0.2736783027648926
T0,91005,continuous128/m2_bias,-0.04631132326903753
T0,91005,continuous128/abs_m_bias,-0.06542181968688965
T0,91005,continuous128/energy_bias,0.01260730413001343
T0,91005,continuous96/G_1_8_NRMSE,0.022908356906773286
T0,91005,continuous96/G_9_24_NRMSE,0.041221501603731045
T0,91005,continuous96/G_25_48_NRMSE,0.07448720092016445
T0,91005,continuous96/m_bias,-0.0822495354546441
T0,91005,continuous96/m2_bias,-0.02894864212951545
T0,91005,continuous96/abs_m_bias,-0.037372165256076395
T0,91005,continuous96/energy_bias,0.010742937054550428
T0,91005,continuous48/G_1_8_NRMSE,0.0817768581104911
T0,91005,continuous48/G_9_24_NRMSE,0.14627878172190018
T0,91005,continuous48/G_1_24_NRMSE,0.11790900861185738
T0,91005,continuous48/m_bias,0.12201351589626738
T0,91005,continuous48/m2_bias,-0.050760814437159796
T0,91005,continuous48/abs_m_bias,-0.05799950493706596
T0,91005,continuous48/energy_bias,0.017244812444592084
T0,91005,held_s10_w48/G_10_30_NRMSE,0.18877540223299494
T0,91005,held_s10_w48/G_40_120_NRMSE,0.3800316014441396
T0,91005,held_s10_w48/G_130_470_NRMSE,0.3937542233484699
T0,91005,held_s10_w48/m_bias,0.10108439127604167
T0,91005,held_s10_w48/m2_bias,-0.09228277795108747
T0,91005,held_s10_w48/abs_m_bias,-0.13897874620225692
T0,91005,held_s10_w48/energy_bias,0.015812434203235803
T0,91006,matched_continuous48/natural/sequential_kl,0.007997204928372527
T0,91006,matched_continuous48/natural/parallel_kl,0.034751060830643096
T0,91006,matched_continuous48/natural/oracle_parallel_kl,0.022331110563886807
T0,91006,matched_continuous48/natural/marginal_kl,0.01241995026675629
T0,91006,matched_continuous48/natural/order_tv,0.04991886967621009
T0,91006,matched_continuous48/natural/geometry_probability_mae,0.030388880905646322
T0,91006,matched_continuous48/natural/response_rmse,0.06995921715188753
T0,91006,matched_continuous96/natural/sequential_kl,0.14919770716652142
T0,91006,matched_continuous96/natural/parallel_kl,0.18733566094101997
T0,91006,matched_continuous96/natural/oracle_parallel_kl,0.022331110563886807
T0,91006,matched_continuous96/natural/marginal_kl,0.16500455037713313
T0,91006,matched_continuous96/natural/order_tv,0.039013324497824534
T0,91006,matched_continuous96/natural/geometry_probability_mae,0.11741590456017074
T0,91006,matched_continuous96/natural/response_rmse,0.29909182745954005
T0,91006,matched_continuous128/natural/sequential_kl,0.20274107572019642
T0,91006,matched_continuous128/natural/parallel_kl,0.21576005118371328
T0,91006,matched_continuous128/natural/oracle_parallel_kl,0.022331110563886807
T0,91006,matched_continuous128/natural/marginal_kl,0.1934289406198264
T0,91006,matched_continuous128/natural/order_tv,0.00809117733703768
T0,91006,matched_continuous128/natural/geometry_probability_mae,0.14038490936725323
T0,91006,matched_continuous128/natural/response_rmse,0.3550931212370665
T0,91006,unequal_distance_w48/natural/sequential_kl,0.009180641979733166
T0,91006,unequal_distance_w48/natural/parallel_kl,0.0773101330499826
T0,91006,unequal_distance_w48/natural/oracle_parallel_kl,0.06652490555863214
T0,91006,unequal_distance_w48/natural/marginal_kl,0.010785227491350457
T0,91006,unequal_distance_w48/natural/order_tv,0.03646679634624076
T0,91006,unequal_distance_w48/natural/geometry_probability_mae,0.02644817321925323
T0,91006,unequal_distance_w48/natural/response_rmse,0.05983236917678371
T0,91006,matched_continuous48/common/sequential_kl,0.007350857720630994
T0,91006,matched_continuous48/common/parallel_kl,0.03345836641516003
T0,91006,matched_continuous48/common/oracle_parallel_kl,0.022331110563886807
T0,91006,matched_continuous48/common/marginal_kl,0.01112725585127322
T0,91006,matched_continuous48/common/order_tv,0.04663363653713216
T0,91006,matched_continuous48/common/geometry_probability_mae,0.030388880905646322
T0,91006,matched_continuous48/common/response_rmse,0.06995921715188753
T0,91006,matched_continuous96/common/sequential_kl,0.13103051620393158
T0,91006,matched_continuous96/common/parallel_kl,0.1726550235563026
T0,91006,matched_continuous96/common/oracle_parallel_kl,0.022331110563886807
T0,91006,matched_continuous96/common/marginal_kl,0.15032391299241576
T0,91006,matched_continuous96/common/order_tv,0.045838293305448585
T0,91006,matched_continuous96/common/geometry_probability_mae,0.10730477844276244
T0,91006,matched_continuous96/common/response_rmse,0.27210118138473144
T0,91006,matched_continuous128/common/sequential_kl,0.19131815925653645
T0,91006,matched_continuous128/common/parallel_kl,0.20671280009942908
T0,91006,matched_continuous128/common/oracle_parallel_kl,0.022331110563886807
T0,91006,matched_continuous128/common/marginal_kl,0.18438168953554226
T0,91006,matched_continuous128/common/order_tv,0.010334569505264235
T0,91006,matched_continuous128/common/geometry_probability_mae,0.13346114116354768
T0,91006,matched_continuous128/common/response_rmse,0.3376264952088328
T0,91006,unequal_distance_w48/common/sequential_kl,0.008596639937948729
T0,91006,unequal_distance_w48/common/parallel_kl,0.07614212896641374
T0,91006,unequal_distance_w48/common/oracle_parallel_kl,0.06652490555863214
T0,91006,unequal_distance_w48/common/marginal_kl,0.009617223407781577
T0,91006,unequal_distance_w48/common/order_tv,0.03407743808276904
T0,91006,unequal_distance_w48/common/geometry_probability_mae,0.02644817321925323
T0,91006,unequal_distance_w48/common/response_rmse,0.05983236917678371
T0,91006,w128_k8/CE,0.5742735808477726
T0,91006,w128_k32/CE,0.4650537657208488
T0,91006,w128_t05/CE,0.29518212335517624
T0,91006,w128_t095/CE,0.402989867203208
T0,91006,w48_t05/CE,0.2837775091783704
T0,91006,w48_t095/CE,0.4148875960846026
T0,91006,continuous128/G_1_8_NRMSE,0.05795004137635455
T0,91006,continuous128/G_9_48_NRMSE,0.15093292027873975
T0,91006,continuous128/G_49_64_NRMSE,0.24682802895879855
T0,91006,continuous128/m_bias,-0.16595029830932617
T0,91006,continuous128/m2_bias,-0.06834695357247256
T0,91006,continuous128/abs_m_bias,-0.0897376537322998
T0,91006,continuous128/energy_bias,0.025944687250092247
T0,91006,continuous96/G_1_8_NRMSE,0.040115073626803194
T0,91006,continuous96/G_9_24_NRMSE,0.12089520943549269
T0,91006,continuous96/G_25_48_NRMSE,0.1990332353411228
T0,91006,continuous96/m_bias,-0.06822501288519964
T0,91006,continuous96/m2_bias,-0.06190597817853649
T0,91006,continuous96/abs_m_bias,-0.07030402289496529
T0,91006,continuous96/energy_bias,0.01195593047560306
T0,91006,continuous48/G_1_8_NRMSE,0.007568585873036352
T0,91006,continuous48/G_9_24_NRMSE,0.031467887760058065
T0,91006,continuous48/G_1_24_NRMSE,0.022690984710979484
T0,91006,continuous48/m_bias,0.048947652180989586
T0,91006,continuous48/m2_bias,0.007488800419701458
T0,91006,continuous48/abs_m_bias,0.00559912787543404
T0,91006,continuous48/energy_bias,0.002977303579343893
T0,91006,held_s10_w48/G_10_30_NRMSE,0.08303169751451357
T0,91006,held_s10_w48/G_40_120_NRMSE,0.08840025541463438
T0,91006,held_s10_w48/G_130_470_NRMSE,0.09678549199034933
T0,91006,held_s10_w48/m_bias,-0.12645467122395834
T0,91006,held_s10_w48/m2_bias,-0.001844712245611474
T0,91006,held_s10_w48/abs_m_bias,-0.003941853841145815
T0,91006,held_s10_w48/energy_bias,0.012107037483377658
T1,91001,matched_continuous48/natural/sequential_kl,0.002079952082190083
T1,91001,matched_continuous48/natural/parallel_kl,0.025796169761074725
T1,91001,matched_continuous48/natural/oracle_parallel_kl,0.022331110563886807
T1,91001,matched_continuous48/natural/marginal_kl,0.0034650591971879183
T1,91001,matched_continuous48/natural/order_tv,0.028071429088796052
T1,91001,matched_continuous48/natural/geometry_probability_mae,0.015445899592552773
T1,91001,matched_continuous48/natural/response_rmse,0.0180082164254796
T1,91001,matched_continuous96/natural/sequential_kl,0.0012021947997799785
T1,91001,matched_continuous96/natural/parallel_kl,0.02377511498665107
T1,91001,matched_continuous96/natural/oracle_parallel_kl,0.022331110563886807
T1,91001,matched_continuous96/natural/marginal_kl,0.0014440044227642568
T1,91001,matched_continuous96/natural/order_tv,0.01585223430754965
T1,91001,matched_continuous96/natural/geometry_probability_mae,0.015329966516055026
T1,91001,matched_continuous96/natural/response_rmse,0.025374566467572274
T1,91001,matched_continuous128/natural/sequential_kl,0.004733192295153916
T1,91001,matched_continuous128/natural/parallel_kl,0.02789980182788299
T1,91001,matched_continuous128/natural/oracle_parallel_kl,0.022331110563886807
T1,91001,matched_continuous128/natural/marginal_kl,0.005568691263996182
T1,91001,matched_continuous128/natural/order_tv,0.019721095357737285
T1,91001,matched_continuous128/natural/geometry_probability_mae,0.023019486019846946
T1,91001,matched_continuous128/natural/response_rmse,0.052972142569255046
T1,91001,unequal_distance_w48/natural/sequential_kl,0.0042428361279071135
T1,91001,unequal_distance_w48/natural/parallel_kl,0.07260959881103647
T1,91001,unequal_distance_w48/natural/oracle_parallel_kl,0.06652490555863214
T1,91001,unequal_distance_w48/natural/marginal_kl,0.006084693252404334
T1,91001,unequal_distance_w48/natural/order_tv,0.03581656450450852
T1,91001,unequal_distance_w48/natural/geometry_probability_mae,0.021694203761558346
T1,91001,unequal_distance_w48/natural/response_rmse,0.04648788608085043
T1,91001,matched_continuous48/common/sequential_kl,0.002450628986630663
T1,91001,matched_continuous48/common/parallel_kl,0.026537523569955868
T1,91001,matched_continuous48/common/oracle_parallel_kl,0.022331110563886807
T1,91001,matched_continuous48/common/marginal_kl,0.004206413006069071
T1,91001,matched_continuous48/common/order_tv,0.030133574461478983
T1,91001,matched_continuous48/common/geometry_probability_mae,0.015445899592552773
T1,91001,matched_continuous48/common/response_rmse,0.0180082164254796
T1,91001,matched_continuous96/common/sequential_kl,0.0012384528881975857
T1,91001,matched_continuous96/common/parallel_kl,0.02383976949426726
T1,91001,matched_continuous96/common/oracle_parallel_kl,0.022331110563886807
T1,91001,matched_continuous96/common/marginal_kl,0.00150865893038045
T1,91001,matched_continuous96/common/order_tv,0.014968292852640848
T1,91001,matched_continuous96/common/geometry_probability_mae,0.01392063569969338
T1,91001,matched_continuous96/common/response_rmse,0.020831437891518624
T1,91001,matched_continuous128/common/sequential_kl,0.004371351683115129
T1,91001,matched_continuous128/common/parallel_kl,0.027489421379880887
T1,91001,matched_continuous128/common/oracle_parallel_kl,0.022331110563886807
T1,91001,matched_continuous128/common/marginal_kl,0.005158310815994084
T1,91001,matched_continuous128/common/order_tv,0.01958169467924127
T1,91001,matched_continuous128/common/geometry_probability_mae,0.020711152960074097
T1,91001,matched_continuous128/common/response_rmse,0.04520465044285652
T1,91001,unequal_distance_w48/common/sequential_kl,0.004481023982157212
T1,91001,unequal_distance_w48/common/parallel_kl,0.07308597451953668
T1,91001,unequal_distance_w48/common/oracle_parallel_kl,0.06652490555863214
T1,91001,unequal_distance_w48/common/marginal_kl,0.006561068960904509
T1,91001,unequal_distance_w48/common/order_tv,0.036703877308383946
T1,91001,unequal_distance_w48/common/geometry_probability_mae,0.021694203761558346
T1,91001,unequal_distance_w48/common/response_rmse,0.04648788608085043
T1,91001,w128_k8/CE,0.488243146804338
T1,91001,w128_k32/CE,0.45934959890248006
T1,91001,w128_t05/CE,0.294637560567845
T1,91001,w128_t095/CE,0.4029080413134566
T1,91001,w48_t05/CE,0.28362359443558754
T1,91001,w48_t095/CE,0.41506425900334243
T1,91001,continuous128/G_1_8_NRMSE,0.02331206779454258
T1,91001,continuous128/G_9_48_NRMSE,0.014841324333268258
T1,91001,continuous128/G_49_64_NRMSE,0.04602364625500319
T1,91001,continuous128/m_bias,0.0565342903137207
T1,91001,continuous128/m2_bias,-0.009177127009024844
T1,91001,continuous128/abs_m_bias,-0.017136335372924805
T1,91001,continuous128/energy_bias,0.024721581166184725
T1,91001,continuous96/G_1_8_NRMSE,0.010325627524446093
T1,91001,continuous96/G_9_24_NRMSE,0.04691438268175979
T1,91001,continuous96/G_25_48_NRMSE,0.055323459640801737
T1,91001,continuous96/m_bias,0.06592686971028644
T1,91001,continuous96/m2_bias,0.022279513930832884
T1,91001,continuous96/abs_m_bias,0.031153361002604074
T1,91001,continuous96/energy_bias,0.007504861396655627
T1,91001,continuous48/G_1_8_NRMSE,0.05200028628394511
T1,91001,continuous48/G_9_24_NRMSE,0.08662749778626683
T1,91001,continuous48/G_1_24_NRMSE,0.07112321851939098
T1,91001,continuous48/m_bias,-0.06861962212456596
T1,91001,continuous48/m2_bias,-0.030709411626980654
T1,91001,continuous48/abs_m_bias,-0.02462005615234375
T1,91001,continuous48/energy_bias,0.01245203762189706
T1,91001,held_s10_w48/G_10_30_NRMSE,0.09305818379754222
T1,91001,held_s10_w48/G_40_120_NRMSE,0.21323402540884112
T1,91001,held_s10_w48/G_130_470_NRMSE,0.29905469669731705
T1,91001,held_s10_w48/m_bias,0.03718736436631945
T1,91001,held_s10_w48/m2_bias,-0.06948243835825979
T1,91001,held_s10_w48/abs_m_bias,-0.1135745578342014
T1,91001,held_s10_w48/energy_bias,0.004890171348625849
T1,91002,matched_continuous48/natural/sequential_kl,0.0025124399392932916
T1,91002,matched_continuous48/natural/parallel_kl,0.026208565256272298
T1,91002,matched_continuous48/natural/oracle_parallel_kl,0.022331110563886807
T1,91002,matched_continuous48/natural/marginal_kl,0.0038774546923854886
T1,91002,matched_continuous48/natural/order_tv,0.022717624857642005
T1,91002,matched_continuous48/natural/geometry_probability_mae,0.01650483807267111
T1,91002,matched_continuous48/natural/response_rmse,0.02473403235100976
T1,91002,matched_continuous96/natural/sequential_kl,0.0015496816671637214
T1,91002,matched_continuous96/natural/parallel_kl,0.02388861402878791
T1,91002,matched_continuous96/natural/oracle_parallel_kl,0.022331110563886807
T1,91002,matched_continuous96/natural/marginal_kl,0.001557503464901099
T1,91002,matched_continuous96/natural/order_tv,0.013455995051873563
T1,91002,matched_continuous96/natural/geometry_probability_mae,0.02072462247273337
T1,91002,matched_continuous96/natural/response_rmse,0.04315862239870503
T1,91002,matched_continuous128/natural/sequential_kl,0.00725080308322948
T1,91002,matched_continuous128/natural/parallel_kl,0.03238505796229703
T1,91002,matched_continuous128/natural/oracle_parallel_kl,0.022331110563886807
T1,91002,matched_continuous128/natural/marginal_kl,0.010053947398410227
T1,91002,matched_continuous128/natural/order_tv,0.026540202478341095
T1,91002,matched_continuous128/natural/geometry_probability_mae,0.023059960225964116
T1,91002,matched_continuous128/natural/response_rmse,0.03974218876264506
T1,91002,unequal_distance_w48/natural/sequential_kl,0.0034110224881211695
T1,91002,unequal_distance_w48/natural/parallel_kl,0.07113179475561868
T1,91002,unequal_distance_w48/natural/oracle_parallel_kl,0.06652490555863214
T1,91002,unequal_distance_w48/natural/marginal_kl,0.004606889196986506
T1,91002,unequal_distance_w48/natural/order_tv,0.028528801493931312
T1,91002,unequal_distance_w48/natural/geometry_probability_mae,0.022131380352378237
T1,91002,unequal_distance_w48/natural/response_rmse,0.03582366381675485
T1,91002,matched_continuous48/common/sequential_kl,0.0026517567779313807
T1,91002,matched_continuous48/common/parallel_kl,0.026487198933548485
T1,91002,matched_continuous48/common/oracle_parallel_kl,0.022331110563886807
T1,91002,matched_continuous48/common/marginal_kl,0.004156088369661684
T1,91002,matched_continuous48/common/order_tv,0.024899917757478348
T1,91002,matched_continuous48/common/geometry_probability_mae,0.01650483807267111
T1,91002,matched_continuous48/common/response_rmse,0.02473403235100976
T1,91002,matched_continuous96/common/sequential_kl,0.0017113188990160882
T1,91002,matched_continuous96/common/parallel_kl,0.02410599538689781
T1,91002,matched_continuous96/common/oracle_parallel_kl,0.022331110563886807
T1,91002,matched_continuous96/common/marginal_kl,0.0017748848230110018
T1,91002,matched_continuous96/common/order_tv,0.013594424478705812
T1,91002,matched_continuous96/common/geometry_probability_mae,0.02145810070036363
T1,91002,matched_continuous96/common/response_rmse,0.04579278526020302
T1,91002,matched_continuous128/common/sequential_kl,0.006668738567354188
T1,91002,matched_continuous128/common/parallel_kl,0.03164012512475401
T1,91002,matched_continuous128/common/oracle_parallel_kl,0.022331110563886807
T1,91002,matched_continuous128/common/marginal_kl,0.009309014560867199
T1,91002,matched_continuous128/common/order_tv,0.02676683993792206
T1,91002,matched_continuous128/common/geometry_probability_mae,0.02262365897064914
T1,91002,matched_continuous128/common/response_rmse,0.037322449261954244
T1,91002,unequal_distance_w48/common/sequential_kl,0.0035395052183333922
T1,91002,unequal_distance_w48/common/parallel_kl,0.07138876021604312
T1,91002,unequal_distance_w48/common/oracle_parallel_kl,0.06652490555863214
T1,91002,unequal_distance_w48/common/marginal_kl,0.004863854657410967
T1,91002,unequal_distance_w48/common/order_tv,0.03000940048226553
T1,91002,unequal_distance_w48/common/geometry_probability_mae,0.022131380352378237
T1,91002,unequal_distance_w48/common/response_rmse,0.03582366381675485
T1,91002,w128_k8/CE,0.48743803135858893
T1,91002,w128_k32/CE,0.45799541422440404
T1,91002,w128_t05/CE,0.29486462574892036
T1,91002,w128_t095/CE,0.40262078998551354
T1,91002,w48_t05/CE,0.28431401912892584
T1,91002,w48_t095/CE,0.41514189858410777
T1,91002,continuous128/G_1_8_NRMSE,0.018261226690683346
T1,91002,continuous128/G_9_48_NRMSE,0.01748435003721783
T1,91002,continuous128/G_49_64_NRMSE,0.06364562461094003
T1,91002,continuous128/m_bias,0.09149694442749023
T1,91002,continuous128/m2_bias,-0.024387096258578822
T1,91002,continuous128/abs_m_bias,-0.0302884578704834
T1,91002,continuous128/energy_bias,0.019710450660525347
T1,91002,continuous96/G_1_8_NRMSE,0.02247151345816404
T1,91002,continuous96/G_9_24_NRMSE,0.017987632564640477
T1,91002,continuous96/G_25_48_NRMSE,0.045238501388430635
T1,91002,continuous96/m_bias,0.04102113511827257
T1,91002,continuous96/m2_bias,-0.016437112089292494
T1,91002,continuous96/abs_m_bias,-0.023083157009548605
T1,91002,continuous96/energy_bias,0.012670363041392463
T1,91002,continuous48/G_1_8_NRMSE,0.00599203882908719
T1,91002,continuous48/G_9_24_NRMSE,0.004164121412606572
T1,91002,continuous48/G_1_24_NRMSE,0.005176757698190138
T1,91002,continuous48/m_bias,0.15262603759765625
T1,91002,continuous48/m2_bias,-0.004018422262168253
T1,91002,continuous48/abs_m_bias,-0.0048175387912325895
T1,91002,continuous48/energy_bias,0.0012111799091311104
T1,91002,held_s10_w48/G_10_30_NRMSE,0.06233658340228584
T1,91002,held_s10_w48/G_40_120_NRMSE,0.15448883027162869
T1,91002,held_s10_w48/G_130_470_NRMSE,0.402661790134859
T1,91002,held_s10_w48/m_bias,-0.07404581705729164
T1,91002,held_s10_w48/m2_bias,0.06064520941840276
T1,91002,held_s10_w48/abs_m_bias,0.055384318033854185
T1,91002,held_s10_w48/energy_bias,-0.03288409726839536
T1,91003,matched_continuous48/natural/sequential_kl,0.0021487300128115194
T1,91003,matched_continuous48/natural/parallel_kl,0.02576701249245063
T1,91003,matched_continuous48/natural/oracle_parallel_kl,0.022331110563886807
T1,91003,matched_continuous48/natural/marginal_kl,0.0034359019285638216
T1,91003,matched_continuous48/natural/order_tv,0.03138149168872539
T1,91003,matched_continuous48/natural/geometry_probability_mae,0.012694581426867819
T1,91003,matched_continuous48/natural/response_rmse,0.022906422329339555
T1,91003,matched_continuous96/natural/sequential_kl,0.0010105853143994108
T1,91003,matched_continuous96/natural/parallel_kl,0.022988169771832278
T1,91003,matched_continuous96/natural/oracle_parallel_kl,0.022331110563886807
T1,91003,matched_continuous96/natural/marginal_kl,0.000657059207945471
T1,91003,matched_continuous96/natural/order_tv,0.02057810209139721
T1,91003,matched_continuous96/natural/geometry_probability_mae,0.020924614800224076
T1,91003,matched_continuous96/natural/response_rmse,0.0436889641513228
T1,91003,matched_continuous128/natural/sequential_kl,0.008523440580861364
T1,91003,matched_continuous128/natural/parallel_kl,0.032882251632808515
T1,91003,matched_continuous128/natural/oracle_parallel_kl,0.022331110563886807
T1,91003,matched_continuous128/natural/marginal_kl,0.010551141068921703
T1,91003,matched_continuous128/natural/order_tv,0.024293360636890957
T1,91003,matched_continuous128/natural/geometry_probability_mae,0.01572652658532906
T1,91003,matched_continuous128/natural/response_rmse,0.02225305549340103
T1,91003,unequal_distance_w48/natural/sequential_kl,0.002925125983064235
T1,91003,unequal_distance_w48/natural/parallel_kl,0.07022557972319506
T1,91003,unequal_distance_w48/natural/oracle_parallel_kl,0.06652490555863214
T1,91003,unequal_distance_w48/natural/marginal_kl,0.003700674164562906
T1,91003,unequal_distance_w48/natural/order_tv,0.03242722804860389
T1,91003,unequal_distance_w48/natural/geometry_probability_mae,0.020856831961692336
T1,91003,unequal_distance_w48/natural/response_rmse,0.024245634686818188
T1,91003,matched_continuous48/common/sequential_kl,0.00223765132810005
T1,91003,matched_continuous48/common/parallel_kl,0.025944855123027695
T1,91003,matched_continuous48/common/oracle_parallel_kl,0.022331110563886807
T1,91003,matched_continuous48/common/marginal_kl,0.0036137445591408893
T1,91003,matched_continuous48/common/order_tv,0.03191347884555628
T1,91003,matched_continuous48/common/geometry_probability_mae,0.012694581426867819
T1,91003,matched_continuous48/common/response_rmse,0.022906422329339555
T1,91003,matched_continuous96/common/sequential_kl,0.0009800842109532648
T1,91003,matched_continuous96/common/parallel_kl,0.022957861729826556
T1,91003,matched_continuous96/common/oracle_parallel_kl,0.022331110563886807
T1,91003,matched_continuous96/common/marginal_kl,0.0006267511659397535
T1,91003,matched_continuous96/common/order_tv,0.020534632122284773
T1,91003,matched_continuous96/common/geometry_probability_mae,0.020600725729679473
T1,91003,matched_continuous96/common/response_rmse,0.04270012291413784
T1,91003,matched_continuous128/common/sequential_kl,0.008420624692989327
T1,91003,matched_continuous128/common/parallel_kl,0.032721926574631216
T1,91003,matched_continuous128/common/oracle_parallel_kl,0.022331110563886807
T1,91003,matched_continuous128/common/marginal_kl,0.010390816010744411
T1,91003,matched_continuous128/common/order_tv,0.024060511018524577
T1,91003,matched_continuous128/common/geometry_probability_mae,0.015398245693738096
T1,91003,matched_continuous128/common/response_rmse,0.022338645665956492
T1,91003,unequal_distance_w48/common/sequential_kl,0.003056356729834671
T1,91003,unequal_distance_w48/common/parallel_kl,0.0704880412167359
T1,91003,unequal_distance_w48/common/oracle_parallel_kl,0.06652490555863214
T1,91003,unequal_distance_w48/common/marginal_kl,0.003963135658103754
T1,91003,unequal_distance_w48/common/order_tv,0.033103991011643304
T1,91003,unequal_distance_w48/common/geometry_probability_mae,0.020856831961692336
T1,91003,unequal_distance_w48/common/response_rmse,0.024245634686818188
T1,91003,w128_k8/CE,0.4871192161826984
T1,91003,w128_k32/CE,0.4589623545533057
T1,91003,w128_t05/CE,0.2953330165948463
T1,91003,w128_t095/CE,0.4046518558362175
T1,91003,w48_t05/CE,0.28379203810871517
T1,91003,w48_t095/CE,0.4151315574189339
T1,91003,continuous128/G_1_8_NRMSE,0.03133817165750024
T1,91003,continuous128/G_9_48_NRMSE,0.06335783916209144
T1,91003,continuous128/G_49_64_NRMSE,0.0393587907846677
T1,91003,continuous128/m_bias,0.07927083969116211
T1,91003,continuous128/m2_bias,0.007305474515305832
T1,91003,continuous128/abs_m_bias,-0.0009744167327880859
T1,91003,continuous128/energy_bias,0.03288635494202141
T1,91003,continuous96/G_1_8_NRMSE,0.01961505070288128
T1,91003,continuous96/G_9_24_NRMSE,0.00669611637373649
T1,91003,continuous96/G_25_48_NRMSE,0.00845185912135307
T1,91003,continuous96/m_bias,0.04322857326931424
T1,91003,continuous96/m2_bias,-0.004694815311167
T1,91003,continuous96/abs_m_bias,0.0028669569227430247
T1,91003,continuous96/energy_bias,0.015012399773848606
T1,91003,continuous48/G_1_8_NRMSE,0.046733391007300236
T1,91003,continuous48/G_9_24_NRMSE,0.10825076018152546
T1,91003,continuous48/G_1_24_NRMSE,0.08282765904037805
T1,91003,continuous48/m_bias,0.08320871988932291
T1,91003,continuous48/m2_bias,-0.04348372603640144
T1,91003,continuous48/abs_m_bias,-0.03886159261067701
T1,91003,continuous48/energy_bias,0.007839338153811992
T1,91003,held_s10_w48/G_10_30_NRMSE,0.10890853206943375
T1,91003,held_s10_w48/G_40_120_NRMSE,0.14236534475913507
T1,91003,held_s10_w48/G_130_470_NRMSE,0.12107814038920502
T1,91003,held_s10_w48/m_bias,-0.03818427191840278
T1,91003,held_s10_w48/m2_bias,-0.018422162091290523
T1,91003,held_s10_w48/abs_m_bias,-0.028735690646701395
T1,91003,held_s10_w48/energy_bias,0.0008523278202571261
T1,91004,matched_continuous48/natural/sequential_kl,0.002101376436226717
T1,91004,matched_continuous48/natural/parallel_kl,0.025572088547204965
T1,91004,matched_continuous48/natural/oracle_parallel_kl,0.022331110563886807
T1,91004,matched_continuous48/natural/marginal_kl,0.0032409779833181586
T1,91004,matched_continuous48/natural/order_tv,0.027578363773466306
T1,91004,matched_continuous48/natural/geometry_probability_mae,0.012194667719792308
T1,91004,matched_continuous48/natural/response_rmse,0.01735850677265
T1,91004,matched_continuous96/natural/sequential_kl,0.0014601169507332417
T1,91004,matched_continuous96/natural/parallel_kl,0.023990554285295312
T1,91004,matched_continuous96/natural/oracle_parallel_kl,0.022331110563886807
T1,91004,matched_continuous96/natural/marginal_kl,0.001659443721408505
T1,91004,matched_continuous96/natural/order_tv,0.019903014743179927
T1,91004,matched_continuous96/natural/geometry_probability_mae,0.016184647855299397
T1,91004,matched_continuous96/natural/response_rmse,0.027706254688053444
T1,91004,matched_continuous128/natural/sequential_kl,0.01652242071783813
T1,91004,matched_continuous128/natural/parallel_kl,0.04404602128559001
T1,91004,matched_continuous128/natural/oracle_parallel_kl,0.022331110563886807
T1,91004,matched_continuous128/natural/marginal_kl,0.021714910721703187
T1,91004,matched_continuous128/natural/order_tv,0.027468434325461255
T1,91004,matched_continuous128/natural/geometry_probability_mae,0.024177046308688135
T1,91004,matched_continuous128/natural/response_rmse,0.0553711550017471
T1,91004,unequal_distance_w48/natural/sequential_kl,0.003350365151951317
T1,91004,unequal_distance_w48/natural/parallel_kl,0.07136550957394847
T1,91004,unequal_distance_w48/natural/oracle_parallel_kl,0.06652490555863214
T1,91004,unequal_distance_w48/natural/marginal_kl,0.004840604015316332
T1,91004,unequal_distance_w48/natural/order_tv,0.03199526333541379
T1,91004,unequal_distance_w48/natural/geometry_probability_mae,0.022293134424471096
T1,91004,unequal_distance_w48/natural/response_rmse,0.025337646604766107
T1,91004,matched_continuous48/common/sequential_kl,0.0024281302360960487
T1,91004,matched_continuous48/common/parallel_kl,0.026225596146943628
T1,91004,matched_continuous48/common/oracle_parallel_kl,0.022331110563886807
T1,91004,matched_continuous48/common/marginal_kl,0.0038944855830568216
T1,91004,matched_continuous48/common/order_tv,0.029964499101460665
T1,91004,matched_continuous48/common/geometry_probability_mae,0.012194667719792308
T1,91004,matched_continuous48/common/response_rmse,0.01735850677265
T1,91004,matched_continuous96/common/sequential_kl,0.0014006328455777785
T1,91004,matched_continuous96/common/parallel_kl,0.02387779520677834
T1,91004,matched_continuous96/common/oracle_parallel_kl,0.022331110563886807
T1,91004,matched_continuous96/common/marginal_kl,0.0015466846428915217
T1,91004,matched_continuous96/common/order_tv,0.02021648319745582
T1,91004,matched_continuous96/common/geometry_probability_mae,0.016261312139343516
T1,91004,matched_continuous96/common/response_rmse,0.026299040402553608
T1,91004,matched_continuous128/common/sequential_kl,0.016261807129801256
T1,91004,matched_continuous128/common/parallel_kl,0.04371343978402419
T1,91004,matched_continuous128/common/oracle_parallel_kl,0.022331110563886807
T1,91004,matched_continuous128/common/marginal_kl,0.021382329220137386
T1,91004,matched_continuous128/common/order_tv,0.02741083650919958
T1,91004,matched_continuous128/common/geometry_probability_mae,0.024247716471707093
T1,91004,matched_continuous128/common/response_rmse,0.055748446338319
T1,91004,unequal_distance_w48/common/sequential_kl,0.003695572248478823
T1,91004,unequal_distance_w48/common/parallel_kl,0.0720559237670035
T1,91004,unequal_distance_w48/common/oracle_parallel_kl,0.06652490555863214
T1,91004,unequal_distance_w48/common/marginal_kl,0.005531018208371343
T1,91004,unequal_distance_w48/common/order_tv,0.03402015631134321
T1,91004,unequal_distance_w48/common/geometry_probability_mae,0.022293134424471096
T1,91004,unequal_distance_w48/common/response_rmse,0.025337646604766107
T1,91004,w128_k8/CE,0.4894720320354685
T1,91004,w128_k32/CE,0.4571571027249396
T1,91004,w128_t05/CE,0.2948199687997662
T1,91004,w128_t095/CE,0.40271856798614264
T1,91004,w48_t05/CE,0.28446613057212494
T1,91004,w48_t095/CE,0.41484562910997835
T1,91004,continuous128/G_1_8_NRMSE,0.02048573145696165
T1,91004,continuous128/G_9_48_NRMSE,0.050464368443833424
T1,91004,continuous128/G_49_64_NRMSE,0.01956063012833472
T1,91004,continuous128/m_bias,-0.00897073745727539
T1,91004,continuous128/m2_bias,-0.0028869574598502368
T1,91004,continuous128/abs_m_bias,-0.014104604721069336
T1,91004,continuous128/energy_bias,0.018748786505751625
T1,91004,continuous96/G_1_8_NRMSE,0.008999830101077834
T1,91004,continuous96/G_9_24_NRMSE,0.020247687468881222
T1,91004,continuous96/G_25_48_NRMSE,0.015192557029167808
T1,91004,continuous96/m_bias,-0.048883650037977414
T1,91004,continuous96/m2_bias,-0.009763433149567402
T1,91004,continuous96/abs_m_bias,-0.006583319769965346
T1,91004,continuous96/energy_bias,0.008195308216831232
T1,91004,continuous48/G_1_8_NRMSE,0.011169987120037068
T1,91004,continuous48/G_9_24_NRMSE,0.039127731025917566
T1,91004,continuous48/G_1_24_NRMSE,0.028539392687796164
T1,91004,continuous48/m_bias,-0.11940087212456596
T1,91004,continuous48/m2_bias,0.008276017359745369
T1,91004,continuous48/abs_m_bias,0.00370025634765625
T1,91004,continuous48/energy_bias,0.0005185823914006793
T1,91004,held_s10_w48/G_10_30_NRMSE,0.02998775740793794
T1,91004,held_s10_w48/G_40_120_NRMSE,0.028167075877626638
T1,91004,held_s10_w48/G_130_470_NRMSE,0.1324517927467519
T1,91004,held_s10_w48/m_bias,0.031300862630208315
T1,91004,held_s10_w48/m2_bias,0.010738879074285057
T1,91004,held_s10_w48/abs_m_bias,0.0006290011935763951
T1,91004,held_s10_w48/energy_bias,-0.015652271027260578
T1,91005,matched_continuous48/natural/sequential_kl,0.00141734668849341
T1,91005,matched_continuous48/natural/parallel_kl,0.023913402804766823
T1,91005,matched_continuous48/natural/oracle_parallel_kl,0.022331110563886807
T1,91005,matched_continuous48/natural/marginal_kl,0.0015822922408800161
T1,91005,matched_continuous48/natural/order_tv,0.02324692332106839
T1,91005,matched_continuous48/natural/geometry_probability_mae,0.014414694674054596
T1,91005,matched_continuous48/natural/response_rmse,0.028352779490496256
T1,91005,matched_continuous96/natural/sequential_kl,0.0018584432284915002
T1,91005,matched_continuous96/natural/parallel_kl,0.024050260342869906
T1,91005,matched_continuous96/natural/oracle_parallel_kl,0.022331110563886807
T1,91005,matched_continuous96/natural/marginal_kl,0.0017191497789831034
T1,91005,matched_continuous96/natural/order_tv,0.013183279497587633
T1,91005,matched_continuous96/natural/geometry_probability_mae,0.014412817806254308
T1,91005,matched_continuous96/natural/response_rmse,0.03157424136171864
T1,91005,matched_continuous128/natural/sequential_kl,0.02078897845281975
T1,91005,matched_continuous128/natural/parallel_kl,0.0491237172832028
T1,91005,matched_continuous128/natural/oracle_parallel_kl,0.022331110563886807
T1,91005,matched_continuous128/natural/marginal_kl,0.026792606719316006
T1,91005,matched_continuous128/natural/order_tv,0.026338451071320913
T1,91005,matched_continuous128/natural/geometry_probability_mae,0.04283213868050355
T1,91005,matched_continuous128/natural/response_rmse,0.10887743111490063
T1,91005,unequal_distance_w48/natural/sequential_kl,0.001983290216116945
T1,91005,unequal_distance_w48/natural/parallel_kl,0.06880091935997469
T1,91005,unequal_distance_w48/natural/oracle_parallel_kl,0.06652490555863214
T1,91005,unequal_distance_w48/natural/marginal_kl,0.002276013801342533
T1,91005,unequal_distance_w48/natural/order_tv,0.028227076160245
T1,91005,unequal_distance_w48/natural/geometry_probability_mae,0.017830102654449308
T1,91005,unequal_distance_w48/natural/response_rmse,0.0386154720228874
T1,91005,matched_continuous48/common/sequential_kl,0.0014458004018130712
T1,91005,matched_continuous48/common/parallel_kl,0.023970310231406156
T1,91005,matched_continuous48/common/oracle_parallel_kl,0.022331110563886807
T1,91005,matched_continuous48/common/marginal_kl,0.0016391996675193497
T1,91005,matched_continuous48/common/order_tv,0.02414119405580767
T1,91005,matched_continuous48/common/geometry_probability_mae,0.014414694674054596
T1,91005,matched_continuous48/common/response_rmse,0.028352779490496256
T1,91005,matched_continuous96/common/sequential_kl,0.0018743052270555494
T1,91005,matched_continuous96/common/parallel_kl,0.024054309914613915
T1,91005,matched_continuous96/common/oracle_parallel_kl,0.022331110563886807
T1,91005,matched_continuous96/common/marginal_kl,0.0017231993507270988
T1,91005,matched_continuous96/common/order_tv,0.013289119122407888
T1,91005,matched_continuous96/common/geometry_probability_mae,0.014799113975776084
T1,91005,matched_continuous96/common/response_rmse,0.032181097555608364
T1,91005,matched_continuous128/common/sequential_kl,0.02190386225214191
T1,91005,matched_continuous128/common/parallel_kl,0.050470038172167976
T1,91005,matched_continuous128/common/oracle_parallel_kl,0.022331110563886807
T1,91005,matched_continuous128/common/marginal_kl,0.028138927608281166
T1,91005,matched_continuous128/common/order_tv,0.026579824235029165
T1,91005,matched_continuous128/common/geometry_probability_mae,0.044970471144304455
T1,91005,matched_continuous128/common/response_rmse,0.11423917195541698
T1,91005,unequal_distance_w48/common/sequential_kl,0.0020861459734466633
T1,91005,unequal_distance_w48/common/parallel_kl,0.06900663087463413
T1,91005,unequal_distance_w48/common/oracle_parallel_kl,0.06652490555863214
T1,91005,unequal_distance_w48/common/marginal_kl,0.00248172531600198
T1,91005,unequal_distance_w48/common/order_tv,0.029103262724352257
T1,91005,unequal_distance_w48/common/geometry_probability_mae,0.017830102654449308
T1,91005,unequal_distance_w48/common/response_rmse,0.0386154720228874
T1,91005,w128_k8/CE,0.48859045753220975
T1,91005,w128_k32/CE,0.4603023226429601
T1,91005,w128_t05/CE,0.2942243394151724
T1,91005,w128_t095/CE,0.40323190063310566
T1,91005,w48_t05/CE,0.28381241747946573
T1,91005,w48_t095/CE,0.415012865336956
T1,91005,continuous128/G_1_8_NRMSE,0.018340966094897725
T1,91005,continuous128/G_9_48_NRMSE,0.04002339035497319
T1,91005,continuous128/G_49_64_NRMSE,0.022688034490685984
T1,91005,continuous128/m_bias,0.010993480682373047
T1,91005,continuous128/m2_bias,-9.775158832781017e-05
T1,91005,continuous128/abs_m_bias,-0.0023343563079833984
T1,91005,continuous128/energy_bias,0.015170300100731948
T1,91005,continuous96/G_1_8_NRMSE,0.010140140356954586
T1,91005,continuous96/G_9_24_NRMSE,0.03144897235372045
T1,91005,continuous96/G_25_48_NRMSE,0.024295612097824246
T1,91005,continuous96/m_bias,-0.054231007893880204
T1,91005,continuous96/m2_bias,0.0028315073362103482
T1,91005,continuous96/abs_m_bias,0.00485399034288192
T1,91005,continuous96/energy_bias,0.01016899242735747
T1,91005,continuous48/G_1_8_NRMSE,0.07751337910232875
T1,91005,continuous48/G_9_24_NRMSE,0.14369580414488678
T1,91005,continuous48/G_1_24_NRMSE,0.11484395817447815
T1,91005,continuous48/m_bias,0.1434436374240451
T1,91005,continuous48/m2_bias,-0.05133730467454889
T1,91005,continuous48/abs_m_bias,-0.05848778618706596
T1,91005,continuous48/energy_bias,0.014986944536790725
T1,91005,held_s10_w48/G_10_30_NRMSE,0.09842801215618263
T1,91005,held_s10_w48/G_40_120_NRMSE,0.16206056205944858
T1,91005,held_s10_w48/G_130_470_NRMSE,0.11147922268334023
T1,91005,held_s10_w48/m_bias,0.05085923936631945
T1,91005,held_s10_w48/m2_bias,-0.020808549574863777
T1,91005,held_s10_w48/abs_m_bias,-0.02611796061197913
T1,91005,held_s10_w48/energy_bias,-0.005962831754211029
T1,91006,matched_continuous48/natural/sequential_kl,0.0018768695181950576
T1,91006,matched_continuous48/natural/parallel_kl,0.024539131257983876
T1,91006,matched_continuous48/natural/oracle_parallel_kl,0.022331110563886807
T1,91006,matched_continuous48/natural/marginal_kl,0.002208020694097074
T1,91006,matched_continuous48/natural/order_tv,0.028579257631107205
T1,91006,matched_continuous48/natural/geometry_probability_mae,0.018683750813782964
T1,91006,matched_continuous48/natural/response_rmse,0.03965166902058753
T1,91006,matched_continuous96/natural/sequential_kl,0.0011620674715500702
T1,91006,matched_continuous96/natural/parallel_kl,0.023596876443642657
T1,91006,matched_continuous96/natural/oracle_parallel_kl,0.022331110563886807
T1,91006,matched_continuous96/natural/marginal_kl,0.001265765879755838
T1,91006,matched_continuous96/natural/order_tv,0.013546501342037033
T1,91006,matched_continuous96/natural/geometry_probability_mae,0.01664806484400138
T1,91006,matched_continuous96/natural/response_rmse,0.02168758903487066
T1,91006,matched_continuous128/natural/sequential_kl,0.008079669920619925
T1,91006,matched_continuous128/natural/parallel_kl,0.03307438796831925
T1,91006,matched_continuous128/natural/oracle_parallel_kl,0.022331110563886807
T1,91006,matched_continuous128/natural/marginal_kl,0.010743277404432445
T1,91006,matched_continuous128/natural/order_tv,0.02733285828596843
T1,91006,matched_continuous128/natural/geometry_probability_mae,0.021004199631392176
T1,91006,matched_continuous128/natural/response_rmse,0.04635733533878649
T1,91006,unequal_distance_w48/natural/sequential_kl,0.0023749719146308286
T1,91006,unequal_distance_w48/natural/parallel_kl,0.06889791823285349
T1,91006,unequal_distance_w48/natural/oracle_parallel_kl,0.06652490555863214
T1,91006,unequal_distance_w48/natural/marginal_kl,0.002373012674221329
T1,91006,unequal_distance_w48/natural/order_tv,0.026384235530804385
T1,91006,unequal_distance_w48/natural/geometry_probability_mae,0.0134939825241974
T1,91006,unequal_distance_w48/natural/response_rmse,0.029956180566682658
T1,91006,matched_continuous48/common/sequential_kl,0.002061161867738169
T1,91006,matched_continuous48/common/parallel_kl,0.024907715957070094
T1,91006,matched_continuous48/common/oracle_parallel_kl,0.022331110563886807
T1,91006,matched_continuous48/common/marginal_kl,0.0025766053931832863
T1,91006,matched_continuous48/common/order_tv,0.030721148974374154
T1,91006,matched_continuous48/common/geometry_probability_mae,0.018683750813782964
T1,91006,matched_continuous48/common/response_rmse,0.03965166902058753
T1,91006,matched_continuous96/common/sequential_kl,0.0012639531748416095
T1,91006,matched_continuous96/common/parallel_kl,0.023767269402327523
T1,91006,matched_continuous96/common/oracle_parallel_kl,0.022331110563886807
T1,91006,matched_continuous96/common/marginal_kl,0.001436158838440714
T1,91006,matched_continuous96/common/order_tv,0.01382450072932832
T1,91006,matched_continuous96/common/geometry_probability_mae,0.01688442380322918
T1,91006,matched_continuous96/common/response_rmse,0.02231709385396646
T1,91006,matched_continuous128/common/sequential_kl,0.007914391848188889
T1,91006,matched_continuous128/common/parallel_kl,0.032983571465582576
T1,91006,matched_continuous128/common/oracle_parallel_kl,0.022331110563886807
T1,91006,matched_continuous128/common/marginal_kl,0.010652460901695767
T1,91006,matched_continuous128/common/order_tv,0.027554701711819923
T1,91006,matched_continuous128/common/geometry_probability_mae,0.020472268833823155
T1,91006,matched_continuous128/common/response_rmse,0.04544334232439244
T1,91006,unequal_distance_w48/common/sequential_kl,0.002455863992285988
T1,91006,unequal_distance_w48/common/parallel_kl,0.06905970238816382
T1,91006,unequal_distance_w48/common/oracle_parallel_kl,0.06652490555863214
T1,91006,unequal_distance_w48/common/marginal_kl,0.0025347968295316636
T1,91006,unequal_distance_w48/common/order_tv,0.027259653126625406
T1,91006,unequal_distance_w48/common/geometry_probability_mae,0.0134939825241974
T1,91006,unequal_distance_w48/common/response_rmse,0.029956180566682658
T1,91006,w128_k8/CE,0.4908474738327315
T1,91006,w128_k32/CE,0.4595457104588568
T1,91006,w128_t05/CE,0.29558444118957783
T1,91006,w128_t095/CE,0.40363460328557155
T1,91006,w48_t05/CE,0.28391954611113385
T1,91006,w48_t095/CE,0.41522750103936823
T1,91006,continuous128/G_1_8_NRMSE,0.025329799941621402
T1,91006,continuous128/G_9_48_NRMSE,0.045095076749625616
T1,91006,continuous128/G_49_64_NRMSE,0.047241568063170404
T1,91006,continuous128/m_bias,-0.09266805648803711
T1,91006,continuous128/m2_bias,0.004422532074386254
T1,91006,continuous128/abs_m_bias,0.0039017200469970703
T1,91006,continuous128/energy_bias,0.02612394798459028
T1,91006,continuous96/G_1_8_NRMSE,0.028340233861459438
T1,91006,continuous96/G_9_24_NRMSE,0.05652697217328869
T1,91006,continuous96/G_25_48_NRMSE,0.07401620754284448
T1,91006,continuous96/m_bias,-0.0502026875813802
T1,91006,continuous96/m2_bias,-0.021890547816400208
T1,91006,continuous96/abs_m_bias,-0.02712843153211808
T1,91006,continuous96/energy_bias,0.014042690344024167
T1,91006,continuous48/G_1_8_NRMSE,0.006350094244010156
T1,91006,continuous48/G_9_24_NRMSE,0.013666895834358024
T1,91006,continuous48/G_1_24_NRMSE,0.010590590987489185
T1,91006,continuous48/m_bias,0.050860087076822914
T1,91006,continuous48/m2_bias,-0.0027398275740352918
T1,91006,continuous48/abs_m_bias,-0.0031492445203993302
T1,91006,continuous48/energy_bias,0.004473314217641744
T1,91006,held_s10_w48/G_10_30_NRMSE,0.02311216808242528
T1,91006,held_s10_w48/G_40_120_NRMSE,0.1305819206465524
T1,91006,held_s10_w48/G_130_470_NRMSE,0.32314362420827725
T1,91006,held_s10_w48/m_bias,-0.000667995876736108
T1,91006,held_s10_w48/m2_bias,0.05394872029622397
T1,91006,held_s10_w48/abs_m_bias,0.060321384006076395
T1,91006,held_s10_w48/energy_bias,-0.013276661541444967
T2,91001,matched_continuous48/natural/sequential_kl,0.0012223699614979425
T2,91001,matched_continuous48/natural/parallel_kl,0.024246299604837374
T2,91001,matched_continuous48/natural/oracle_parallel_kl,0.022331110563886807
T2,91001,matched_continuous48/natural/marginal_kl,0.0019151890409505649
T2,91001,matched_continuous48/natural/order_tv,0.02398488232213229
T2,91001,matched_continuous48/natural/geometry_probability_mae,0.009591248434503694
T2,91001,matched_continuous48/natural/response_rmse,0.014180793661336651
T2,91001,matched_continuous96/natural/sequential_kl,0.0010214802946520165
T2,91001,matched_continuous96/natural/parallel_kl,0.022826758500203735
T2,91001,matched_continuous96/natural/oracle_parallel_kl,0.022331110563886807
T2,91001,matched_continuous96/natural/marginal_kl,0.0004956479363169342
T2,91001,matched_continuous96/natural/order_tv,0.01135313487885747
T2,91001,matched_continuous96/natural/geometry_probability_mae,0.02645419359319533
T2,91001,matched_continuous96/natural/response_rmse,0.03727570557764101
T2,91001,matched_continuous128/natural/sequential_kl,0.01090135111125268
T2,91001,matched_continuous128/natural/parallel_kl,0.03571908130214718
T2,91001,matched_continuous128/natural/oracle_parallel_kl,0.022331110563886807
T2,91001,matched_continuous128/natural/marginal_kl,0.013387970738260395
T2,91001,matched_continuous128/natural/order_tv,0.021377381337905753
T2,91001,matched_continuous128/natural/geometry_probability_mae,0.035833283131496405
T2,91001,matched_continuous128/natural/response_rmse,0.07784708897763251
T2,91001,unequal_distance_w48/natural/sequential_kl,0.0032316129167866683
T2,91001,unequal_distance_w48/natural/parallel_kl,0.07090641693939531
T2,91001,unequal_distance_w48/natural/oracle_parallel_kl,0.06652490555863214
T2,91001,unequal_distance_w48/natural/marginal_kl,0.004381511380763169
T2,91001,unequal_distance_w48/natural/order_tv,0.03401410614919133
T2,91001,unequal_distance_w48/natural/geometry_probability_mae,0.014880107708631662
T2,91001,unequal_distance_w48/natural/response_rmse,0.03775197781589414
T2,91001,matched_continuous48/common/sequential_kl,0.0014532053224795324
T2,91001,matched_continuous48/common/parallel_kl,0.02470797032680057
T2,91001,matched_continuous48/common/oracle_parallel_kl,0.022331110563886807
T2,91001,matched_continuous48/common/marginal_kl,0.002376859762913755
T2,91001,matched_continuous48/common/order_tv,0.02608689234518755
T2,91001,matched_continuous48/common/geometry_probability_mae,0.009591248434503694
T2,91001,matched_continuous48/common/response_rmse,0.014180793661336651
T2,91001,matched_continuous96/common/sequential_kl,0.0011076738672784058
T2,91001,matched_continuous96/common/parallel_kl,0.022947805454291054
T2,91001,matched_continuous96/common/oracle_parallel_kl,0.022331110563886807
T2,91001,matched_continuous96/common/marginal_kl,0.0006166948904042539
T2,91001,matched_continuous96/common/order_tv,0.011133444265758491
T2,91001,matched_continuous96/common/geometry_probability_mae,0.02595554788709308
T2,91001,matched_continuous96/common/response_rmse,0.03431937762256818
T2,91001,matched_continuous128/common/sequential_kl,0.010237339679182564
T2,91001,matched_continuous128/common/parallel_kl,0.03484514539707817
T2,91001,matched_continuous128/common/oracle_parallel_kl,0.022331110563886807
T2,91001,matched_continuous128/common/marginal_kl,0.012514034833191362
T2,91001,matched_continuous128/common/order_tv,0.021391082916569888
T2,91001,matched_continuous128/common/geometry_probability_mae,0.034240237706826424
T2,91001,matched_continuous128/common/response_rmse,0.07224891750129186
T2,91001,unequal_distance_w48/common/sequential_kl,0.0034468111572288998
T2,91001,unequal_distance_w48/common/parallel_kl,0.07133681342027978
T2,91001,unequal_distance_w48/common/oracle_parallel_kl,0.06652490555863214
T2,91001,unequal_distance_w48/common/marginal_kl,0.004811907861647627
T2,91001,unequal_distance_w48/common/order_tv,0.03532910815950591
T2,91001,unequal_distance_w48/common/geometry_probability_mae,0.014880107708631662
T2,91001,unequal_distance_w48/common/response_rmse,0.03775197781589414
T2,91001,w128_k8/CE,0.48866668576894995
T2,91001,w128_k32/CE,0.4597357802019053
T2,91001,w128_t05/CE,0.29454822057861774
T2,91001,w128_t095/CE,0.40278192898470044
T2,91001,w48_t05/CE,0.28360798809369403
T2,91001,w48_t095/CE,0.4150997333534132
T2,91001,continuous128/G_1_8_NRMSE,0.015658347987310868
T2,91001,continuous128/G_9_48_NRMSE,0.027959923537125293
T2,91001,continuous128/G_49_64_NRMSE,0.010487266164303448
T2,91001,continuous128/m_bias,0.11839628219604492
T2,91001,continuous128/m2_bias,0.0018834155343938619
T2,91001,continuous128/abs_m_bias,-0.0041692256927490234
T2,91001,continuous128/energy_bias,0.019849822277159146
T2,91001,continuous96/G_1_8_NRMSE,0.009698232150328088
T2,91001,continuous96/G_9_24_NRMSE,0.051860159527733866
T2,91001,continuous96/G_25_48_NRMSE,0.07360022057598806
T2,91001,continuous96/m_bias,0.06503168741861978
T2,91001,continuous96/m2_bias,0.025813248146463297
T2,91001,continuous96/abs_m_bias,0.037874009874131864
T2,91001,continuous96/energy_bias,0.00656085097998893
T2,91001,continuous48/G_1_8_NRMSE,0.04539330192622711
T2,91001,continuous48/G_9_24_NRMSE,0.07968095016993082
T2,91001,continuous48/G_1_24_NRMSE,0.0645291179575765
T2,91001,continuous48/m_bias,-0.08202022976345485
T2,91001,continuous48/m2_bias,-0.028871928468162666
T2,91001,continuous48/abs_m_bias,-0.02486419677734375
T2,91001,continuous48/energy_bias,0.01093524905806742
T2,91001,held_s10_w48/G_10_30_NRMSE,0.1006524628157656
T2,91001,held_s10_w48/G_40_120_NRMSE,0.2246577776265409
T2,91001,held_s10_w48/G_130_470_NRMSE,0.3079313114402218
T2,91001,held_s10_w48/m_bias,-0.021325005425347234
T2,91001,held_s10_w48/m2_bias,-0.07051511458408685
T2,91001,held_s10_w48/abs_m_bias,-0.1136016845703125
T2,91001,held_s10_w48/energy_bias,0.007923748476285464
T2,91002,matched_continuous48/natural/sequential_kl,0.0009854362642724977
T2,91002,matched_continuous48/natural/parallel_kl,0.023437705099658493
T2,91002,matched_continuous48/natural/oracle_parallel_kl,0.022331110563886807
T2,91002,matched_continuous48/natural/marginal_kl,0.001106594535771678
T2,91002,matched_continuous48/natural/order_tv,0.022280721330206595
T2,91002,matched_continuous48/natural/geometry_probability_mae,0.011086236451133193
T2,91002,matched_continuous48/natural/response_rmse,0.024117144563621417
T2,91002,matched_continuous96/natural/sequential_kl,0.0010663436334033272
T2,91002,matched_continuous96/natural/parallel_kl,0.023369119210094328
T2,91002,matched_continuous96/natural/oracle_parallel_kl,0.022331110563886807
T2,91002,matched_continuous96/natural/marginal_kl,0.0010380086462075282
T2,91002,matched_continuous96/natural/order_tv,0.012796731421396697
T2,91002,matched_continuous96/natural/geometry_probability_mae,0.019429216727994136
T2,91002,matched_continuous96/natural/response_rmse,0.029433011401156933
T2,91002,matched_continuous128/natural/sequential_kl,0.01224308006897357
T2,91002,matched_continuous128/natural/parallel_kl,0.03959782453717723
T2,91002,matched_continuous128/natural/oracle_parallel_kl,0.022331110563886807
T2,91002,matched_continuous128/natural/marginal_kl,0.017266713973290434
T2,91002,matched_continuous128/natural/order_tv,0.028680173261506646
T2,91002,matched_continuous128/natural/geometry_probability_mae,0.03424047738967465
T2,91002,matched_continuous128/natural/response_rmse,0.08309592076009849
T2,91002,unequal_distance_w48/natural/sequential_kl,0.00211568545931612
T2,91002,unequal_distance_w48/natural/parallel_kl,0.06911320742774335
T2,91002,unequal_distance_w48/natural/oracle_parallel_kl,0.06652490555863214
T2,91002,unequal_distance_w48/natural/marginal_kl,0.0025883018691112
T2,91002,unequal_distance_w48/natural/order_tv,0.02798803375000094
T2,91002,unequal_distance_w48/natural/geometry_probability_mae,0.014335803582125672
T2,91002,unequal_distance_w48/natural/response_rmse,0.028307627759283374
T2,91002,matched_continuous48/common/sequential_kl,0.001176280434280497
T2,91002,matched_continuous48/common/parallel_kl,0.023819393439674482
T2,91002,matched_continuous48/common/oracle_parallel_kl,0.022331110563886807
T2,91002,matched_continuous48/common/marginal_kl,0.0014882828757876842
T2,91002,matched_continuous48/common/order_tv,0.025506336476951698
T2,91002,matched_continuous48/common/geometry_probability_mae,0.011086236451133193
T2,91002,matched_continuous48/common/response_rmse,0.024117144563621417
T2,91002,matched_continuous96/common/sequential_kl,0.0013145203617569332
T2,91002,matched_continuous96/common/parallel_kl,0.023705467555579354
T2,91002,matched_continuous96/common/oracle_parallel_kl,0.022331110563886807
T2,91002,matched_continuous96/common/marginal_kl,0.001374356991692554
T2,91002,matched_continuous96/common/order_tv,0.012816111622952178
T2,91002,matched_continuous96/common/geometry_probability_mae,0.019983611492592118
T2,91002,matched_continuous96/common/response_rmse,0.03344683893067427
T2,91002,matched_continuous128/common/sequential_kl,0.010603482519382076
T2,91002,matched_continuous128/common/parallel_kl,0.037447714791514895
T2,91002,matched_continuous128/common/oracle_parallel_kl,0.022331110563886807
T2,91002,matched_continuous128/common/marginal_kl,0.015116604227628094
T2,91002,matched_continuous128/common/order_tv,0.028975066797365626
T2,91002,matched_continuous128/common/geometry_probability_mae,0.030877471155792424
T2,91002,matched_continuous128/common/response_rmse,0.07399564560621902
T2,91002,unequal_distance_w48/common/sequential_kl,0.002400338465896416
T2,91002,unequal_distance_w48/common/parallel_kl,0.06968251344090394
T2,91002,unequal_distance_w48/common/oracle_parallel_kl,0.06652490555863214
T2,91002,unequal_distance_w48/common/marginal_kl,0.0031576078822717875
T2,91002,unequal_distance_w48/common/order_tv,0.030221148470931027
T2,91002,unequal_distance_w48/common/geometry_probability_mae,0.014335803582125672
T2,91002,unequal_distance_w48/common/response_rmse,0.028307627759283374
T2,91002,w128_k8/CE,0.4884139340503772
T2,91002,w128_k32/CE,0.4572951883500218
T2,91002,w128_t05/CE,0.2948324743798675
T2,91002,w128_t095/CE,0.40241704121469496
T2,91002,w48_t05/CE,0.2842857352089616
T2,91002,w48_t095/CE,0.4150802500661714
T2,91002,continuous128/G_1_8_NRMSE,0.017256964413318095
T2,91002,continuous128/G_9_48_NRMSE,0.020529121866470327
T2,91002,continuous128/G_49_64_NRMSE,0.06668813233741193
T2,91002,continuous128/m_bias,0.08803319931030273
T2,91002,continuous128/m2_bias,-0.024190054478822276
T2,91002,continuous128/abs_m_bias,-0.0285336971282959
T2,91002,continuous128/energy_bias,0.01870601383719861
T2,91002,continuous96/G_1_8_NRMSE,0.025752012027763553
T2,91002,continuous96/G_9_24_NRMSE,0.0373288871153602
T2,91002,continuous96/G_25_48_NRMSE,0.07770992990060331
T2,91002,continuous96/m_bias,0.03337139553493926
T2,91002,continuous96/m2_bias,-0.025188656040915747
T2,91002,continuous96/abs_m_bias,-0.031702677408854185
T2,91002,continuous96/energy_bias,0.01247505054139253
T2,91002,continuous48/G_1_8_NRMSE,0.004438156567680361
T2,91002,continuous48/G_9_24_NRMSE,0.004524221722891619
T2,91002,continuous48/G_1_24_NRMSE,0.004480577000146773
T2,91002,continuous48/m_bias,0.1677491929796007
T2,91002,continuous48/m2_bias,-0.004389966711585869
T2,91002,continuous48/abs_m_bias,-0.0067028469509549105
T2,91002,continuous48/energy_bias,0.0008579551750885761
T2,91002,held_s10_w48/G_10_30_NRMSE,0.05059710678510725
T2,91002,held_s10_w48/G_40_120_NRMSE,0.133904084866638
T2,91002,held_s10_w48/G_130_470_NRMSE,0.38067074810687374
T2,91002,held_s10_w48/m_bias,-0.052954779730902776
T2,91002,held_s10_w48/m2_bias,0.05582949555950403
T2,91002,held_s10_w48/abs_m_bias,0.051735772026909765
T2,91002,held_s10_w48/energy_bias,-0.028624622534352773
T2,91003,matched_continuous48/natural/sequential_kl,0.0008470379431219526
T2,91003,matched_continuous48/natural/parallel_kl,0.022814455270086093
T2,91003,matched_continuous48/natural/oracle_parallel_kl,0.022331110563886807
T2,91003,matched_continuous48/natural/marginal_kl,0.0004833447061992881
T2,91003,matched_continuous48/natural/order_tv,0.025441864389819463
T2,91003,matched_continuous48/natural/geometry_probability_mae,0.0107005972806423
T2,91003,matched_continuous48/natural/response_rmse,0.018055116292535183
T2,91003,matched_continuous96/natural/sequential_kl,0.0011553438398359476
T2,91003,matched_continuous96/natural/parallel_kl,0.023507242467566553
T2,91003,matched_continuous96/natural/oracle_parallel_kl,0.022331110563886807
T2,91003,matched_continuous96/natural/marginal_kl,0.0011761319036797473
T2,91003,matched_continuous96/natural/order_tv,0.01619780361682044
T2,91003,matched_continuous96/natural/geometry_probability_mae,0.014367341580687486
T2,91003,matched_continuous96/natural/response_rmse,0.02186298633597275
T2,91003,matched_continuous128/natural/sequential_kl,0.012961367645082213
T2,91003,matched_continuous128/natural/parallel_kl,0.04055162411497714
T2,91003,matched_continuous128/natural/oracle_parallel_kl,0.022331110563886807
T2,91003,matched_continuous128/natural/marginal_kl,0.018220513551090337
T2,91003,matched_continuous128/natural/order_tv,0.03132179276845772
T2,91003,matched_continuous128/natural/geometry_probability_mae,0.020975774190577924
T2,91003,matched_continuous128/natural/response_rmse,0.047588760244953045
T2,91003,unequal_distance_w48/natural/sequential_kl,0.0018438737926610924
T2,91003,unequal_distance_w48/natural/parallel_kl,0.06819297258186544
T2,91003,unequal_distance_w48/natural/oracle_parallel_kl,0.06652490555863214
T2,91003,unequal_distance_w48/natural/marginal_kl,0.0016680670232332995
T2,91003,unequal_distance_w48/natural/order_tv,0.0294221442614911
T2,91003,unequal_distance_w48/natural/geometry_probability_mae,0.00964182459616923
T2,91003,unequal_distance_w48/natural/response_rmse,0.01826044798960616
T2,91003,matched_continuous48/common/sequential_kl,0.0009421213730001418
T2,91003,matched_continuous48/common/parallel_kl,0.02300462212984248
T2,91003,matched_continuous48/common/oracle_parallel_kl,0.022331110563886807
T2,91003,matched_continuous48/common/marginal_kl,0.0006735115659556733
T2,91003,matched_continuous48/common/order_tv,0.02743427884471651
T2,91003,matched_continuous48/common/geometry_probability_mae,0.0107005972806423
T2,91003,matched_continuous48/common/response_rmse,0.018055116292535183
T2,91003,matched_continuous96/common/sequential_kl,0.0011289359905766589
T2,91003,matched_continuous96/common/parallel_kl,0.023439084012434285
T2,91003,matched_continuous96/common/oracle_parallel_kl,0.022331110563886807
T2,91003,matched_continuous96/common/marginal_kl,0.0011079734485474864
T2,91003,matched_continuous96/common/order_tv,0.016809203702620804
T2,91003,matched_continuous96/common/geometry_probability_mae,0.014049016178826288
T2,91003,matched_continuous96/common/response_rmse,0.02227966314527079
T2,91003,matched_continuous128/common/sequential_kl,0.013073844204733865
T2,91003,matched_continuous128/common/parallel_kl,0.040689099179058906
T2,91003,matched_continuous128/common/oracle_parallel_kl,0.022331110563886807
T2,91003,matched_continuous128/common/marginal_kl,0.018357988615172103
T2,91003,matched_continuous128/common/order_tv,0.031324643848877995
T2,91003,matched_continuous128/common/geometry_probability_mae,0.021309334464534042
T2,91003,matched_continuous128/common/response_rmse,0.04837040063090047
T2,91003,unequal_distance_w48/common/sequential_kl,0.0020480122037772946
T2,91003,unequal_distance_w48/common/parallel_kl,0.06860124940409788
T2,91003,unequal_distance_w48/common/oracle_parallel_kl,0.06652490555863214
T2,91003,unequal_distance_w48/common/marginal_kl,0.002076343845465728
T2,91003,unequal_distance_w48/common/order_tv,0.03132122938635037
T2,91003,unequal_distance_w48/common/geometry_probability_mae,0.00964182459616923
T2,91003,unequal_distance_w48/common/response_rmse,0.01826044798960616
T2,91003,w128_k8/CE,0.4866285964628094
T2,91003,w128_k32/CE,0.45891879680466147
T2,91003,w128_t05/CE,0.2952768183200457
T2,91003,w128_t095/CE,0.4047216348315194
T2,91003,w48_t05/CE,0.2838034968478535
T2,91003,w48_t095/CE,0.4150194971886112
T2,91003,continuous128/G_1_8_NRMSE,0.034856860816053194
T2,91003,continuous128/G_9_48_NRMSE,0.13281119942346875
T2,91003,continuous128/G_49_64_NRMSE,0.14678269553298437
T2,91003,continuous128/m_bias,0.09524297714233398
T2,91003,continuous128/m2_bias,0.03412329012644477
T2,91003,continuous128/abs_m_bias,0.03265213966369629
T2,91003,continuous128/energy_bias,0.029011823999600006
T2,91003,continuous96/G_1_8_NRMSE,0.013422524699754183
T2,91003,continuous96/G_9_24_NRMSE,0.021387021716681043
T2,91003,continuous96/G_25_48_NRMSE,0.03533742905429992
T2,91003,continuous96/m_bias,0.05534066094292534
T2,91003,continuous96/m2_bias,0.008573160955199444
T2,91003,continuous96/abs_m_bias,0.016179402669270815
T2,91003,continuous96/energy_bias,0.012523022032620568
T2,91003,continuous48/G_1_8_NRMSE,0.05695796895474517
T2,91003,continuous48/G_9_24_NRMSE,0.14161847293119303
T2,91003,continuous48/G_1_24_NRMSE,0.1071917692289616
T2,91003,continuous48/m_bias,0.07193756103515626
T2,91003,continuous48/m2_bias,-0.058438151706883934
T2,91003,continuous48/abs_m_bias,-0.05734846327039933
T2,91003,continuous48/energy_bias,0.010194169714095702
T2,91003,held_s10_w48/G_10_30_NRMSE,0.10475234615497755
T2,91003,held_s10_w48/G_40_120_NRMSE,0.12365766916695257
T2,91003,held_s10_w48/G_130_470_NRMSE,0.12410067458609901
T2,91003,held_s10_w48/m_bias,-0.05379570855034721
T2,91003,held_s10_w48/m2_bias,-0.011482226995774253
T2,91003,held_s10_w48/abs_m_bias,-0.022781372070312444
T2,91003,held_s10_w48/energy_bias,0.0013787019337322959
T2,91004,matched_continuous48/natural/sequential_kl,0.001575344318221078
T2,91004,matched_continuous48/natural/parallel_kl,0.024096473366253948
T2,91004,matched_continuous48/natural/oracle_parallel_kl,0.022331110563886807
T2,91004,matched_continuous48/natural/marginal_kl,0.0017653628023671397
T2,91004,matched_continuous48/natural/order_tv,0.028375521531087997
T2,91004,matched_continuous48/natural/geometry_probability_mae,0.013695278431170268
T2,91004,matched_continuous48/natural/response_rmse,0.02067209756369817
T2,91004,matched_continuous96/natural/sequential_kl,0.0007759490224999787
T2,91004,matched_continuous96/natural/parallel_kl,0.02291649780632367
T2,91004,matched_continuous96/natural/oracle_parallel_kl,0.022331110563886807
T2,91004,matched_continuous96/natural/marginal_kl,0.0005853872424368686
T2,91004,matched_continuous96/natural/order_tv,0.01614926704233837
T2,91004,matched_continuous96/natural/geometry_probability_mae,0.013017000708393515
T2,91004,matched_continuous96/natural/response_rmse,0.024388048830214695
T2,91004,matched_continuous128/natural/sequential_kl,0.011926553528487826
T2,91004,matched_continuous128/natural/parallel_kl,0.03822715858684356
T2,91004,matched_continuous128/natural/oracle_parallel_kl,0.022331110563886807
T2,91004,matched_continuous128/natural/marginal_kl,0.01589604802295674
T2,91004,matched_continuous128/natural/order_tv,0.02558990224788186
T2,91004,matched_continuous128/natural/geometry_probability_mae,0.0247722323288592
T2,91004,matched_continuous128/natural/response_rmse,0.05702019857612634
T2,91004,unequal_distance_w48/natural/sequential_kl,0.002372069173294365
T2,91004,unequal_distance_w48/natural/parallel_kl,0.0697586650654887
T2,91004,unequal_distance_w48/natural/oracle_parallel_kl,0.06652490555863214
T2,91004,unequal_distance_w48/natural/marginal_kl,0.003233759506856522
T2,91004,unequal_distance_w48/natural/order_tv,0.029332465994519892
T2,91004,unequal_distance_w48/natural/geometry_probability_mae,0.0146634988240814
T2,91004,unequal_distance_w48/natural/response_rmse,0.027240321431260327
T2,91004,matched_continuous48/common/sequential_kl,0.0018835735605176726
T2,91004,matched_continuous48/common/parallel_kl,0.02471293185084713
T2,91004,matched_continuous48/common/oracle_parallel_kl,0.022331110563886807
T2,91004,matched_continuous48/common/marginal_kl,0.00238182128696032
T2,91004,matched_continuous48/common/order_tv,0.03168095693527383
T2,91004,matched_continuous48/common/geometry_probability_mae,0.013695278431170268
T2,91004,matched_continuous48/common/response_rmse,0.02067209756369817
T2,91004,matched_continuous96/common/sequential_kl,0.0008242881097832092
T2,91004,matched_continuous96/common/parallel_kl,0.02289831113329194
T2,91004,matched_continuous96/common/oracle_parallel_kl,0.022331110563886807
T2,91004,matched_continuous96/common/marginal_kl,0.0005672005694051389
T2,91004,matched_continuous96/common/order_tv,0.016780957061787047
T2,91004,matched_continuous96/common/geometry_probability_mae,0.013572525914595398
T2,91004,matched_continuous96/common/response_rmse,0.023918908520175777
T2,91004,matched_continuous128/common/sequential_kl,0.012146767428709886
T2,91004,matched_continuous128/common/parallel_kl,0.0385488919682915
T2,91004,matched_continuous128/common/oracle_parallel_kl,0.022331110563886807
T2,91004,matched_continuous128/common/marginal_kl,0.016217781404404694
T2,91004,matched_continuous128/common/order_tv,0.02603708825289927
T2,91004,matched_continuous128/common/geometry_probability_mae,0.025999100110811222
T2,91004,matched_continuous128/common/response_rmse,0.05989905173309165
T2,91004,unequal_distance_w48/common/sequential_kl,0.0028011752327637947
T2,91004,unequal_distance_w48/common/parallel_kl,0.07061687718442757
T2,91004,unequal_distance_w48/common/oracle_parallel_kl,0.06652490555863214
T2,91004,unequal_distance_w48/common/marginal_kl,0.004091971625795399
T2,91004,unequal_distance_w48/common/order_tv,0.0321034013304537
T2,91004,unequal_distance_w48/common/geometry_probability_mae,0.0146634988240814
T2,91004,unequal_distance_w48/common/response_rmse,0.027240321431260327
T2,91004,w128_k8/CE,0.4892496487820668
T2,91004,w128_k32/CE,0.4570630674975561
T2,91004,w128_t05/CE,0.2948162557483419
T2,91004,w128_t095/CE,0.40267274440712997
T2,91004,w48_t05/CE,0.2844911791248116
T2,91004,w48_t095/CE,0.4148346581218005
T2,91004,continuous128/G_1_8_NRMSE,0.022067890968871903
T2,91004,continuous128/G_9_48_NRMSE,0.05113353556773094
T2,91004,continuous128/G_49_64_NRMSE,0.01961697160198995
T2,91004,continuous128/m_bias,-0.04046201705932617
T2,91004,continuous128/m2_bias,-0.007941269170260057
T2,91004,continuous128/abs_m_bias,-0.020739316940307617
T2,91004,continuous128/energy_bias,0.01745695579709028
T2,91004,continuous96/G_1_8_NRMSE,0.00804513436456097
T2,91004,continuous96/G_9_24_NRMSE,0.009584270230521216
T2,91004,continuous96/G_25_48_NRMSE,0.01950127339272441
T2,91004,continuous96/m_bias,-0.042023976643880204
T2,91004,continuous96/m2_bias,-0.012460498438205236
T2,91004,continuous96/abs_m_bias,-0.012574937608506975
T2,91004,continuous96/energy_bias,0.00890117444490135
T2,91004,continuous48/G_1_8_NRMSE,0.011726567998267358
T2,91004,continuous48/G_9_24_NRMSE,0.03732707472224961
T2,91004,continuous48/G_1_24_NRMSE,0.02744932171311372
T2,91004,continuous48/m_bias,-0.09688568115234375
T2,91004,continuous48/m2_bias,0.007547056969301191
T2,91004,continuous48/abs_m_bias,-0.0018607245551216511
T2,91004,continuous48/energy_bias,-0.0002917567043440039
T2,91004,held_s10_w48/G_10_30_NRMSE,0.029305641979551027
T2,91004,held_s10_w48/G_40_120_NRMSE,0.01774116676338391
T2,91004,held_s10_w48/G_130_470_NRMSE,0.1718391542930527
T2,91004,held_s10_w48/m_bias,0.03728230794270833
T2,91004,held_s10_w48/m2_bias,0.01917092594099634
T2,91004,held_s10_w48/abs_m_bias,0.014070298936631975
T2,91004,held_s10_w48/energy_bias,-0.017099799839317364
T2,91005,matched_continuous48/natural/sequential_kl,0.0009281118102712197
T2,91005,matched_continuous48/natural/parallel_kl,0.022677058480951764
T2,91005,matched_continuous48/natural/oracle_parallel_kl,0.022331110563886807
T2,91005,matched_continuous48/natural/marginal_kl,0.0003459479170649572
T2,91005,matched_continuous48/natural/order_tv,0.02247975583097749
T2,91005,matched_continuous48/natural/geometry_probability_mae,0.011086098318901852
T2,91005,matched_continuous48/natural/response_rmse,0.024194920773036078
T2,91005,matched_continuous96/natural/sequential_kl,0.0013065112582278935
T2,91005,matched_continuous96/natural/parallel_kl,0.02361181331926721
T2,91005,matched_continuous96/natural/oracle_parallel_kl,0.022331110563886807
T2,91005,matched_continuous96/natural/marginal_kl,0.0012807027553804065
T2,91005,matched_continuous96/natural/order_tv,0.01175106657351464
T2,91005,matched_continuous96/natural/geometry_probability_mae,0.014144755838877816
T2,91005,matched_continuous96/natural/response_rmse,0.030340512183876994
T2,91005,matched_continuous128/natural/sequential_kl,0.021491318877727122
T2,91005,matched_continuous128/natural/parallel_kl,0.04929838657721985
T2,91005,matched_continuous128/natural/oracle_parallel_kl,0.022331110563886807
T2,91005,matched_continuous128/natural/marginal_kl,0.026967276013333055
T2,91005,matched_continuous128/natural/order_tv,0.022984142085122804
T2,91005,matched_continuous128/natural/geometry_probability_mae,0.051906381478509206
T2,91005,matched_continuous128/natural/response_rmse,0.12956873096046376
T2,91005,unequal_distance_w48/natural/sequential_kl,0.0014876064679375499
T2,91005,unequal_distance_w48/natural/parallel_kl,0.06791140457758812
T2,91005,unequal_distance_w48/natural/oracle_parallel_kl,0.06652490555863214
T2,91005,unequal_distance_w48/natural/marginal_kl,0.0013864990189559653
T2,91005,unequal_distance_w48/natural/order_tv,0.02710688849088031
T2,91005,unequal_distance_w48/natural/geometry_probability_mae,0.013620413222020266
T2,91005,unequal_distance_w48/natural/response_rmse,0.029406468035248254
T2,91005,matched_continuous48/common/sequential_kl,0.0009786734605460564
T2,91005,matched_continuous48/common/parallel_kl,0.022778181781501435
T2,91005,matched_continuous48/common/oracle_parallel_kl,0.022331110563886807
T2,91005,matched_continuous48/common/marginal_kl,0.00044707121761463107
T2,91005,matched_continuous48/common/order_tv,0.023837971917718196
T2,91005,matched_continuous48/common/geometry_probability_mae,0.011086098318901852
T2,91005,matched_continuous48/common/response_rmse,0.024194920773036078
T2,91005,matched_continuous96/common/sequential_kl,0.0014058846436976638
T2,91005,matched_continuous96/common/parallel_kl,0.023716036465920756
T2,91005,matched_continuous96/common/oracle_parallel_kl,0.022331110563886807
T2,91005,matched_continuous96/common/marginal_kl,0.0013849259020339451
T2,91005,matched_continuous96/common/order_tv,0.012095740094945674
T2,91005,matched_continuous96/common/geometry_probability_mae,0.01475481741549392
T2,91005,matched_continuous96/common/response_rmse,0.03139278039081164
T2,91005,matched_continuous128/common/sequential_kl,0.022832696033162972
T2,91005,matched_continuous128/common/parallel_kl,0.05097298431465514
T2,91005,matched_continuous128/common/oracle_parallel_kl,0.022331110563886807
T2,91005,matched_continuous128/common/marginal_kl,0.028641873750768345
T2,91005,matched_continuous128/common/order_tv,0.02360875386667856
T2,91005,matched_continuous128/common/geometry_probability_mae,0.054185280786803264
T2,91005,matched_continuous128/common/response_rmse,0.13518080062419732
T2,91005,unequal_distance_w48/common/sequential_kl,0.001636743699903283
T2,91005,unequal_distance_w48/common/parallel_kl,0.0682096790415196
T2,91005,unequal_distance_w48/common/oracle_parallel_kl,0.06652490555863214
T2,91005,unequal_distance_w48/common/marginal_kl,0.0016847734828874285
T2,91005,unequal_distance_w48/common/order_tv,0.028603722074513983
T2,91005,unequal_distance_w48/common/geometry_probability_mae,0.013620413222020266
T2,91005,unequal_distance_w48/common/response_rmse,0.029406468035248254
T2,91005,w128_k8/CE,0.48929145740363555
T2,91005,w128_k32/CE,0.46088166761127514
T2,91005,w128_t05/CE,0.29419989603719165
T2,91005,w128_t095/CE,0.40326864604229706
T2,91005,w48_t05/CE,0.2838281853426161
T2,91005,w48_t095/CE,0.41499623753755255
T2,91005,continuous128/G_1_8_NRMSE,0.024984637253084998
T2,91005,continuous128/G_9_48_NRMSE,0.06950953556740183
T2,91005,continuous128/G_49_64_NRMSE,0.059575463842251764
T2,91005,continuous128/m_bias,0.005311489105224609
T2,91005,continuous128/m2_bias,0.011904245737241581
T2,91005,continuous128/abs_m_bias,0.008135080337524414
T2,91005,continuous128/energy_bias,0.012728413258950466
T2,91005,continuous96/G_1_8_NRMSE,0.013879321328381048
T2,91005,continuous96/G_9_24_NRMSE,0.05493869617466074
T2,91005,continuous96/G_25_48_NRMSE,0.06009448207698019
T2,91005,continuous96/m_bias,-0.08851581149631076
T2,91005,continuous96/m2_bias,0.012081804558818632
T2,91005,continuous96/abs_m_bias,0.013951619466145815
T2,91005,continuous96/energy_bias,0.007345527515076777
T2,91005,continuous48/G_1_8_NRMSE,0.07878476846908815
T2,91005,continuous48/G_9_24_NRMSE,0.14788536664567467
T2,91005,continuous48/G_1_24_NRMSE,0.11785398128011086
T2,91005,continuous48/m_bias,0.16595882839626738
T2,91005,continuous48/m2_bias,-0.05097165887738453
T2,91005,continuous48/abs_m_bias,-0.05623626708984375
T2,91005,continuous48/energy_bias,0.014924610760195023
T2,91005,held_s10_w48/G_10_30_NRMSE,0.09828440450529141
T2,91005,held_s10_w48/G_40_120_NRMSE,0.16165789850611245
T2,91005,held_s10_w48/G_130_470_NRMSE,0.10762700040484605
T2,91005,held_s10_w48/m_bias,0.07180107964409722
T2,91005,held_s10_w48/m2_bias,-0.020609219868977846
T2,91005,held_s10_w48/abs_m_bias,-0.02459886338975692
T2,91005,held_s10_w48/energy_bias,-0.006717763048537273
T2,91006,matched_continuous48/natural/sequential_kl,0.0009825529285711343
T2,91006,matched_continuous48/natural/parallel_kl,0.02270248497096175
T2,91006,matched_continuous48/natural/oracle_parallel_kl,0.022331110563886807
T2,91006,matched_continuous48/natural/marginal_kl,0.0003713744070749533
T2,91006,matched_continuous48/natural/order_tv,0.019374048168758602
T2,91006,matched_continuous48/natural/geometry_probability_mae,0.01256165362459057
T2,91006,matched_continuous48/natural/response_rmse,0.02537407702648776
T2,91006,matched_continuous96/natural/sequential_kl,0.0012433658820318841
T2,91006,matched_continuous96/natural/parallel_kl,0.023362520402170912
T2,91006,matched_continuous96/natural/oracle_parallel_kl,0.022331110563886807
T2,91006,matched_continuous96/natural/marginal_kl,0.0010314098382841086
T2,91006,matched_continuous96/natural/order_tv,0.01085368180080408
T2,91006,matched_continuous96/natural/geometry_probability_mae,0.020706896593201636
T2,91006,matched_continuous96/natural/response_rmse,0.025858760390520593
T2,91006,matched_continuous128/natural/sequential_kl,0.011212894111366419
T2,91006,matched_continuous128/natural/parallel_kl,0.03738775291362792
T2,91006,matched_continuous128/natural/oracle_parallel_kl,0.022331110563886807
T2,91006,matched_continuous128/natural/marginal_kl,0.015056642349741104
T2,91006,matched_continuous128/natural/order_tv,0.024400341952187807
T2,91006,matched_continuous128/natural/geometry_probability_mae,0.029532241517557914
T2,91006,matched_continuous128/natural/response_rmse,0.06510348287497127
T2,91006,unequal_distance_w48/natural/sequential_kl,0.0020131570884365678
T2,91006,unequal_distance_w48/natural/parallel_kl,0.06760494557500926
T2,91006,unequal_distance_w48/natural/oracle_parallel_kl,0.06652490555863214
T2,91006,unequal_distance_w48/natural/marginal_kl,0.0010800400163771076
T2,91006,unequal_distance_w48/natural/order_tv,0.021890871865264293
T2,91006,unequal_distance_w48/natural/geometry_probability_mae,0.012796207818811656
T2,91006,unequal_distance_w48/natural/response_rmse,0.02753180743856449
T2,91006,matched_continuous48/common/sequential_kl,0.0010217929853860478
T2,91006,matched_continuous48/common/parallel_kl,0.02278096508459159
T2,91006,matched_continuous48/common/oracle_parallel_kl,0.022331110563886807
T2,91006,matched_continuous48/common/marginal_kl,0.00044985452070477814
T2,91006,matched_continuous48/common/order_tv,0.023084309411084643
T2,91006,matched_continuous48/common/geometry_probability_mae,0.01256165362459057
T2,91006,matched_continuous48/common/response_rmse,0.02537407702648776
T2,91006,matched_continuous96/common/sequential_kl,0.001113830546269199
T2,91006,matched_continuous96/common/parallel_kl,0.023299803051403015
T2,91006,matched_continuous96/common/oracle_parallel_kl,0.022331110563886807
T2,91006,matched_continuous96/common/marginal_kl,0.0009686924875162161
T2,91006,matched_continuous96/common/order_tv,0.011391996019872432
T2,91006,matched_continuous96/common/geometry_probability_mae,0.019869786277538614
T2,91006,matched_continuous96/common/response_rmse,0.025649400396522536
T2,91006,matched_continuous128/common/sequential_kl,0.010873216935236909
T2,91006,matched_continuous128/common/parallel_kl,0.03725737160413332
T2,91006,matched_continuous128/common/oracle_parallel_kl,0.022331110563886807
T2,91006,matched_continuous128/common/marginal_kl,0.01492626104024651
T2,91006,matched_continuous128/common/order_tv,0.025101911283580282
T2,91006,matched_continuous128/common/geometry_probability_mae,0.028504973518697036
T2,91006,matched_continuous128/common/response_rmse,0.06312417276800131
T2,91006,unequal_distance_w48/common/sequential_kl,0.00202361955578054
T2,91006,unequal_distance_w48/common/parallel_kl,0.06762587050969719
T2,91006,unequal_distance_w48/common/oracle_parallel_kl,0.06652490555863214
T2,91006,unequal_distance_w48/common/marginal_kl,0.0011009649510650393
T2,91006,unequal_distance_w48/common/order_tv,0.02353122150733596
T2,91006,unequal_distance_w48/common/geometry_probability_mae,0.012796207818811656
T2,91006,unequal_distance_w48/common/response_rmse,0.02753180743856449
T2,91006,w128_k8/CE,0.4896370433749865
T2,91006,w128_k32/CE,0.4590634436156435
T2,91006,w128_t05/CE,0.2953874703760627
T2,91006,w128_t095/CE,0.4034814038062292
T2,91006,w48_t05/CE,0.2838602415080238
T2,91006,w48_t095/CE,0.41509244243828824
T2,91006,continuous128/G_1_8_NRMSE,0.019657189074139738
T2,91006,continuous128/G_9_48_NRMSE,0.05698556100308569
T2,91006,continuous128/G_49_64_NRMSE,0.07345537440727026
T2,91006,continuous128/m_bias,-0.07538557052612305
T2,91006,continuous128/m2_bias,0.010581861395621672
T2,91006,continuous128/abs_m_bias,0.010831117630004883
T2,91006,continuous128/energy_bias,0.022639657568743865
T2,91006,continuous96/G_1_8_NRMSE,0.018009624275174562
T2,91006,continuous96/G_9_24_NRMSE,0.027358109976083386
T2,91006,continuous96/G_25_48_NRMSE,0.026935294250510774
T2,91006,continuous96/m_bias,-0.06736034817165795
T2,91006,continuous96/m2_bias,-0.009187620639065197
T2,91006,continuous96/abs_m_bias,-0.015104505750868136
T2,91006,continuous96/energy_bias,0.010734370716831032
T2,91006,continuous48/G_1_8_NRMSE,0.005627176772354405
T2,91006,continuous48/G_9_24_NRMSE,0.014071952642682264
T2,91006,continuous48/G_1_24_NRMSE,0.010642367268470867
T2,91006,continuous48/m_bias,0.0358183119032118
T2,91006,continuous48/m2_bias,-0.000993037665331875
T2,91006,continuous48/abs_m_bias,0.0013402303059896203
T2,91006,continuous48/energy_bias,0.0035729374445921946
T2,91006,held_s10_w48/G_10_30_NRMSE,0.023058464572058922
T2,91006,held_s10_w48/G_40_120_NRMSE,0.13352076036712157
T2,91006,held_s10_w48/G_130_470_NRMSE,0.328519471570194
T2,91006,held_s10_w48/m_bias,-0.040178087022569454
T2,91006,held_s10_w48/m2_bias,0.05529882878433037
T2,91006,held_s10_w48/abs_m_bias,0.059358384874131975
T2,91006,held_s10_w48/energy_bias,-0.013311291417331506
