seed,arm,geometry,condition,band,queries,ce,brier
92501,G00,0,0,near,98,0.3679187875631189,0.10368908352027757
92501,G00,0,0,middle,1074,0.5842932194761735,0.1986041253215412
92501,G00,0,0,far,7020,0.6169243596936155,0.21347312150862938
92501,G00,0,1,near,1283,0.4203492657740618,0.12965047020503315
92501,G00,0,1,middle,6102,0.47773222975174723,0.1521866186010473
92501,G00,0,1,far,807,0.4973844549623397,0.15984553519178243
92501,G00,0,2,near,7702,0.3320311271588086,0.09808914964024679
92501,G00,0,2,middle,490,0.43172242175768905,0.1324337073272826
92501,G00,0,3,near,8189,0.2958430569982661,0.08515631110332657
92501,G00,0,3,middle,3,0.6532462233290078,0.23499067883796468
92501,G00,0,4,near,3667,0.3866463534023986,0.11732050281878888
92501,G00,0,4,middle,4517,0.4395513032670206,0.13691401583759574
92501,G00,0,4,far,8,0.5890473188387814,0.2040363336969028
92501,G00,1,0,near,13,0.36991642142621745,0.10118524413607423
92501,G00,1,0,middle,93,0.6130962921658555,0.21200018803869056
92501,G00,1,0,far,8086,0.6437361732125991,0.22580645248787762
92501,G00,1,1,near,258,0.41098467158503504,0.12545585889174737
92501,G00,1,1,middle,1384,0.5476206826724704,0.18127163260498896
92501,G00,1,1,far,6550,0.5711280345299623,0.19163800993690733
92501,G00,1,2,near,3352,0.45706412603963303,0.1447283890595944
92501,G00,1,2,middle,4253,0.6394960771329691,0.21169455988520283
92501,G00,1,2,far,587,0.6116993649798572,0.20108133594667774
92501,G00,1,3,near,5686,0.49655397144468333,0.15815920007254874
92501,G00,1,3,middle,2471,0.677472378089739,0.22180888596421736
92501,G00,1,3,far,35,0.5318938950684922,0.17041201243358955
92501,G00,1,4,near,905,0.45975201804264454,0.1446726245378428
92501,G00,1,4,middle,3398,0.5504080834976578,0.1814591028466472
92501,G00,1,4,far,3889,0.5973579972678489,0.20086588442393238
92501,G00,2,0,middle,84,0.6315024235258335,0.22060028055799547
92501,G00,2,0,far,8108,0.6551550940341057,0.23132003572354512
92501,G00,2,1,middle,1373,0.5420569265060954,0.17922529305020943
92501,G00,2,1,far,6819,0.5859465838008027,0.19793222929403004
92501,G00,2,2,middle,7762,0.6274387616574029,0.2075237203636758
92501,G00,2,2,far,430,0.5976892947877848,0.19334602090912303
92501,G00,2,3,middle,8174,0.6819178102916645,0.22295852009529885
92501,G00,2,3,far,18,0.9040833096005821,0.27744183781918924
92501,G00,2,4,middle,3929,0.55291754172084,0.1829131136867315
92501,G00,2,4,far,4263,0.6059227624063515,0.20408178437210375
92501,G00,3,0,near,13,0.6021329015984489,0.20537418576961672
92501,G00,3,0,middle,300,0.6274910776505306,0.21768650733561282
92501,G00,3,0,far,7879,0.663245216632395,0.23519701642763047
92501,G00,3,1,near,330,0.5058376482508269,0.16407606583678452
92501,G00,3,1,middle,3514,0.5276021095748112,0.17308493925975107
92501,G00,3,1,far,4348,0.5541205817452124,0.1841576823608962
92501,G00,3,2,near,4008,0.4539803003416015,0.1451681764749458
92501,G00,3,2,middle,4183,0.5279056749441505,0.17276330215037466
92501,G00,3,2,far,1,0.10209259920010476,0.009419491392069546
92501,G00,3,3,near,8187,0.3895132932854257,0.12185549602678557
92501,G00,3,3,middle,5,0.48791648622432193,0.15983998193949844
92501,G00,3,4,near,3729,0.45703900515098256,0.14643050273626593
92501,G00,3,4,middle,4459,0.5251698703797467,0.17188039631010074
92501,G00,3,4,far,4,0.2757553090705735,0.07037424154584887
92501,G00,4,0,near,5,0.5977555295459442,0.20257670859028581
92501,G00,4,0,middle,158,0.6562069475346123,0.23160872560699414
92501,G00,4,0,far,8029,0.6748800237207742,0.24089128303644813
92501,G00,4,1,near,166,0.5262504127312535,0.1715191050870537
92501,G00,4,1,middle,2317,0.5503537822925503,0.18210166575462572
92501,G00,4,1,far,5709,0.5712556797389794,0.19142800553570946
92501,G00,4,2,near,2615,0.47817605997272866,0.15497589637439896
92501,G00,4,2,middle,5540,0.5176709494137152,0.16981608933817505
92501,G00,4,2,far,37,0.5343774838127665,0.17454347502724113
92501,G00,4,3,near,8189,0.42727261835837305,0.1358118611225962
92501,G00,4,3,middle,3,0.06761792310878663,0.0046166719182915705
92501,G00,4,4,near,3744,0.4660536347667599,0.15047248782987438
92501,G00,4,4,middle,4446,0.5309520927422656,0.1748780630600051
92501,G00,4,4,far,2,0.12842972888336512,0.014535332938435258
92501,G00,5,0,middle,33,0.6656262241056915,0.2363083487945008
92501,G00,5,0,far,8159,0.6797608192052341,0.24331763046794297
92501,G00,5,1,middle,347,0.59353835584628,0.20194675703146878
92501,G00,5,1,far,7845,0.5999398506649959,0.2046858713878113
92501,G00,5,2,middle,4295,0.5775009056850128,0.19378126178587252
92501,G00,5,2,far,3897,0.5859523277068625,0.19679327492420473
92501,G00,5,3,middle,8186,0.639401403366789,0.2088623066837905
92501,G00,5,3,far,6,0.17982914767068545,0.032693630303099804
92501,G00,5,4,middle,3946,0.5768519341046161,0.1939743498670742
92501,G00,5,4,far,4246,0.5818658109963515,0.19525219299944807
92501,G10,0,0,near,98,0.3598943602001433,0.10108913618486505
92501,G10,0,0,middle,1074,0.5822396958565118,0.19770327189417167
92501,G10,0,0,far,7020,0.6169464439297341,0.213455552162521
92501,G10,0,1,near,1283,0.41969365670295483,0.12934926246021164
92501,G10,0,1,middle,6102,0.47823396945483715,0.15237274395956296
92501,G10,0,1,far,807,0.4976894548451012,0.16009740985297247
92501,G10,0,2,near,7702,0.3323277187964142,0.09820200228395745
92501,G10,0,2,middle,490,0.4303179291106714,0.13226588175002962
92501,G10,0,3,near,8189,0.29611486611384324,0.0851997395673284
92501,G10,0,3,middle,3,0.6247635207356987,0.2256081768916854
92501,G10,0,4,near,3667,0.38587723663016393,0.11701960514497005
92501,G10,0,4,middle,4517,0.44042651359370116,0.13730002077045453
92501,G10,0,4,far,8,0.5826809328866678,0.20219772602944344
92501,G10,1,0,near,13,0.3274040353912359,0.08762634581963707
92501,G10,1,0,middle,93,0.606267528190107,0.20919005840976676
92501,G10,1,0,far,8086,0.6366342770296285,0.2226235366902851
92501,G10,1,1,near,258,0.4121607823759723,0.12657461443386453
92501,G10,1,1,middle,1384,0.5548247888033181,0.1837961041945049
92501,G10,1,1,far,6550,0.5827058657274787,0.19581227822695993
92501,G10,1,2,near,3352,0.45176537288237745,0.1423745191575875
92501,G10,1,2,middle,4253,0.6400883276919328,0.21136298945010498
92501,G10,1,2,far,587,0.6146899476913874,0.20132287923600378
92501,G10,1,3,near,5686,0.4902556218172515,0.15561748741587322
92501,G10,1,3,middle,2471,0.6779246764303392,0.2216370243399214
92501,G10,1,3,far,35,0.5269969335995615,0.1681243445451713
92501,G10,1,4,near,905,0.4633284365625366,0.14543248964704322
92501,G10,1,4,middle,3398,0.5559899583230768,0.18294324797560363
92501,G10,1,4,far,3889,0.6092503189404411,0.204611288590353
92501,G10,2,0,middle,84,0.6435240265411325,0.2258678493490803
92501,G10,2,0,far,8108,0.6559306805806205,0.23157792675903424
92501,G10,2,1,middle,1373,0.5479730961414921,0.18104532886035568
92501,G10,2,1,far,6819,0.5999332586666696,0.20269137433646506
92501,G10,2,2,middle,7762,0.629113284784342,0.20720040781260166
92501,G10,2,2,far,430,0.5977715532503568,0.19362429650652013
92501,G10,2,3,middle,8174,0.6835520579325935,0.2223577318954717
92501,G10,2,3,far,18,0.9183923139613278,0.2773212535289898
92501,G10,2,4,middle,3929,0.560432853570285,0.1850109724860244
92501,G10,2,4,far,4263,0.6227735629160239,0.20932785046697336
92501,G10,3,0,near,13,0.5558863680748365,0.183829454694387
92501,G10,3,0,middle,300,0.6003685495452602,0.2052381215292458
92501,G10,3,0,far,7879,0.6525702268328673,0.23014399859329837
92501,G10,3,1,near,330,0.49502479680925693,0.15970160088792282
92501,G10,3,1,middle,3514,0.5263604635233048,0.17260265089397375
92501,G10,3,1,far,4348,0.5584067452105992,0.18599885678092384
92501,G10,3,2,near,4008,0.444556392956944,0.1411973510677382
92501,G10,3,2,middle,4183,0.528948207824603,0.172786792890394
92501,G10,3,2,far,1,0.09911438342465348,0.00890397718496061
92501,G10,3,3,near,8187,0.3861866381776333,0.1202759339290939
92501,G10,3,3,middle,5,0.4919722353497387,0.16151969956327425
92501,G10,3,4,near,3729,0.4477388400988027,0.14246582236368746
92501,G10,3,4,middle,4459,0.5244976178751756,0.17134324778485163
92501,G10,3,4,far,4,0.34700499230613574,0.10620624574706472
92501,G10,4,0,near,5,0.5164991808135962,0.16326943540979927
92501,G10,4,0,middle,158,0.6232619243270014,0.21558343697978619
92501,G10,4,0,far,8029,0.6602902366818963,0.2337185121018129
92501,G10,4,1,near,166,0.5038267203928871,0.16316572515748098
92501,G10,4,1,middle,2317,0.5307450663390908,0.17428083707515277
92501,G10,4,1,far,5709,0.558975614812121,0.1864195450053367
92501,G10,4,2,near,2615,0.4739982349864744,0.15309466058953566
92501,G10,4,2,middle,5540,0.5203694691547927,0.1706533562299131
92501,G10,4,2,far,37,0.5301274194944319,0.17215611416028678
92501,G10,4,3,near,8189,0.4188134545072132,0.13195110235830546
92501,G10,4,3,middle,3,0.055411626580098766,0.00320086113466637
92501,G10,4,4,near,3744,0.4558347135795847,0.1461751254276737
92501,G10,4,4,middle,4446,0.5316102940823315,0.17455962234120237
92501,G10,4,4,far,2,0.11853567173580515,0.012515878703816985
92501,G10,5,0,middle,33,0.651239603432128,0.22930696318731356
92501,G10,5,0,far,8159,0.6719397366529971,0.2394449673426912
92501,G10,5,1,middle,347,0.5793361861217806,0.19578624158126326
92501,G10,5,1,far,7845,0.58630755456349,0.19867860435156537
92501,G10,5,2,middle,4295,0.5949273037084084,0.19801367081219545
92501,G10,5,2,far,3897,0.6057790451302235,0.20184919926508046
92501,G10,5,3,middle,8186,0.6475796314978822,0.20953310776925538
92501,G10,5,3,far,6,0.18421245383298535,0.03484671699755306
92501,G10,5,4,middle,3946,0.5937598417432142,0.19826218937949608
92501,G10,5,4,far,4246,0.600557287019252,0.20004153391808624
92501,G01,0,0,near,98,0.38409030479793727,0.10991384229292821
92501,G01,0,0,middle,1074,0.5833579859621446,0.198118852830202
92501,G01,0,0,far,7020,0.6168814749437294,0.21343163981442645
92501,G01,0,1,near,1283,0.4205549896167626,0.1297795832931972
92501,G01,0,1,middle,6102,0.4778503110902353,0.15225442024715696
92501,G01,0,1,far,807,0.4963226073325224,0.15936277989386247
92501,G01,0,2,near,7702,0.33227675079026364,0.09808131926136311
92501,G01,0,2,middle,490,0.4317248812990695,0.13259950196555828
92501,G01,0,3,near,8189,0.29594225482958125,0.08519880054712968
92501,G01,0,3,middle,3,0.6855327279327694,0.24264873843707022
92501,G01,0,4,near,3667,0.38504751594667036,0.11658853398171148
92501,G01,0,4,middle,4517,0.44069184995853683,0.13729414557310396
92501,G01,0,4,far,8,0.5927031319845193,0.20600719496366418
92501,G01,1,0,near,13,0.3465729594284141,0.09279102278862854
92501,G01,1,0,middle,93,0.6113561846185165,0.21183661010515423
92501,G01,1,0,far,8086,0.6371333590536898,0.2229310887560118
92501,G01,1,1,near,258,0.3907896201999336,0.11783557821714
92501,G01,1,1,middle,1384,0.5192973902009923,0.16905286154355173
92501,G01,1,1,far,6550,0.5475900342280937,0.18169490935013208
92501,G01,1,2,near,3352,0.37667217232787664,0.11366156762478553
92501,G01,1,2,middle,4253,0.47756840806994616,0.15235767509425044
92501,G01,1,2,far,587,0.5019910068425669,0.16217927746852662
92501,G01,1,3,near,5686,0.3684064977884602,0.11056744657665103
92501,G01,1,3,middle,2471,0.46270552691612776,0.1464846614922516
92501,G01,1,3,far,35,0.41579354738509,0.12440096788428544
92501,G01,1,4,near,905,0.41869539504843895,0.12910659694329737
92501,G01,1,4,middle,3398,0.4900828852476298,0.1570934616140277
92501,G01,1,4,far,3889,0.527001813968219,0.17261617707418156
92501,G01,2,0,middle,84,0.6428016299525213,0.225115047448157
92501,G01,2,0,far,8108,0.6536502556376387,0.23058241161231172
92501,G01,2,1,middle,1373,0.5206497054688279,0.1706015187679369
92501,G01,2,1,far,6819,0.5610103621718481,0.18760770069652696
92501,G01,2,2,middle,7762,0.47272935498421564,0.15011106523812037
92501,G01,2,2,far,430,0.4700376692395537,0.14787824429220467
92501,G01,2,3,middle,8174,0.45120342263053403,0.14087320684774604
92501,G01,2,3,far,18,0.6831054943429269,0.23993556871940822
92501,G01,2,4,middle,3929,0.49983498815637534,0.16127040519648939
92501,G01,2,4,far,4263,0.5318791893521355,0.17481400970302605
92501,G01,3,0,near,13,0.6024124930223665,0.20580672573650086
92501,G01,3,0,middle,300,0.6214430502099015,0.21489847708160562
92501,G01,3,0,far,7879,0.6582575183981423,0.2328199879785958
92501,G01,3,1,near,330,0.4998775756199458,0.16197680535784237
92501,G01,3,1,middle,3514,0.520161231233603,0.17005267200483207
92501,G01,3,1,far,4348,0.5432265025938374,0.17949157610677127
92501,G01,3,2,near,4008,0.40774897838369467,0.12568312319393188
92501,G01,3,2,middle,4183,0.4574041601890444,0.14439702376354338
92501,G01,3,2,far,1,0.34109304120593065,0.08352518852621316
92501,G01,3,3,near,8187,0.3181583098368459,0.09351383369285413
92501,G01,3,3,middle,5,0.4678152517160378,0.15359932989173247
92501,G01,3,4,near,3729,0.41321309989601984,0.12782078626191995
92501,G01,3,4,middle,4459,0.45922668565652164,0.1451686336090647
92501,G01,3,4,far,4,0.21370481067268698,0.03777631614870619
92501,G01,4,0,near,5,0.5981150381201598,0.20286001180726032
92501,G01,4,0,middle,158,0.6477612163612031,0.2275017393341087
92501,G01,4,0,far,8029,0.6661893938790607,0.23660431204965063
92501,G01,4,1,near,166,0.5193255733655403,0.16921340835722576
92501,G01,4,1,middle,2317,0.5368211550718268,0.17669886536371832
92501,G01,4,1,far,5709,0.5569347060110263,0.1853188418761499
92501,G01,4,2,near,2615,0.4342093893134693,0.13609069282039363
92501,G01,4,2,middle,5540,0.4658102139829407,0.14808405018329565
92501,G01,4,2,far,37,0.46905109250452687,0.14850040985699406
92501,G01,4,3,near,8189,0.32267977446056234,0.09498410059877875
92501,G01,4,3,middle,3,0.10863688302732422,0.010832847232802848
92501,G01,4,4,near,3744,0.41175423737192274,0.12713629289713438
92501,G01,4,4,middle,4446,0.45951259310638437,0.14551230556781755
92501,G01,4,4,far,2,0.17408592694670322,0.025671392104150148
92501,G01,5,0,middle,33,0.6533791441110055,0.2303755902339509
92501,G01,5,0,far,8159,0.6685459091440527,0.23776874854067206
92501,G01,5,1,middle,347,0.5781597645209028,0.19545199662476676
92501,G01,5,1,far,7845,0.5795669661752378,0.19570790609890357
92501,G01,5,2,middle,4295,0.5304344508977407,0.17486214868158306
92501,G01,5,2,far,3897,0.5567820609289521,0.18552711439695965
92501,G01,5,3,middle,8186,0.5081419047922658,0.16513704923036138
92501,G01,5,3,far,6,0.22412570893662653,0.04614688440174027
92501,G01,5,4,middle,3946,0.534071607379391,0.17643659505066472
92501,G01,5,4,far,4246,0.5564918091228749,0.185421556509796
92501,G11,0,0,near,98,0.3795002187464477,0.10882221763819838
92501,G11,0,0,middle,1074,0.583912822775095,0.19831492475792226
92501,G11,0,0,far,7020,0.618671758122152,0.21421456589706198
92501,G11,0,1,near,1283,0.41692263297227194,0.1284815521969317
92501,G11,0,1,middle,6102,0.4771286036512714,0.15195583705938973
92501,G11,0,1,far,807,0.4961305125091803,0.15928907690080918
92501,G11,0,2,near,7702,0.3329689439738642,0.0983459701978603
92501,G11,0,2,middle,490,0.4326668704805339,0.1333645305383989
92501,G11,0,3,near,8189,0.29686076701041025,0.08555889508118769
92501,G11,0,3,middle,3,0.6291606703221218,0.2273197621816733
92501,G11,0,4,near,3667,0.3851845159554209,0.11673199432243164
92501,G11,0,4,middle,4517,0.440870287075269,0.13742535051544205
92501,G11,0,4,far,8,0.5886651894315538,0.20575286256976089
92501,G11,1,0,near,13,0.33820898608509614,0.0901455238502194
92501,G11,1,0,middle,93,0.61429636536358,0.21270046663703537
92501,G11,1,0,far,8086,0.6357701278821632,0.22223035748909004
92501,G11,1,1,near,258,0.38792677079220483,0.11684573643455545
92501,G11,1,1,middle,1384,0.5175462644065538,0.1682998058411646
92501,G11,1,1,far,6550,0.5481298867668565,0.1819337599697863
92501,G11,1,2,near,3352,0.3756891928899915,0.11331238808623474
92501,G11,1,2,middle,4253,0.4782252218502344,0.15258790837421565
92501,G11,1,2,far,587,0.5019264648135909,0.16211383774794527
92501,G11,1,3,near,5686,0.3691774656119419,0.11086926504084434
92501,G11,1,3,middle,2471,0.46344094947772,0.14666088983888656
92501,G11,1,3,far,35,0.4144561626220766,0.12380886900114331
92501,G11,1,4,near,905,0.4196847862641887,0.12937682651320712
92501,G11,1,4,middle,3398,0.4896686740582618,0.15692946018224146
92501,G11,1,4,far,3889,0.5287806689586735,0.17342949489054704
92501,G11,2,0,middle,84,0.6499336749656781,0.22779277493231329
92501,G11,2,0,far,8108,0.6548421768445042,0.2310637740856103
92501,G11,2,1,middle,1373,0.5209034676332142,0.1708586392088568
92501,G11,2,1,far,6819,0.5628660392548382,0.18840233445438018
92501,G11,2,2,middle,7762,0.47251388514981546,0.1500949630721351
92501,G11,2,2,far,430,0.46921393349101637,0.14757304771958474
92501,G11,2,3,middle,8174,0.4493853524275242,0.140435695520918
92501,G11,2,3,far,18,0.6797569850095958,0.2383151571951178
92501,G11,2,4,middle,3929,0.500456197957018,0.16152714571038018
92501,G11,2,4,far,4263,0.5361363014666192,0.176660220017263
92501,G11,3,0,near,13,0.563071887834247,0.18745087708913688
92501,G11,3,0,middle,300,0.5983633282375719,0.20429642060836833
92501,G11,3,0,far,7879,0.6509550635623621,0.22936853433210203
92501,G11,3,1,near,330,0.45670862271189794,0.14281718489294576
92501,G11,3,1,middle,3514,0.5081783382356447,0.1647506902072469
92501,G11,3,1,far,4348,0.538545516636455,0.17726342668948072
92501,G11,3,2,near,4008,0.38749950266091426,0.11757754184967283
92501,G11,3,2,middle,4183,0.45020430005581097,0.14107745872893182
92501,G11,3,2,far,1,0.44329293953785665,0.12822190512906673
92501,G11,3,3,near,8187,0.3052653219389223,0.08882693192360237
92501,G11,3,3,middle,5,0.46189560678494007,0.1530735367811249
92501,G11,3,4,near,3729,0.3935418212237648,0.1199623984363818
92501,G11,3,4,middle,4459,0.452499958616639,0.14210299005060226
92501,G11,3,4,far,4,0.22631852835063976,0.04373599604937978
92501,G11,4,0,near,5,0.5073257943704743,0.15878879824422115
92501,G11,4,0,middle,158,0.61559930749133,0.21195728955593776
92501,G11,4,0,far,8029,0.6563721960433178,0.23180374627737957
92501,G11,4,1,near,166,0.470089809434726,0.14871063230247764
92501,G11,4,1,middle,2317,0.5119142994890995,0.1664521917968621
92501,G11,4,1,far,5709,0.5464314323952757,0.18092997991098503
92501,G11,4,2,near,2615,0.3970659834681296,0.12126800330484046
92501,G11,4,2,middle,5540,0.44729498621579605,0.14056113860660688
92501,G11,4,2,far,37,0.444403947022058,0.1387042356808268
92501,G11,4,3,near,8189,0.3013759718569042,0.08784570397749006
92501,G11,4,3,middle,3,0.10535869346345365,0.010266299694887404
92501,G11,4,4,near,3744,0.37673262059075785,0.11342641193643578
92501,G11,4,4,middle,4446,0.443802043838328,0.13911629830520733
92501,G11,4,4,far,2,0.15738405149657403,0.02139652136219361
92501,G11,5,0,middle,33,0.6291858564081272,0.218975773069157
92501,G11,5,0,far,8159,0.6602861900149756,0.2337126549076037
92501,G11,5,1,middle,347,0.5661527784530904,0.19008991885967677
92501,G11,5,1,far,7845,0.5812865282436877,0.1965674198491488
92501,G11,5,2,middle,4295,0.5429724987092378,0.17924091738268486
92501,G11,5,2,far,3897,0.5850643037755093,0.19661469090340214
92501,G11,5,3,middle,8186,0.5369376624289569,0.1749094315137665
92501,G11,5,3,far,6,0.3111403276033366,0.08769682606843898
92501,G11,5,4,middle,3946,0.5440095264952158,0.17975543367641822
92501,G11,5,4,far,4246,0.5865409378544738,0.19720433136667115
92501,G11S,0,0,near,98,0.39554762559774415,0.11423084398896848
92501,G11S,0,0,middle,1074,0.584906274070976,0.19885439418690828
92501,G11S,0,0,far,7020,0.6196319232016129,0.2146962852853054
92501,G11S,0,1,near,1283,0.4198497115850972,0.12928509927475657
92501,G11S,0,1,middle,6102,0.47709831190475416,0.15188828525537218
92501,G11S,0,1,far,807,0.49557031345590424,0.15920388183100526
92501,G11S,0,2,near,7702,0.3333437089889516,0.09843653264335342
92501,G11S,0,2,middle,490,0.4333134762127185,0.13304660529346818
92501,G11S,0,3,near,8189,0.29685731528291104,0.08546840109759699
92501,G11S,0,3,middle,3,0.7111974032743557,0.25036787592560833
92501,G11S,0,4,near,3667,0.3867902444128473,0.1173095806706237
92501,G11S,0,4,middle,4517,0.4410529807044419,0.13744431905312676
92501,G11S,0,4,far,8,0.6052392775508922,0.21186460958794512
92501,G11S,1,0,near,13,0.3728895324769414,0.1027346244024572
92501,G11S,1,0,middle,93,0.5906781908709535,0.2027106254499318
92501,G11S,1,0,far,8086,0.6364020244787763,0.22254185303012408
92501,G11S,1,1,near,258,0.4086794665956225,0.12399773351691033
92501,G11S,1,1,middle,1384,0.518318646041924,0.16871165257089613
92501,G11S,1,1,far,6550,0.54953277543008,0.18256739398332414
92501,G11S,1,2,near,3352,0.39559753187161173,0.12052161027485818
92501,G11S,1,2,middle,4253,0.489549295989994,0.15693846433029396
92501,G11S,1,2,far,587,0.5040913738087907,0.16246936800931056
92501,G11S,1,3,near,5686,0.3923607252603824,0.11959031984161339
92501,G11S,1,3,middle,2471,0.4807150620745867,0.15272188439769957
92501,G11S,1,3,far,35,0.4180682579230382,0.12242449802273454
92501,G11S,1,4,near,905,0.4268127746766826,0.13174390309672798
92501,G11S,1,4,middle,3398,0.4972497546384566,0.15982101455500064
92501,G11S,1,4,far,3889,0.5297861069515014,0.1736855424038242
92501,G11S,2,0,middle,84,0.6477705492824596,0.22700833956552188
92501,G11S,2,0,far,8108,0.6551429313178139,0.23119603383188328
92501,G11S,2,1,middle,1373,0.5194722518520348,0.17016009436461227
92501,G11S,2,1,far,6819,0.5623443245872913,0.18813368345904918
92501,G11S,2,2,middle,7762,0.4757440515012599,0.15126643854929708
92501,G11S,2,2,far,430,0.47518083723879473,0.1501362668090133
92501,G11S,2,3,middle,8174,0.4559013566116638,0.14277829985022508
92501,G11S,2,3,far,18,0.7069976145112533,0.2514850567448898
92501,G11S,2,4,middle,3929,0.5006305990867137,0.16164182479518896
92501,G11S,2,4,far,4263,0.5362789310324977,0.17666967446207182
92501,G11S,3,0,near,13,0.5795445313961242,0.19515061252813556
92501,G11S,3,0,middle,300,0.6068157271938285,0.20813290648217633
92501,G11S,3,0,far,7879,0.6519719134615116,0.22985100975075543
92501,G11S,3,1,near,330,0.4951796399545456,0.1598236910074159
92501,G11S,3,1,middle,3514,0.5159071072955985,0.16811916190622692
92501,G11S,3,1,far,4348,0.541384362976954,0.1786265865653471
92501,G11S,3,2,near,4008,0.3984399988850737,0.12153897494208396
92501,G11S,3,2,middle,4183,0.45149931164873125,0.14171461695076215
92501,G11S,3,2,far,1,0.34781163634198237,0.08629970121390684
92501,G11S,3,3,near,8187,0.3172884354376267,0.09305023584059001
92501,G11S,3,3,middle,5,0.46564235260818715,0.15342671733414445
92501,G11S,3,4,near,3729,0.4054980565294371,0.12441361637116877
92501,G11S,3,4,middle,4459,0.4541312709899822,0.1428568856872509
92501,G11S,3,4,far,4,0.20917236126791408,0.036569169485148656
92501,G11S,4,0,near,5,0.558732554623786,0.18367192796959203
92501,G11S,4,0,middle,158,0.6294763936616965,0.21862863498938925
92501,G11S,4,0,far,8029,0.6580857467513141,0.23264079471582977
92501,G11S,4,1,near,166,0.5051290590540544,0.16373132024477355
92501,G11S,4,1,middle,2317,0.5254186447193393,0.17206541594874744
92501,G11S,4,1,far,5709,0.5508153657388778,0.18278492361248877
92501,G11S,4,2,near,2615,0.4185723252910669,0.12978259392832694
92501,G11S,4,2,middle,5540,0.4560180302086185,0.14401962076521624
92501,G11S,4,2,far,37,0.4593673759848505,0.1451617533373951
92501,G11S,4,3,near,8189,0.3186194829735995,0.09352817892033143
92501,G11S,4,3,middle,3,0.0943711975712377,0.00872986924518697
92501,G11S,4,4,near,3744,0.39605870235606566,0.12083790831068751
92501,G11S,4,4,middle,4446,0.45063016905628467,0.14175637876248498
92501,G11S,4,4,far,2,0.15258156220353997,0.020120689205473496
92501,G11S,5,0,middle,33,0.6342706267478819,0.22126473572742386
92501,G11S,5,0,far,8159,0.6598728346641699,0.23351612761239784
92501,G11S,5,1,middle,347,0.5742631886791839,0.1938515329699273
92501,G11S,5,1,far,7845,0.5818214867949828,0.1968098469802989
92501,G11S,5,2,middle,4295,0.54335502545883,0.17964145291130493
92501,G11S,5,2,far,3897,0.5821722951788658,0.1955549552212461
92501,G11S,5,3,middle,8186,0.5272546619418537,0.17187445998562834
92501,G11S,5,3,far,6,0.22849982254265347,0.05041794252254576
92501,G11S,5,4,middle,3946,0.5460054908909696,0.1809101213435553
92501,G11S,5,4,far,4246,0.580803149503324,0.1949571542483987
92502,G00,0,0,near,98,0.3905384582595053,0.11231528995626262
92502,G00,0,0,middle,1074,0.5828221049007198,0.19789260771688003
92502,G00,0,0,far,7020,0.6179772400558938,0.21397266055523032
92502,G00,0,1,near,1283,0.41967636793461854,0.1294817665158735
92502,G00,0,1,middle,6102,0.4771989647258541,0.15197461761690167
92502,G00,0,1,far,807,0.4953308414589325,0.15918937797406651
92502,G00,0,2,near,7702,0.332215653875754,0.09810169471935527
92502,G00,0,2,middle,490,0.4297733090070438,0.13226633112812783
92502,G00,0,3,near,8189,0.29604998366873597,0.0851751533091552
92502,G00,0,3,middle,3,0.6674367104379647,0.23834643627681418
92502,G00,0,4,near,3667,0.3856226773789903,0.1169104184455094
92502,G00,0,4,middle,4517,0.44029658221853873,0.13711959236744742
92502,G00,0,4,far,8,0.604023735887111,0.21171443696766015
92502,G00,1,0,near,13,0.3966762848708714,0.111838188790028
92502,G00,1,0,middle,93,0.607808414610011,0.20954723593950156
92502,G00,1,0,far,8086,0.6414772452732038,0.22477205255168392
92502,G00,1,1,near,258,0.41671917651961765,0.12717421591289077
92502,G00,1,1,middle,1384,0.546069232920059,0.1806810073709674
92502,G00,1,1,far,6550,0.5693271478946509,0.1907725656539337
92502,G00,1,2,near,3352,0.452614517241062,0.14278344276105084
92502,G00,1,2,middle,4253,0.6352068959728612,0.2098515530461856
92502,G00,1,2,far,587,0.6082019896993915,0.19954783685190441
92502,G00,1,3,near,5686,0.4954836467658319,0.15810607402891969
92502,G00,1,3,middle,2471,0.6797979918729178,0.2231646930234322
92502,G00,1,3,far,35,0.5184555864610528,0.16357200272750846
92502,G00,1,4,near,905,0.45803860574750155,0.14404096700249844
92502,G00,1,4,middle,3398,0.5470272065561497,0.1800577056556985
92502,G00,1,4,far,3889,0.5931774020354047,0.19905358321575523
92502,G00,2,0,middle,84,0.6317938003721325,0.22050718593101545
92502,G00,2,0,far,8108,0.6533866786642676,0.230487582474297
92502,G00,2,1,middle,1373,0.5417584781504663,0.17908600794179536
92502,G00,2,1,far,6819,0.5855600770488213,0.19757069843332978
92502,G00,2,2,middle,7762,0.6223444050170395,0.2053062636537752
92502,G00,2,2,far,430,0.5954794871521089,0.1929207919608026
92502,G00,2,3,middle,8174,0.6841140642640616,0.22353762118368664
92502,G00,2,3,far,18,0.9107965634127415,0.27617062495928213
92502,G00,2,4,middle,3929,0.5502318701074662,0.18150459676465855
92502,G00,2,4,far,4263,0.6044456152025074,0.20308255332509365
92502,G00,3,0,near,13,0.6014323641837875,0.2048280338583788
92502,G00,3,0,middle,300,0.629090948331495,0.21846982341159002
92502,G00,3,0,far,7879,0.6622906365275114,0.23470788766477707
92502,G00,3,1,near,330,0.5044282739475904,0.16362982781942512
92502,G00,3,1,middle,3514,0.5266226977110173,0.17281549176246244
92502,G00,3,1,far,4348,0.5535029480185862,0.18389649121669233
92502,G00,3,2,near,4008,0.4473283946829695,0.1422166527367096
92502,G00,3,2,middle,4183,0.5231467977651325,0.1707601042928516
92502,G00,3,2,far,1,0.1054121346124371,0.010009293330174529
92502,G00,3,3,near,8187,0.39860330286812534,0.1254712716358998
92502,G00,3,3,middle,5,0.466515178750463,0.15506194849051638
92502,G00,3,4,near,3729,0.4519963844224334,0.14415440993117
92502,G00,3,4,middle,4459,0.5216082689336233,0.17028484041394773
92502,G00,3,4,far,4,0.28690121798004775,0.07555338974839398
92502,G00,4,0,near,5,0.601434204226049,0.2044484636494211
92502,G00,4,0,middle,158,0.6602496397296344,0.2336098117227034
92502,G00,4,0,far,8029,0.6751148879647605,0.2410089319755656
92502,G00,4,1,near,166,0.5295974371868334,0.17325556876891013
92502,G00,4,1,middle,2317,0.5477224344835244,0.18105355200627807
92502,G00,4,1,far,5709,0.5678728758385113,0.18996544362922316
92502,G00,4,2,near,2615,0.4761447249359688,0.15384217915093565
92502,G00,4,2,middle,5540,0.517086458692147,0.16947255074231377
92502,G00,4,2,far,37,0.5297570492719736,0.17355178680747485
92502,G00,4,3,near,8189,0.43725893004067745,0.1395103394313844
92502,G00,4,3,middle,3,0.06069213174666918,0.0036159922451119617
92502,G00,4,4,near,3744,0.4632361703666963,0.14900822150963897
92502,G00,4,4,middle,4446,0.5293600359557559,0.17400890569737867
92502,G00,4,4,far,2,0.1253877758570104,0.013890822669163083
92502,G00,5,0,middle,33,0.6756506403627187,0.24126091209002845
92502,G00,5,0,far,8159,0.6815826528679156,0.2442285214701729
92502,G00,5,1,middle,347,0.5916622857603432,0.20119627508037521
92502,G00,5,1,far,7845,0.5945533269415146,0.2023086794800774
92502,G00,5,2,middle,4295,0.5820586085068686,0.1949084738049831
92502,G00,5,2,far,3897,0.5905742903261515,0.1979197780718303
92502,G00,5,3,middle,8186,0.6446804277934508,0.20967009593651037
92502,G00,5,3,far,6,0.1555097233408323,0.02548020759652093
92502,G00,5,4,middle,3946,0.5822712134766977,0.19544751390558368
92502,G00,5,4,far,4246,0.5867934327640609,0.19650446059600254
92502,G10,0,0,near,98,0.3846574635489056,0.11086338305830168
92502,G10,0,0,middle,1074,0.5824128633791754,0.19767353409577387
92502,G10,0,0,far,7020,0.6180348197521472,0.21389113325645828
92502,G10,0,1,near,1283,0.4213670397783698,0.13022832007396037
92502,G10,0,1,middle,6102,0.4788088059812027,0.15262016062776465
92502,G10,0,1,far,807,0.49761506768856745,0.1598219592746425
92502,G10,0,2,near,7702,0.33244007106966833,0.09822188392451604
92502,G10,0,2,middle,490,0.4290201252235876,0.1317998223217306
92502,G10,0,3,near,8189,0.2964534845400996,0.08540492367019983
92502,G10,0,3,middle,3,0.6536577415448893,0.23446173054121955
92502,G10,0,4,near,3667,0.3865578296925558,0.11737489754910245
92502,G10,0,4,middle,4517,0.4411745312672309,0.1375383757588629
92502,G10,0,4,far,8,0.616566991050769,0.21747857962813336
92502,G10,1,0,near,13,0.33435321151689384,0.08978484200781252
92502,G10,1,0,middle,93,0.6031233175962342,0.20785784087142634
92502,G10,1,0,far,8086,0.6376112978297788,0.2231427807107284
92502,G10,1,1,near,258,0.41736798416921556,0.1282484356288655
92502,G10,1,1,middle,1384,0.5625815665302055,0.18706934689572
92502,G10,1,1,far,6550,0.5867586137152687,0.19756313568505027
92502,G10,1,2,near,3352,0.45841883175885884,0.14534009523773028
92502,G10,1,2,middle,4253,0.6459689259467561,0.2134584568029582
92502,G10,1,2,far,587,0.6139946889842111,0.20128536554241322
92502,G10,1,3,near,5686,0.5000548530726969,0.15954969022679277
92502,G10,1,3,middle,2471,0.6801825277018405,0.22249363468667813
92502,G10,1,3,far,35,0.5249665604764167,0.1690453266890665
92502,G10,1,4,near,905,0.46794347107606915,0.1471544604295655
92502,G10,1,4,middle,3398,0.5657666854713309,0.18681329863335727
92502,G10,1,4,far,3889,0.6148362021819795,0.20646376566317548
92502,G10,2,0,middle,84,0.6430844058106748,0.22499647697911807
92502,G10,2,0,far,8108,0.6569721730172063,0.2320676329944176
92502,G10,2,1,middle,1373,0.5538338446517711,0.183333549865059
92502,G10,2,1,far,6819,0.605897547207103,0.20506812911634428
92502,G10,2,2,middle,7762,0.6344628673412457,0.2095643904184617
92502,G10,2,2,far,430,0.6020980204322112,0.19485709187303343
92502,G10,2,3,middle,8174,0.6828145823955034,0.22258757602389212
92502,G10,2,3,far,18,0.8937678010832906,0.27743164167446616
92502,G10,2,4,middle,3929,0.570083251232928,0.18875241377040472
92502,G10,2,4,far,4263,0.6285489748139403,0.21095097825567893
92502,G10,3,0,near,13,0.5750176458740357,0.1930742144495847
92502,G10,3,0,middle,300,0.6021796739854876,0.20611009207022576
92502,G10,3,0,far,7879,0.6530519435850641,0.2303695747003436
92502,G10,3,1,near,330,0.48455143936267703,0.15464860685649082
92502,G10,3,1,middle,3514,0.5262285904969047,0.17241549292162262
92502,G10,3,1,far,4348,0.5640759045605628,0.18837928728344724
92502,G10,3,2,near,4008,0.45341410074255867,0.1447809002262658
92502,G10,3,2,middle,4183,0.5441954140081311,0.17851861270871153
92502,G10,3,2,far,1,0.08660055780351522,0.0068818093819942305
92502,G10,3,3,near,8187,0.4039228014095164,0.12734926185324877
92502,G10,3,3,middle,5,0.46919199642693454,0.1558571912711717
92502,G10,3,4,near,3729,0.45539621612547965,0.14562260678735
92502,G10,3,4,middle,4459,0.5410249451298803,0.17756441100576742
92502,G10,3,4,far,4,0.2945470124360308,0.0829417799864931
92502,G10,4,0,near,5,0.5046666964905849,0.1577965236081738
92502,G10,4,0,middle,158,0.6263157319575424,0.2170763975124797
92502,G10,4,0,far,8029,0.6570969313086571,0.23216430266122925
92502,G10,4,1,near,166,0.4956968587798036,0.15982423145987187
92502,G10,4,1,middle,2317,0.530660482945977,0.17433046915402478
92502,G10,4,1,far,5709,0.5606883349510474,0.18725019639792134
92502,G10,4,2,near,2615,0.4699182646482459,0.15116217992687456
92502,G10,4,2,middle,5540,0.5288021951738152,0.173873751136168
92502,G10,4,2,far,37,0.5451071741949232,0.17893125964825082
92502,G10,4,3,near,8189,0.43892469384498806,0.13987352166529213
92502,G10,4,3,middle,3,0.059295980225229715,0.003689566575138382
92502,G10,4,4,near,3744,0.4620814735674804,0.1486282908730533
92502,G10,4,4,middle,4446,0.5477869594793298,0.18041564286792153
92502,G10,4,4,far,2,0.11683166360610092,0.012240222290574199
92502,G10,5,0,middle,33,0.6501582957537607,0.2287383103931275
92502,G10,5,0,far,8159,0.664869482044941,0.2359507683812398
92502,G10,5,1,middle,347,0.5834312579577527,0.19761315604217003
92502,G10,5,1,far,7845,0.5883384395511411,0.19968801895787996
92502,G10,5,2,middle,4295,0.6047911242683647,0.2015632976164886
92502,G10,5,2,far,3897,0.6149521746288652,0.2049270138889761
92502,G10,5,3,middle,8186,0.655603411793791,0.21175843451829168
92502,G10,5,3,far,6,0.16696212327519264,0.028976439737834942
92502,G10,5,4,middle,3946,0.6044310146439367,0.20223814091087858
92502,G10,5,4,far,4246,0.6101343687069373,0.20321625578755723
92502,G01,0,0,near,98,0.3940976284840694,0.11378510283506933
92502,G01,0,0,middle,1074,0.5833579817969502,0.19830650638492756
92502,G01,0,0,far,7020,0.6188983628103343,0.21442057601432218
92502,G01,0,1,near,1283,0.41814014981253084,0.12887581442778226
92502,G01,0,1,middle,6102,0.47736418361338806,0.15212022684085108
92502,G01,0,1,far,807,0.4980548485970114,0.16016397675147018
92502,G01,0,2,near,7702,0.3321084167260953,0.09807004773657775
92502,G01,0,2,middle,490,0.4301442822202292,0.13234521820581815
92502,G01,0,3,near,8189,0.2961742234350115,0.08532086950096628
92502,G01,0,3,middle,3,0.6903079088640528,0.2442693565913933
92502,G01,0,4,near,3667,0.3848757025984264,0.11652102900445668
92502,G01,0,4,middle,4517,0.4400648855875906,0.13706782302110004
92502,G01,0,4,far,8,0.5701105236383903,0.1971496901257164
92502,G01,1,0,near,13,0.33576353033712747,0.08885988359789312
92502,G01,1,0,middle,93,0.6113408156843044,0.2117812726769331
92502,G01,1,0,far,8086,0.6359944753057224,0.22242498950475267
92502,G01,1,1,near,258,0.38848535622368596,0.11704781393024126
92502,G01,1,1,middle,1384,0.5185314954165287,0.1687634545269816
92502,G01,1,1,far,6550,0.5473238710581566,0.18154804932483312
92502,G01,1,2,near,3352,0.3769899899707296,0.113775666787457
92502,G01,1,2,middle,4253,0.47660479183124477,0.1519824681521658
92502,G01,1,2,far,587,0.4998651950689225,0.16118787805352627
92502,G01,1,3,near,5686,0.3691749679187845,0.11085860596839535
92502,G01,1,3,middle,2471,0.4617911274357579,0.14595510970021747
92502,G01,1,3,far,35,0.4101792657106144,0.12177422932936453
92502,G01,1,4,near,905,0.4178935283241476,0.12868656567149062
92502,G01,1,4,middle,3398,0.4897725733445828,0.157066643654232
92502,G01,1,4,far,3889,0.527946422555018,0.173040596210826
92502,G01,2,0,middle,84,0.6489381527315734,0.22745423388904717
92502,G01,2,0,far,8108,0.6537402193705136,0.23060867920989753
92502,G01,2,1,middle,1373,0.521673794714602,0.1709238794565698
92502,G01,2,1,far,6819,0.5610159417276311,0.18762308236439396
92502,G01,2,2,middle,7762,0.47322873997098713,0.15020828525860985
92502,G01,2,2,far,430,0.46953235796483533,0.1475925501663925
92502,G01,2,3,middle,8174,0.45161072335923963,0.14089503795331326
92502,G01,2,3,far,18,0.6862924095003985,0.23859134827210912
92502,G01,2,4,middle,3929,0.5006872586666588,0.16136494919979885
92502,G01,2,4,far,4263,0.5325538876611137,0.17508334888202318
92502,G01,3,0,near,13,0.5910566293970642,0.20015862537865928
92502,G01,3,0,middle,300,0.6217734323023196,0.215049721924564
92502,G01,3,0,far,7879,0.6577891447751746,0.23256510003060812
92502,G01,3,1,near,330,0.48674947931951473,0.15588411157485865
92502,G01,3,1,middle,3514,0.516871948011954,0.1685203651028482
92502,G01,3,1,far,4348,0.5422189260857473,0.1789728388174152
92502,G01,3,2,near,4008,0.4049245774771661,0.12444161888825486
92502,G01,3,2,middle,4183,0.4573621945334308,0.1442173979075659
92502,G01,3,2,far,1,0.335215714078589,0.0811202709163048
92502,G01,3,3,near,8187,0.31626999974031644,0.09296375128236524
92502,G01,3,3,middle,5,0.4861531337636483,0.15848193642082312
92502,G01,3,4,near,3729,0.4121437760939671,0.1273467051403937
92502,G01,3,4,middle,4459,0.45979535406189154,0.14522264623301354
92502,G01,3,4,far,4,0.2147947778301664,0.03830125379589
92502,G01,4,0,near,5,0.5778620103611798,0.19295243684215838
92502,G01,4,0,middle,158,0.6453688268331473,0.22629598362330933
92502,G01,4,0,far,8029,0.6649039579618866,0.23595892568721102
92502,G01,4,1,near,166,0.5108368415897006,0.16569128222188
92502,G01,4,1,middle,2317,0.5328988567280531,0.17498299487808103
92502,G01,4,1,far,5709,0.5566902242085553,0.18517866955025591
92502,G01,4,2,near,2615,0.43147843515190903,0.1350422513433969
92502,G01,4,2,middle,5540,0.4653560795993341,0.14793850491711238
92502,G01,4,2,far,37,0.46847568219586944,0.1483079229162523
92502,G01,4,3,near,8189,0.31617450691695276,0.09285968537204206
92502,G01,4,3,middle,3,0.11167511713932383,0.011270024244160737
92502,G01,4,4,near,3744,0.40983193757575453,0.12650535650742883
92502,G01,4,4,middle,4446,0.459152287864683,0.14548902724578291
92502,G01,4,4,far,2,0.1760782960628982,0.026471589966162168
92502,G01,5,0,middle,33,0.6541198881628909,0.23064981923215389
92502,G01,5,0,far,8159,0.6670140332843167,0.23700031603229182
92502,G01,5,1,middle,347,0.5722889271831061,0.19274265299511822
92502,G01,5,1,far,7845,0.5809470085643144,0.19624894762407302
92502,G01,5,2,middle,4295,0.5228057389924097,0.17167379283672096
92502,G01,5,2,far,3897,0.55098729692509,0.18313489834666327
92502,G01,5,3,middle,8186,0.5012163515274334,0.16215628323476725
92502,G01,5,3,far,6,0.23749840177974932,0.053997824852584475
92502,G01,5,4,middle,3946,0.5270736612796068,0.17353350563107398
92502,G01,5,4,far,4246,0.5512107239392496,0.1831831713044662
92502,G11,0,0,near,98,0.38586974107421873,0.11159613475191604
92502,G11,0,0,middle,1074,0.5849498186156101,0.19911148340628465
92502,G11,0,0,far,7020,0.6204713173504847,0.21518941313553527
92502,G11,0,1,near,1283,0.41854654178811207,0.12913936411477697
92502,G11,0,1,middle,6102,0.4774874039585454,0.15212738077399285
92502,G11,0,1,far,807,0.4968702111165197,0.15958593086445802
92502,G11,0,2,near,7702,0.33304763613274335,0.09838577124676015
92502,G11,0,2,middle,490,0.43201824052346127,0.1328080135212125
92502,G11,0,3,near,8189,0.29613354207809406,0.08524115833001665
92502,G11,0,3,middle,3,0.688742514149347,0.24392855088710283
92502,G11,0,4,near,3667,0.3855872962324006,0.116868137743279
92502,G11,0,4,middle,4517,0.44082545469352036,0.13736840449225798
92502,G11,0,4,far,8,0.6029094267919626,0.209779172775058
92502,G11,1,0,near,13,0.3146064703583423,0.08253718707066311
92502,G11,1,0,middle,93,0.6091222740514299,0.21078769233163036
92502,G11,1,0,far,8086,0.637899679463933,0.2233627295608135
92502,G11,1,1,near,258,0.39052164698480896,0.11737162946667085
92502,G11,1,1,middle,1384,0.5174087567265722,0.16826739270227142
92502,G11,1,1,far,6550,0.5475983977142747,0.18164251713287236
92502,G11,1,2,near,3352,0.3758454623533143,0.11342637844748434
92502,G11,1,2,middle,4253,0.47787816409861245,0.15242844132912675
92502,G11,1,2,far,587,0.5014725331451234,0.16180856551173478
92502,G11,1,3,near,5686,0.3686583445275164,0.11071601434260207
92502,G11,1,3,middle,2471,0.4632887147539218,0.1466558426482075
92502,G11,1,3,far,35,0.41483706518721547,0.12285436582066843
92502,G11,1,4,near,905,0.4178932225995451,0.12866785886080376
92502,G11,1,4,middle,3398,0.48992499123655087,0.157081269167494
92502,G11,1,4,far,3889,0.5290625697297306,0.17350991659153198
92502,G11,2,0,middle,84,0.6432082928242773,0.2250678326873302
92502,G11,2,0,far,8108,0.6554671949727134,0.23137224497643566
92502,G11,2,1,middle,1373,0.5194264323312111,0.1701028653369145
92502,G11,2,1,far,6819,0.5614699760421278,0.18782824500608902
92502,G11,2,2,middle,7762,0.47269739231210584,0.15013231316088982
92502,G11,2,2,far,430,0.46898180735284306,0.14751524954302417
92502,G11,2,3,middle,8174,0.45050307410854906,0.14077242491918218
92502,G11,2,3,far,18,0.6840118970141311,0.2388013402859469
92502,G11,2,4,middle,3929,0.5008810825941344,0.16169537679216842
92502,G11,2,4,far,4263,0.5353340221156088,0.17636887964420803
92502,G11,3,0,near,13,0.5748108045484494,0.19347719997240528
92502,G11,3,0,middle,300,0.5969456267614891,0.203741432085504
92502,G11,3,0,far,7879,0.6539422661420401,0.23088919453484355
92502,G11,3,1,near,330,0.46340353933540884,0.14502792307536605
92502,G11,3,1,middle,3514,0.5099163503762378,0.165283363251771
92502,G11,3,1,far,4348,0.5382135193901457,0.17700956231957882
92502,G11,3,2,near,4008,0.39054905548756097,0.11860894756800144
92502,G11,3,2,middle,4183,0.448827055282337,0.14063122217473886
92502,G11,3,2,far,1,0.4347197383820608,0.12429425526551441
92502,G11,3,3,near,8187,0.30456101538977587,0.08884625574994293
92502,G11,3,3,middle,5,0.48871144117346754,0.1599760180483627
92502,G11,3,4,near,3729,0.3960035083590357,0.12078306013338866
92502,G11,3,4,middle,4459,0.45064412340814736,0.14144173001228866
92502,G11,3,4,far,4,0.23547840495610506,0.04592917206918262
92502,G11,4,0,near,5,0.5050367951153243,0.15803779049701294
92502,G11,4,0,middle,158,0.618562605161324,0.21341921163538563
92502,G11,4,0,far,8029,0.6560479411083632,0.23167481235299248
92502,G11,4,1,near,166,0.4976885715704174,0.16007432547540953
92502,G11,4,1,middle,2317,0.5214521756567501,0.16991017913793222
92502,G11,4,1,far,5709,0.5528710136683386,0.18348427716441912
92502,G11,4,2,near,2615,0.4071592445600529,0.1251517080703777
92502,G11,4,2,middle,5540,0.4514370441652273,0.14211010531752216
92502,G11,4,2,far,37,0.4499600989925458,0.1401935057623013
92502,G11,4,3,near,8189,0.30292375437842595,0.08819904539689001
92502,G11,4,3,middle,3,0.09593990984781155,0.008612723239407908
92502,G11,4,4,near,3744,0.3836737953060211,0.11602491036534837
92502,G11,4,4,middle,4446,0.44578238282736626,0.13988449440463346
92502,G11,4,4,far,2,0.17877061567316305,0.02713299525857249
92502,G11,5,0,middle,33,0.6370496669375875,0.22276591424180492
92502,G11,5,0,far,8159,0.6577145466317881,0.23248223426064216
92502,G11,5,1,middle,347,0.5643170598213471,0.18921587139414642
92502,G11,5,1,far,7845,0.583172756479588,0.19734202679833357
92502,G11,5,2,middle,4295,0.531728078462452,0.1751898590323622
92502,G11,5,2,far,3897,0.5692152830645861,0.190931821462369
92502,G11,5,3,middle,8186,0.5272575590321282,0.17084107075074376
92502,G11,5,3,far,6,0.2533294866423383,0.06414920277452342
92502,G11,5,4,middle,3946,0.5344662614309679,0.1763025848916787
92502,G11,5,4,far,4246,0.570195162106544,0.1912345241484596
92502,G11S,0,0,near,98,0.40224371315045465,0.1178597154508843
92502,G11S,0,0,middle,1074,0.5857511565786654,0.19936617341860471
92502,G11S,0,0,far,7020,0.6210430258915617,0.21541309654687057
92502,G11S,0,1,near,1283,0.4189407796758076,0.12902477223139375
92502,G11S,0,1,middle,6102,0.4780684612872488,0.15229077869465343
92502,G11S,0,1,far,807,0.49697407924969267,0.15961638130416875
92502,G11S,0,2,near,7702,0.3330798127815183,0.0983540917212829
92502,G11S,0,2,middle,490,0.43460652432804636,0.1338396769080942
92502,G11S,0,3,near,8189,0.29669493122164237,0.08541889301847669
92502,G11S,0,3,middle,3,0.6609976936424714,0.23619985988579373
92502,G11S,0,4,near,3667,0.3858598656472873,0.11683351474685298
92502,G11S,0,4,middle,4517,0.4410938963699818,0.13744756104757602
92502,G11S,0,4,far,8,0.6434883022075288,0.22677288375849153
92502,G11S,1,0,near,13,0.36455665357091394,0.10017487325229123
92502,G11S,1,0,middle,93,0.5875982928143088,0.20174827121666297
92502,G11S,1,0,far,8086,0.6374190738589002,0.2231570217859828
92502,G11S,1,1,near,258,0.4075635109518575,0.12333281637047619
92502,G11S,1,1,middle,1384,0.5171344125277773,0.16823597664601983
92502,G11S,1,1,far,6550,0.5495551205017024,0.18255037329809015
92502,G11S,1,2,near,3352,0.3945133583639877,0.12011992670835703
92502,G11S,1,2,middle,4253,0.4899502278819605,0.15710059545813146
92502,G11S,1,2,far,587,0.5053786811507215,0.1631279760867743
92502,G11S,1,3,near,5686,0.3922163306551361,0.11941790277100829
92502,G11S,1,3,middle,2471,0.4809580664361397,0.15285393051653745
92502,G11S,1,3,far,35,0.4283104028923853,0.12604615015414536
92502,G11S,1,4,near,905,0.4262738714144689,0.13168507956712172
92502,G11S,1,4,middle,3398,0.4974997434037925,0.15998242771976726
92502,G11S,1,4,far,3889,0.5301277858105229,0.17388290314343163
92502,G11S,2,0,middle,84,0.6405011446337804,0.22367425170937277
92502,G11S,2,0,far,8108,0.6557480034611848,0.2314827557616616
92502,G11S,2,1,middle,1373,0.5192087749135718,0.17010400320523425
92502,G11S,2,1,far,6819,0.5617435381370076,0.18788966355574135
92502,G11S,2,2,middle,7762,0.47619411224811714,0.15147167422628605
92502,G11S,2,2,far,430,0.4730433423036873,0.14915994350066925
92502,G11S,2,3,middle,8174,0.4561043587698375,0.1428638689086306
92502,G11S,2,3,far,18,0.691409436373008,0.2447228806633644
92502,G11S,2,4,middle,3929,0.5011012703043984,0.16183644842988126
92502,G11S,2,4,far,4263,0.5349507764575043,0.17610874799085618
92502,G11S,3,0,near,13,0.5860313105740748,0.19839655185314964
92502,G11S,3,0,middle,300,0.5977598454923824,0.2041518883512481
92502,G11S,3,0,far,7879,0.6539070304823238,0.230840909873154
92502,G11S,3,1,near,330,0.46504901868936027,0.14604968137327376
92502,G11S,3,1,middle,3514,0.5094589651727894,0.16521150367404316
92502,G11S,3,1,far,4348,0.5388941379940755,0.1774302190798877
92502,G11S,3,2,near,4008,0.4048817952312222,0.12421791519761621
92502,G11S,3,2,middle,4183,0.45562576181792874,0.1434517445520619
92502,G11S,3,2,far,1,0.3304004240461863,0.07916574736567838
92502,G11S,3,3,near,8187,0.33214141658486873,0.09838392840602159
92502,G11S,3,3,middle,5,0.5190916258193978,0.16590070200755253
92502,G11S,3,4,near,3729,0.41032785161034496,0.1263828587212782
92502,G11S,3,4,middle,4459,0.45736437902035104,0.14421595606460047
92502,G11S,3,4,far,4,0.20522058729219142,0.035391137534725225
92502,G11S,4,0,near,5,0.5084583896475184,0.15966337880210038
92502,G11S,4,0,middle,158,0.6211327093982867,0.21464159972975755
92502,G11S,4,0,far,8029,0.657291941214742,0.23226793146953542
92502,G11S,4,1,near,166,0.48765926673359467,0.1563763116344127
92502,G11S,4,1,middle,2317,0.5157561154661727,0.16782988476926594
92502,G11S,4,1,far,5709,0.5486490020274702,0.18182777092909894
92502,G11S,4,2,near,2615,0.4229874935653053,0.13141095946590106
92502,G11S,4,2,middle,5540,0.45973607895591573,0.14557139901441446
92502,G11S,4,2,far,37,0.46209651934911217,0.14584282588438188
92502,G11S,4,3,near,8189,0.3390213364002918,0.10056481667355736
92502,G11S,4,3,middle,3,0.08909584469380787,0.007381090642910389
92502,G11S,4,4,near,3744,0.40350738093435584,0.12357955046893576
92502,G11S,4,4,middle,4446,0.45445730042748167,0.14349788197669264
92502,G11S,4,4,far,2,0.1721112270555931,0.025133795909300094
92502,G11S,5,0,middle,33,0.6359641295188302,0.22224602552414888
92502,G11S,5,0,far,8159,0.6595397561808172,0.23335894294952156
92502,G11S,5,1,middle,347,0.5644041765333864,0.18921152289161605
92502,G11S,5,1,far,7845,0.5809742771496444,0.19641491872118919
92502,G11S,5,2,middle,4295,0.5366894104961636,0.17743103464750135
92502,G11S,5,2,far,3897,0.572128793049007,0.1922600536325139
92502,G11S,5,3,middle,8186,0.5156099175732353,0.1683472105922915
92502,G11S,5,3,far,6,0.22902119652791772,0.04813419763020144
92502,G11S,5,4,middle,3946,0.5397445879496916,0.17870321090438332
92502,G11S,5,4,far,4246,0.5716698754055749,0.19193510232769065
92503,G00,0,0,near,98,0.3806869250694243,0.10868040499980391
92503,G00,0,0,middle,1074,0.5840706470636895,0.19844979838085416
92503,G00,0,0,far,7020,0.6180067310110203,0.21395452414317967
92503,G00,0,1,near,1283,0.4193364121080684,0.12930856687223694
92503,G00,0,1,middle,6102,0.477257774843065,0.15196847893301346
92503,G00,0,1,far,807,0.496014698697947,0.1593462108113917
92503,G00,0,2,near,7702,0.33205397479878657,0.09800305766383946
92503,G00,0,2,middle,490,0.4309365850923567,0.1323098242581508
92503,G00,0,3,near,8189,0.2958027869831407,0.08505343447527779
92503,G00,0,3,middle,3,0.6932505014562484,0.24478325683919736
92503,G00,0,4,near,3667,0.38563978133968413,0.1168965139088426
92503,G00,0,4,middle,4517,0.4404659126261869,0.1371984065397624
92503,G00,0,4,far,8,0.6098053910950216,0.21422382632339604
92503,G00,1,0,near,13,0.35889924606815965,0.09717052456834799
92503,G00,1,0,middle,93,0.6126882828880933,0.2117968120006251
92503,G00,1,0,far,8086,0.6426774605756324,0.22535330201772444
92503,G00,1,1,near,258,0.41630463872011725,0.12662614278644366
92503,G00,1,1,middle,1384,0.5520397200556963,0.18305198400885744
92503,G00,1,1,far,6550,0.5752510383636039,0.19318491087147102
92503,G00,1,2,near,3352,0.4584057438017158,0.14491922871229265
92503,G00,1,2,middle,4253,0.6458466891517893,0.2130224732401976
92503,G00,1,2,far,587,0.6131810208157539,0.20076159694440684
92503,G00,1,3,near,5686,0.49382012915789825,0.1572345836826512
92503,G00,1,3,middle,2471,0.6794762361722525,0.22224835245075597
92503,G00,1,3,far,35,0.5301254690624191,0.16867239897243402
92503,G00,1,4,near,905,0.46477138855579475,0.14620263275901135
92503,G00,1,4,middle,3398,0.5590171846706457,0.18433105464207072
92503,G00,1,4,far,3889,0.602797222901051,0.20237441658791436
92503,G00,2,0,middle,84,0.6343535625593971,0.22159216236877788
92503,G00,2,0,far,8108,0.6545676671485,0.23103830974211617
92503,G00,2,1,middle,1373,0.5440928406572564,0.18012810186452563
92503,G00,2,1,far,6819,0.5904146594500974,0.19946954028658828
92503,G00,2,2,middle,7762,0.6316813584965554,0.2081467807807121
92503,G00,2,2,far,430,0.5959427818470849,0.19247621763807019
92503,G00,2,3,middle,8174,0.6779080648993489,0.2211661201267159
92503,G00,2,3,far,18,0.92438851849502,0.2780422258473954
92503,G00,2,4,middle,3929,0.5606313229782147,0.18563753561012272
92503,G00,2,4,far,4263,0.6150322575335998,0.20663026836805964
92503,G00,3,0,near,13,0.6071389144216661,0.20786343472524155
92503,G00,3,0,middle,300,0.6221152617822956,0.21512495940666507
92503,G00,3,0,far,7879,0.6615774318202018,0.2343876335302824
92503,G00,3,1,near,330,0.5168076022324477,0.169115990526254
92503,G00,3,1,middle,3514,0.5285979747690425,0.17363646891384982
92503,G00,3,1,far,4348,0.5541675825835136,0.18418413007927079
92503,G00,3,2,near,4008,0.4592483241219046,0.14705712601800228
92503,G00,3,2,middle,4183,0.5348458495248917,0.17511661622000357
92503,G00,3,2,far,1,0.10560428862874424,0.01004392190965575
92503,G00,3,3,near,8187,0.40013059190802575,0.1258839118350063
92503,G00,3,3,middle,5,0.47629586991705886,0.1581238975019738
92503,G00,3,4,near,3729,0.46129376177016745,0.14800239988987923
92503,G00,3,4,middle,4459,0.5318302935374749,0.17416547811672484
92503,G00,3,4,far,4,0.29795880544895714,0.08127390731006923
92503,G00,4,0,near,5,0.5983704539155548,0.2028854822309741
92503,G00,4,0,middle,158,0.6514122748970372,0.22924564690340374
92503,G00,4,0,far,8029,0.6736506222694457,0.2402807198139067
92503,G00,4,1,near,166,0.5294787702323568,0.17336770314963873
92503,G00,4,1,middle,2317,0.5450058689481552,0.1799149004940077
92503,G00,4,1,far,5709,0.5667901886996362,0.1895159652008656
92503,G00,4,2,near,2615,0.4858735147990041,0.1579786813294428
92503,G00,4,2,middle,5540,0.5244781615270295,0.17224309887943906
92503,G00,4,2,far,37,0.53707359866461,0.17504343872630537
92503,G00,4,3,near,8189,0.4384317266210766,0.13998615631576666
92503,G00,4,3,middle,3,0.0554186997104639,0.0029929344413046114
92503,G00,4,4,near,3744,0.47258360432874924,0.1529611405098679
92503,G00,4,4,middle,4446,0.5395362029887834,0.17761975553690176
92503,G00,4,4,far,2,0.11963534035337975,0.012751273838505633
92503,G00,5,0,middle,33,0.6661213045518602,0.23654298116166061
92503,G00,5,0,far,8159,0.6833012631805983,0.24508209040725912
92503,G00,5,1,middle,347,0.5949838491430967,0.2025813020350516
92503,G00,5,1,far,7845,0.6000424152759775,0.2048065034347831
92503,G00,5,2,middle,4295,0.5856438770748366,0.1955627530547713
92503,G00,5,2,far,3897,0.5910339610732338,0.1974271373770003
92503,G00,5,3,middle,8186,0.640299880154869,0.2079324897290356
92503,G00,5,3,far,6,0.15635971643275695,0.025077516793288374
92503,G00,5,4,middle,3946,0.5845777368690996,0.19577693814516356
92503,G00,5,4,far,4246,0.5859250569328734,0.1956554984073604
92503,G10,0,0,near,98,0.36959610852024605,0.10480765827739318
92503,G10,0,0,middle,1074,0.5842243536056011,0.1987026277639949
92503,G10,0,0,far,7020,0.6181892036877873,0.21398054503846084
92503,G10,0,1,near,1283,0.4212708249204257,0.12981051002187882
92503,G10,0,1,middle,6102,0.47726214887914237,0.15199514833119013
92503,G10,0,1,far,807,0.4971311511158089,0.1597161595919186
92503,G10,0,2,near,7702,0.332732871800497,0.09826036689121095
92503,G10,0,2,middle,490,0.43032868064241003,0.13195668192335047
92503,G10,0,3,near,8189,0.2958909442765738,0.08509289198564529
92503,G10,0,3,middle,3,0.6547398905685017,0.23519526829250617
92503,G10,0,4,near,3667,0.3865320641680415,0.11713394320346879
92503,G10,0,4,middle,4517,0.4405585983322088,0.13721679562189734
92503,G10,0,4,far,8,0.5978927864757169,0.2081979548552671
92503,G10,1,0,near,13,0.33243315067716933,0.08863590961223602
92503,G10,1,0,middle,93,0.6144823912913372,0.21247142652867423
92503,G10,1,0,far,8086,0.636159270574435,0.2223713650103457
92503,G10,1,1,near,258,0.4179824568646738,0.12824619832631293
92503,G10,1,1,middle,1384,0.5552180668478155,0.18409929865813215
92503,G10,1,1,far,6550,0.5824497351071027,0.19578294729595963
92503,G10,1,2,near,3352,0.45856317293594295,0.1448662256675966
92503,G10,1,2,middle,4253,0.6519794121593979,0.21515047683556215
92503,G10,1,2,far,587,0.6191178431689714,0.20268631360803657
92503,G10,1,3,near,5686,0.49116065093384625,0.15589500256496214
92503,G10,1,3,middle,2471,0.677482150653866,0.22111112549574652
92503,G10,1,3,far,35,0.5031198574255021,0.1595034022234566
92503,G10,1,4,near,905,0.4660670328168356,0.1465566301940119
92503,G10,1,4,middle,3398,0.5638341890514736,0.18591715864379962
92503,G10,1,4,far,3889,0.6170166931626386,0.20729928961575098
92503,G10,2,0,middle,84,0.641165149745418,0.2246013605706916
92503,G10,2,0,far,8108,0.6551012416483158,0.231208204807863
92503,G10,2,1,middle,1373,0.5507562757605065,0.18217411379526768
92503,G10,2,1,far,6819,0.600538703862856,0.20293306343266068
92503,G10,2,2,middle,7762,0.6372932254538034,0.2098619265896824
92503,G10,2,2,far,430,0.6008014343474952,0.19452120055204625
92503,G10,2,3,middle,8174,0.6815919065278937,0.2214560940979807
92503,G10,2,3,far,18,0.9471082366683853,0.2914821392267137
92503,G10,2,4,middle,3929,0.56550769453997,0.1868856190729797
92503,G10,2,4,far,4263,0.6271691227011114,0.2105370327189886
92503,G10,3,0,near,13,0.5743345145787088,0.19227499245930987
92503,G10,3,0,middle,300,0.6042393337252067,0.20695929164753724
92503,G10,3,0,far,7879,0.6528512510719594,0.23023214142340256
92503,G10,3,1,near,330,0.503971220434482,0.16326967317831262
92503,G10,3,1,middle,3514,0.5275047186658833,0.1731185501407074
92503,G10,3,1,far,4348,0.5577908400620132,0.1857633655905384
92503,G10,3,2,near,4008,0.4622305070724653,0.14807724019901636
92503,G10,3,2,middle,4183,0.5410741560617515,0.17685674495380574
92503,G10,3,2,far,1,0.08425472638699355,0.006529111473355442
92503,G10,3,3,near,8187,0.3884474822584938,0.1209351341576594
92503,G10,3,3,middle,5,0.45474996221019826,0.152306443998039
92503,G10,3,4,near,3729,0.4650996063928902,0.14930462676373124
92503,G10,3,4,middle,4459,0.5372994064540259,0.17568125895020595
92503,G10,3,4,far,4,0.300737278979029,0.08547609701183667
92503,G10,4,0,near,5,0.5310368274718003,0.1702215682078581
92503,G10,4,0,middle,158,0.6317104744093786,0.21964525824827144
92503,G10,4,0,far,8029,0.6611689117083457,0.23413409983640915
92503,G10,4,1,near,166,0.5089170513782758,0.16502948184169228
92503,G10,4,1,middle,2317,0.536439228772406,0.1765742391761677
92503,G10,4,1,far,5709,0.5605967663943923,0.18702517305504426
92503,G10,4,2,near,2615,0.4886691081807481,0.1585588432769774
92503,G10,4,2,middle,5540,0.5288872411587113,0.17367580651243542
92503,G10,4,2,far,37,0.5473838325155843,0.17830012851001764
92503,G10,4,3,near,8189,0.42101554291974996,0.13265178102268782
92503,G10,4,3,middle,3,0.06138227757647407,0.003850549543166918
92503,G10,4,4,near,3744,0.47700913249274324,0.15414357556952782
92503,G10,4,4,middle,4446,0.5481632150609187,0.18029458786014177
92503,G10,4,4,far,2,0.11160607634900457,0.011173720996495301
92503,G10,5,0,middle,33,0.6525742147385758,0.22993627202700254
92503,G10,5,0,far,8159,0.6707187405720728,0.23883408201631035
92503,G10,5,1,middle,347,0.5857624020936336,0.1986116852682988
92503,G10,5,1,far,7845,0.5888382784991215,0.19970321278399694
92503,G10,5,2,middle,4295,0.6010296132556624,0.19953534439058637
92503,G10,5,2,far,3897,0.6122326773905616,0.20319617520426406
92503,G10,5,3,middle,8186,0.6437721302941587,0.20963744706827203
92503,G10,5,3,far,6,0.185765977430539,0.03557486256043033
92503,G10,5,4,middle,3946,0.6001333863347246,0.19993996619738377
92503,G10,5,4,far,4246,0.6064194294052991,0.20115524644124952
92503,G01,0,0,near,98,0.37230828727239584,0.105637130898327
92503,G01,0,0,middle,1074,0.5844904461413889,0.1986854527795757
92503,G01,0,0,far,7020,0.6168103625766611,0.2133837026594624
92503,G01,0,1,near,1283,0.41853129175743947,0.12894081467761337
92503,G01,0,1,middle,6102,0.47743247494997293,0.1520570619542983
92503,G01,0,1,far,807,0.4947650740803464,0.15870943408468527
92503,G01,0,2,near,7702,0.33269095899176493,0.09828848197586379
92503,G01,0,2,middle,490,0.4287606600668417,0.13174969484644605
92503,G01,0,3,near,8189,0.29651159276307937,0.08543630400432063
92503,G01,0,3,middle,3,0.6607877032547199,0.23590146269365886
92503,G01,0,4,near,3667,0.3864925925898884,0.11724972207026015
92503,G01,0,4,middle,4517,0.4400913513661541,0.1370774068526313
92503,G01,0,4,far,8,0.6054508101883329,0.21200862573623483
92503,G01,1,0,near,13,0.32195726312394624,0.08580749351748139
92503,G01,1,0,middle,93,0.6037470850244725,0.20886777007198132
92503,G01,1,0,far,8086,0.6332507946009616,0.22108491203450445
92503,G01,1,1,near,258,0.3876624859813653,0.11639009367197527
92503,G01,1,1,middle,1384,0.5180077344257182,0.16852648628515443
92503,G01,1,1,far,6550,0.5471739659894796,0.1814742769090954
92503,G01,1,2,near,3352,0.37708206596858856,0.11398926009679383
92503,G01,1,2,middle,4253,0.4771140585972384,0.1522085255408139
92503,G01,1,2,far,587,0.4995982986431639,0.1608973830090129
92503,G01,1,3,near,5686,0.3691091071978743,0.11088465970035345
92503,G01,1,3,middle,2471,0.462463020017316,0.1461882743678786
92503,G01,1,3,far,35,0.4024462836885122,0.11788048223504105
92503,G01,1,4,near,905,0.41784291108270455,0.12894396182656206
92503,G01,1,4,middle,3398,0.49050023779700574,0.15730500374976641
92503,G01,1,4,far,3889,0.5272365697535142,0.17270332669312502
92503,G01,2,0,middle,84,0.6505097944818273,0.22847441099252525
92503,G01,2,0,far,8108,0.6542672100331338,0.2308013353020098
92503,G01,2,1,middle,1373,0.5201804947580508,0.17034802615833253
92503,G01,2,1,far,6819,0.5606838925253056,0.18748939485571803
92503,G01,2,2,middle,7762,0.47263918565085006,0.1499938624218769
92503,G01,2,2,far,430,0.46920294326891276,0.14719225054358387
92503,G01,2,3,middle,8174,0.4505491785539795,0.14062344659880752
92503,G01,2,3,far,18,0.6900420455106633,0.2392964622648467
92503,G01,2,4,middle,3929,0.5001369571118239,0.16137289420430534
92503,G01,2,4,far,4263,0.5327249176985271,0.17519735513679902
92503,G01,3,0,near,13,0.5700782805029312,0.1901353210493307
92503,G01,3,0,middle,300,0.6143663421740863,0.2115929329222424
92503,G01,3,0,far,7879,0.6546428806059287,0.2310432054500577
92503,G01,3,1,near,330,0.5048391673201947,0.1638481626355544
92503,G01,3,1,middle,3514,0.5220495433185022,0.17078476703890552
92503,G01,3,1,far,4348,0.544111305903936,0.17987502295945085
92503,G01,3,2,near,4008,0.40330255534136683,0.12391897474235809
92503,G01,3,2,middle,4183,0.45533773156045815,0.14347670669028365
92503,G01,3,2,far,1,0.3383811199107139,0.08241290148566804
92503,G01,3,3,near,8187,0.31090929812362583,0.0909380779068008
92503,G01,3,3,middle,5,0.46313851943503226,0.1519654937785334
92503,G01,3,4,near,3729,0.40861328288050586,0.12604913519163857
92503,G01,3,4,middle,4459,0.45689440145055893,0.1441525000837155
92503,G01,3,4,far,4,0.2221575725819621,0.04079953344714854
92503,G01,4,0,near,5,0.5565555970968395,0.1827066561271856
92503,G01,4,0,middle,158,0.6376140334250768,0.2225197854476668
92503,G01,4,0,far,8029,0.6613263923933702,0.2342075697571366
92503,G01,4,1,near,166,0.5126730139385867,0.16641106101530645
92503,G01,4,1,middle,2317,0.535947875130496,0.17645338686964898
92503,G01,4,1,far,5709,0.5568149556021008,0.18532007730711014
92503,G01,4,2,near,2615,0.43890414301102826,0.13780817992234057
92503,G01,4,2,middle,5540,0.4688786573906353,0.1491278357952017
92503,G01,4,2,far,37,0.4684377491194606,0.14821359165117878
92503,G01,4,3,near,8189,0.31487592998601655,0.09210195744247598
92503,G01,4,3,middle,3,0.1102842928373039,0.011018720847369693
92503,G01,4,4,near,3744,0.41281167697433463,0.12753269984688928
92503,G01,4,4,middle,4446,0.46091112957649016,0.14603711678926798
92503,G01,4,4,far,2,0.175420916236034,0.026101845921248756
92503,G01,5,0,middle,33,0.6491135517641725,0.22821447128889705
92503,G01,5,0,far,8159,0.6641062361137232,0.23557365439791883
92503,G01,5,1,middle,347,0.5784042488752065,0.19562075466802348
92503,G01,5,1,far,7845,0.5789238246947482,0.19540696433218155
92503,G01,5,2,middle,4295,0.5288130856808777,0.1742198952301576
92503,G01,5,2,far,3897,0.5525018151870116,0.1837555677074533
92503,G01,5,3,middle,8186,0.5159784085657513,0.1681884847798824
92503,G01,5,3,far,6,0.2391926592302184,0.054196981592051115
92503,G01,5,4,middle,3946,0.5315379027326314,0.17536360842870669
92503,G01,5,4,far,4246,0.5518728150074957,0.1834773797050826
92503,G11,0,0,near,98,0.37846909632120906,0.10783088616976097
92503,G11,0,0,middle,1074,0.5844999809015031,0.19852218538444671
92503,G11,0,0,far,7020,0.6182604284718494,0.21402348410428046
92503,G11,0,1,near,1283,0.4189534647651286,0.12919094168857748
92503,G11,0,1,middle,6102,0.4776017311024401,0.15216444625111608
92503,G11,0,1,far,807,0.4960267820890962,0.15927517218800324
92503,G11,0,2,near,7702,0.3337586001375894,0.09859307243901261
92503,G11,0,2,middle,490,0.4311504094569101,0.13267714988643425
92503,G11,0,3,near,8189,0.2967300837185107,0.08544153768503662
92503,G11,0,3,middle,3,0.6541894690132409,0.23443537272716197
92503,G11,0,4,near,3667,0.38580299560121567,0.11681554448385637
92503,G11,0,4,middle,4517,0.44048077376778466,0.13730371315568507
92503,G11,0,4,far,8,0.5874164267250445,0.20488052903022702
92503,G11,1,0,near,13,0.31769503328591564,0.08420914766953781
92503,G11,1,0,middle,93,0.6115711416300802,0.2115217217896091
92503,G11,1,0,far,8086,0.6350009756055633,0.22193632956400988
92503,G11,1,1,near,258,0.3894832999226429,0.11696247258054152
92503,G11,1,1,middle,1384,0.5179578349758194,0.16856401643722735
92503,G11,1,1,far,6550,0.5476347780488084,0.18167761455906414
92503,G11,1,2,near,3352,0.3755725204156289,0.11326659827331984
92503,G11,1,2,middle,4253,0.47708314686175035,0.15213328440418625
92503,G11,1,2,far,587,0.49833218127965934,0.16040940574298976
92503,G11,1,3,near,5686,0.3690923390934821,0.11078228848924224
92503,G11,1,3,middle,2471,0.46274771458158326,0.14642923719586037
92503,G11,1,3,far,35,0.42010127460742264,0.1261321602300084
92503,G11,1,4,near,905,0.4172349677078728,0.12853249937284286
92503,G11,1,4,middle,3398,0.49006089430245425,0.15716412403523455
92503,G11,1,4,far,3889,0.5290556258906634,0.1734984973756346
92503,G11,2,0,middle,84,0.645943172436313,0.22638211781563303
92503,G11,2,0,far,8108,0.6548745037377776,0.2310958908518652
92503,G11,2,1,middle,1373,0.520003146109358,0.17027005974826825
92503,G11,2,1,far,6819,0.5629625185329574,0.1884751947343873
92503,G11,2,2,middle,7762,0.47333617193918864,0.15039999453925204
92503,G11,2,2,far,430,0.47030284604450207,0.14827862006122147
92503,G11,2,3,middle,8174,0.4504131287119906,0.1407614796020772
92503,G11,2,3,far,18,0.66620430400634,0.23392979120847357
92503,G11,2,4,middle,3929,0.5013303798505349,0.16192532117228609
92503,G11,2,4,far,4263,0.5368672534444499,0.17708952758048607
92503,G11,3,0,near,13,0.5355629382009529,0.1750099709560296
92503,G11,3,0,middle,300,0.5912807847689391,0.2013574140918716
92503,G11,3,0,far,7879,0.6483681854962741,0.22814629136473447
92503,G11,3,1,near,330,0.4703855084078784,0.14778961415758882
92503,G11,3,1,middle,3514,0.513785043125462,0.16685280726031812
92503,G11,3,1,far,4348,0.5406002560552706,0.17806900497725545
92503,G11,3,2,near,4008,0.3947741672022066,0.11999011061369458
92503,G11,3,2,middle,4183,0.4503499992991929,0.14117028071118398
92503,G11,3,2,far,1,0.323526533555977,0.07640096333125257
92503,G11,3,3,near,8187,0.3070990421793753,0.08963956810200914
92503,G11,3,3,middle,5,0.49363330995534743,0.16118594362805613
92503,G11,3,4,near,3729,0.40009483578180666,0.12213447285332327
92503,G11,3,4,middle,4459,0.45263617081765484,0.14219122170206366
92503,G11,3,4,far,4,0.21793376136296394,0.03912693407110007
92503,G11,4,0,near,5,0.4776972388948792,0.14588214277232012
92503,G11,4,0,middle,158,0.6115789476554313,0.21013309430201377
92503,G11,4,0,far,8029,0.6501331121063431,0.22882262235098105
92503,G11,4,1,near,166,0.48491907139320883,0.15487935534887703
92503,G11,4,1,middle,2317,0.5201584889905326,0.16954588368227816
92503,G11,4,1,far,5709,0.5512994979214971,0.18283568607043968
92503,G11,4,2,near,2615,0.4097454878239538,0.12594575799510824
92503,G11,4,2,middle,5540,0.4530083992979631,0.14268763068178586
92503,G11,4,2,far,37,0.4512807833441249,0.14144101212775767
92503,G11,4,3,near,8189,0.3035641171177625,0.0883610935620881
92503,G11,4,3,middle,3,0.09219820825274676,0.007803628905975024
92503,G11,4,4,near,3744,0.3891182399478677,0.11796345509025656
92503,G11,4,4,middle,4446,0.4478256235187879,0.14066492327429672
92503,G11,4,4,far,2,0.17226165752820616,0.02532785524329395
92503,G11,5,0,middle,33,0.6381766165558244,0.2230221852488336
92503,G11,5,0,far,8159,0.6551362988828044,0.2312340015604789
92503,G11,5,1,middle,347,0.5693378977912417,0.19144275577995146
92503,G11,5,1,far,7845,0.5827090647879076,0.19710572304671375
92503,G11,5,2,middle,4295,0.5448748170562951,0.18055824452847502
92503,G11,5,2,far,3897,0.5791834031884462,0.19467046480891484
92503,G11,5,3,middle,8186,0.5344564579061121,0.17460029431495527
92503,G11,5,3,far,6,0.25563024922220196,0.06319251363482735
92503,G11,5,4,middle,3946,0.5467256523826636,0.18133462431850916
92503,G11,5,4,far,4246,0.5792116088857763,0.19468152030754296
92503,G11S,0,0,near,98,0.3813837550454963,0.10925086260123218
92503,G11S,0,0,middle,1074,0.584487272674695,0.19856616749591208
92503,G11S,0,0,far,7020,0.6178012228147829,0.2138243205285229
92503,G11S,0,1,near,1283,0.4204937753031349,0.12956604501160926
92503,G11S,0,1,middle,6102,0.4777421351819877,0.1521825988854843
92503,G11S,0,1,far,807,0.4965933653256119,0.1594767059906283
92503,G11S,0,2,near,7702,0.33292374466623953,0.09831356121464385
92503,G11S,0,2,middle,490,0.4330458916477729,0.13351524683845292
92503,G11S,0,3,near,8189,0.297156101903488,0.0855422320716036
92503,G11S,0,3,middle,3,0.6906180469718003,0.24502528405744886
92503,G11S,0,4,near,3667,0.38694485946445834,0.11722947560025497
92503,G11S,0,4,middle,4517,0.4406047115899438,0.13723023398429837
92503,G11S,0,4,far,8,0.6161476268715217,0.2172172425796143
92503,G11S,1,0,near,13,0.35074896975960973,0.09495433324767943
92503,G11S,1,0,middle,93,0.5949171835333141,0.2048653969275801
92503,G11S,1,0,far,8086,0.6346147095324728,0.22175105090661892
92503,G11S,1,1,near,258,0.4071686555390416,0.12299579545929366
92503,G11S,1,1,middle,1384,0.5178859963498706,0.16858340545420517
92503,G11S,1,1,far,6550,0.5493912314619748,0.18245936959683592
92503,G11S,1,2,near,3352,0.39521488557896756,0.12036097350112755
92503,G11S,1,2,middle,4253,0.48939809324900757,0.15688527392285853
92503,G11S,1,2,far,587,0.5037609536481868,0.1622393209375644
92503,G11S,1,3,near,5686,0.3917127198453402,0.11929846320559376
92503,G11S,1,3,middle,2471,0.47996871075393405,0.15257231193165793
92503,G11S,1,3,far,35,0.41915762585986016,0.12200208245733084
92503,G11S,1,4,near,905,0.4280550759427983,0.1322172166458342
92503,G11S,1,4,middle,3398,0.49801983118242305,0.16021466182020425
92503,G11S,1,4,far,3889,0.5300645573821003,0.17381072171300313
92503,G11S,2,0,middle,84,0.6538084553539858,0.22916169955585372
92503,G11S,2,0,far,8108,0.6552949147534914,0.23128953016015763
92503,G11S,2,1,middle,1373,0.5210746258713255,0.17084576412193903
92503,G11S,2,1,far,6819,0.5621098623293012,0.18807839332573578
92503,G11S,2,2,middle,7762,0.4764327395241086,0.15151863814198677
92503,G11S,2,2,far,430,0.4774218140478678,0.15089814828990195
92503,G11S,2,3,middle,8174,0.4554448513882766,0.14262038582966408
92503,G11S,2,3,far,18,0.7075319895265177,0.25177170712022695
92503,G11S,2,4,middle,3929,0.5013801452683195,0.16194001049793863
92503,G11S,2,4,far,4263,0.5359799428458862,0.17664387081476637
92503,G11S,3,0,near,13,0.5549715583076638,0.18415507964229436
92503,G11S,3,0,middle,300,0.5934688843130456,0.20231747554561616
92503,G11S,3,0,far,7879,0.6493928555030806,0.22865285925619563
92503,G11S,3,1,near,330,0.4900036416852088,0.15675206346433992
92503,G11S,3,1,middle,3514,0.5161821258180513,0.16796545536435595
92503,G11S,3,1,far,4348,0.5410459078507429,0.17836692985587344
92503,G11S,3,2,near,4008,0.40213641114262927,0.12281831240405386
92503,G11S,3,2,middle,4183,0.4548511038426632,0.1428237962796253
92503,G11S,3,2,far,1,0.32807769658155034,0.07822814508515208
92503,G11S,3,3,near,8187,0.323889091853419,0.09531606824362797
92503,G11S,3,3,middle,5,0.518471120638771,0.16826789353393765
92503,G11S,3,4,near,3729,0.4073105888772324,0.1249040247592428
92503,G11S,3,4,middle,4459,0.45710380310887605,0.14380035722160753
92503,G11S,3,4,far,4,0.21502598094194134,0.038661501614785765
92503,G11S,4,0,near,5,0.5032664506839205,0.15756895468125762
92503,G11S,4,0,middle,158,0.6171933118778012,0.2127722216419935
92503,G11S,4,0,far,8029,0.6527713606874788,0.2300821727070223
92503,G11S,4,1,near,166,0.5051958727204742,0.16362122305586757
92503,G11S,4,1,middle,2317,0.5261221108907939,0.1721475817869177
92503,G11S,4,1,far,5709,0.5525967753198584,0.1834376793846256
92503,G11S,4,2,near,2615,0.42546419341167196,0.13187376242599128
92503,G11S,4,2,middle,5540,0.45711106316907374,0.1442519389614961
92503,G11S,4,2,far,37,0.4542187700433052,0.14266897934205613
92503,G11S,4,3,near,8189,0.32965596302217,0.09731529246097156
92503,G11S,4,3,middle,3,0.09667177395682243,0.00870197004733612
92503,G11S,4,4,near,3744,0.40293580008489027,0.12312873862018539
92503,G11S,4,4,middle,4446,0.4520863161696636,0.1422478554280055
92503,G11S,4,4,far,2,0.1640860883648385,0.02341578660555621
92503,G11S,5,0,middle,33,0.6435691443417207,0.225686869908474
92503,G11S,5,0,far,8159,0.6572248544636398,0.23223833849002604
92503,G11S,5,1,middle,347,0.5754292460098813,0.19417935416466295
92503,G11S,5,1,far,7845,0.5832596960018723,0.19734940205646062
92503,G11S,5,2,middle,4295,0.5474508120930156,0.1818359579694948
92503,G11S,5,2,far,3897,0.5818500090320576,0.1960447282793011
92503,G11S,5,3,middle,8186,0.5324286661117026,0.17507761912878722
92503,G11S,5,3,far,6,0.20334739626510254,0.03862704049171014
92503,G11S,5,4,middle,3946,0.5492193675925153,0.18259392502835448
92503,G11S,5,4,far,4246,0.5817542955368773,0.19594875205755935
92504,G00,0,0,near,98,0.36113912634011974,0.10117044086359647
92504,G00,0,0,middle,1074,0.5828299161127574,0.19767540070619494
92504,G00,0,0,far,7020,0.6151673488704374,0.2126014327169908
92504,G00,0,1,near,1283,0.4210635761360244,0.12980857485999958
92504,G00,0,1,middle,6102,0.477013524819701,0.15187864666702658
92504,G00,0,1,far,807,0.4988013364435866,0.16055504364865952
92504,G00,0,2,near,7702,0.3321360907703684,0.09812889026463548
92504,G00,0,2,middle,490,0.43120555759967016,0.13280885851709098
92504,G00,0,3,near,8189,0.2959003059875098,0.08518593537169852
92504,G00,0,3,middle,3,0.660684620861414,0.23686993793534214
92504,G00,0,4,near,3667,0.3848067777912308,0.11660882379238581
92504,G00,0,4,middle,4517,0.4400180610289402,0.13706474936039958
92504,G00,0,4,far,8,0.5892560206777993,0.20517688422080785
92504,G00,1,0,near,13,0.35518185754866677,0.09623294199959896
92504,G00,1,0,middle,93,0.6060007193398709,0.20882532905689816
92504,G00,1,0,far,8086,0.6375330057132014,0.22294988151852718
92504,G00,1,1,near,258,0.40319757796925537,0.12226945612076814
92504,G00,1,1,middle,1384,0.549785038128588,0.1820449480734629
92504,G00,1,1,far,6550,0.5717362981703461,0.19147297457200432
92504,G00,1,2,near,3352,0.4531711507124267,0.1427627508490128
92504,G00,1,2,middle,4253,0.6394398412219556,0.21051324531173954
92504,G00,1,2,far,587,0.6193286806687406,0.20268009235268958
92504,G00,1,3,near,5686,0.49456960391684446,0.1569926130435614
92504,G00,1,3,middle,2471,0.6881030873182511,0.2239888657817676
92504,G00,1,3,far,35,0.5246207331782257,0.16891460568081942
92504,G00,1,4,near,905,0.4599281950751107,0.1438402679504792
92504,G00,1,4,middle,3398,0.5499099346240828,0.18064476834887125
92504,G00,1,4,far,3889,0.5996796655942466,0.2007382577069658
92504,G00,2,0,middle,84,0.6323584429768967,0.22089356479097969
92504,G00,2,0,far,8108,0.6523186592287188,0.22999470680037606
92504,G00,2,1,middle,1373,0.5458927273971705,0.18068467366260668
92504,G00,2,1,far,6819,0.5881829983687908,0.19824450658405454
92504,G00,2,2,middle,7762,0.6261322368878226,0.2059518980414474
92504,G00,2,2,far,430,0.5965715318007058,0.1926583066853173
92504,G00,2,3,middle,8174,0.6818049862544237,0.22199173564179342
92504,G00,2,3,far,18,0.9709380816902671,0.30451707666738065
92504,G00,2,4,middle,3929,0.5541080774091123,0.182570633822023
92504,G00,2,4,far,4263,0.6112039077995661,0.20487155815249286
92504,G00,3,0,near,13,0.5979334539441526,0.20323392957649647
92504,G00,3,0,middle,300,0.6264397187479805,0.21721484483471068
92504,G00,3,0,far,7879,0.6595499940941402,0.23338965782945204
92504,G00,3,1,near,330,0.517926805427362,0.16951144261817835
92504,G00,3,1,middle,3514,0.5298494504202754,0.1741339845294006
92504,G00,3,1,far,4348,0.5551906907452601,0.18463315051781806
92504,G00,3,2,near,4008,0.4443625611578989,0.1409708151572537
92504,G00,3,2,middle,4183,0.52117414061725,0.16982042321762963
92504,G00,3,2,far,1,0.09502275387382822,0.008217015858807741
92504,G00,3,3,near,8187,0.39418433150058707,0.12348982318785921
92504,G00,3,3,middle,5,0.5190814765272876,0.16760882567176388
92504,G00,3,4,near,3729,0.44785210973973927,0.14246308711384695
92504,G00,3,4,middle,4459,0.5197898384574986,0.16940934107262828
92504,G00,3,4,far,4,0.34381069165013833,0.10274802676388717
92504,G00,4,0,near,5,0.5957096808509881,0.20164894198872735
92504,G00,4,0,middle,158,0.6526714940469259,0.22986235550991604
92504,G00,4,0,far,8029,0.6702506115579925,0.23859395308166365
92504,G00,4,1,near,166,0.5268701107100084,0.17193423456501716
92504,G00,4,1,middle,2317,0.5490547512368708,0.18174982679896973
92504,G00,4,1,far,5709,0.5675775291624011,0.18991014263486514
92504,G00,4,2,near,2615,0.4738291799779944,0.15288535875093004
92504,G00,4,2,middle,5540,0.5153064003790775,0.16857619443323205
92504,G00,4,2,far,37,0.5186360460963552,0.1679238615619719
92504,G00,4,3,near,8189,0.4279130499821398,0.13579736939634485
92504,G00,4,3,middle,3,0.06311348809672303,0.003931090052525714
92504,G00,4,4,near,3744,0.45642698303646756,0.14625994462702632
92504,G00,4,4,middle,4446,0.5249565881644817,0.1720189318756638
92504,G00,4,4,far,2,0.1164133125132987,0.012082961972097045
92504,G00,5,0,middle,33,0.6706402825475758,0.23877104384434159
92504,G00,5,0,far,8159,0.679271032069017,0.24307313882145187
92504,G00,5,1,middle,347,0.5947497818479568,0.20250398837928643
92504,G00,5,1,far,7845,0.5945137388331758,0.20222268385351225
92504,G00,5,2,middle,4295,0.5805837746864281,0.1933559343456965
92504,G00,5,2,far,3897,0.5906355208513429,0.19719759903493567
92504,G00,5,3,middle,8186,0.6405881600428588,0.20785946320438775
92504,G00,5,3,far,6,0.19385703340590357,0.03781103255865372
92504,G00,5,4,middle,3946,0.5803164233095841,0.1938867040659268
92504,G00,5,4,far,4246,0.5858962753772591,0.1955458845440337
92504,G10,0,0,near,98,0.3667079333734625,0.1038913201401242
92504,G10,0,0,middle,1074,0.5807927174665666,0.19703947783684242
92504,G10,0,0,far,7020,0.6155442683329346,0.2127547165462237
92504,G10,0,1,near,1283,0.4197448674203642,0.12933715660569695
92504,G10,0,1,middle,6102,0.4776582385269975,0.15219173445956014
92504,G10,0,1,far,807,0.49778739148419987,0.16032204566038277
92504,G10,0,2,near,7702,0.33215040563168857,0.09812806040365446
92504,G10,0,2,middle,490,0.4330754856505638,0.1332736069491256
92504,G10,0,3,near,8189,0.29614931373851827,0.08522736779103662
92504,G10,0,3,middle,3,0.6683129593695244,0.23946630329171295
92504,G10,0,4,near,3667,0.38600081336525227,0.11701227514335714
92504,G10,0,4,middle,4517,0.44056405855286873,0.13723660568864515
92504,G10,0,4,far,8,0.6232909975984057,0.219803591671632
92504,G10,1,0,near,13,0.32591796871054485,0.08775102082939543
92504,G10,1,0,middle,93,0.5993541241878058,0.2062446614597769
92504,G10,1,0,far,8086,0.6353478026218002,0.22197642081066513
92504,G10,1,1,near,258,0.4189424517405886,0.12921062286215076
92504,G10,1,1,middle,1384,0.5666189737304156,0.18896803759551534
92504,G10,1,1,far,6550,0.589516613458132,0.19845511902736626
92504,G10,1,2,near,3352,0.4632385800290651,0.146669239018123
92504,G10,1,2,middle,4253,0.6547346704984985,0.21542660967587288
92504,G10,1,2,far,587,0.6227459978355657,0.20333809452256177
92504,G10,1,3,near,5686,0.5005623422642987,0.15913876079732875
92504,G10,1,3,middle,2471,0.6872577416242812,0.2235953232305741
92504,G10,1,3,far,35,0.5338810732954828,0.16991797505646436
92504,G10,1,4,near,905,0.46846135025208974,0.14786743560249635
92504,G10,1,4,middle,3398,0.5723574684327252,0.18895449216410234
92504,G10,1,4,far,3889,0.6227675891788655,0.20877493791580948
92504,G10,2,0,middle,84,0.6488224848090551,0.22763395920631735
92504,G10,2,0,far,8108,0.655971381522074,0.2315648795372683
92504,G10,2,1,middle,1373,0.5585198762474397,0.18511587983165245
92504,G10,2,1,far,6819,0.6060416289125234,0.20478376894185185
92504,G10,2,2,middle,7762,0.6406639667310122,0.21069288008986584
92504,G10,2,2,far,430,0.5987707575952115,0.19290200219946335
92504,G10,2,3,middle,8174,0.6874855763296106,0.2229623333367167
92504,G10,2,3,far,18,0.9374144856076307,0.2897428871588528
92504,G10,2,4,middle,3929,0.5760086716364805,0.19072830654045153
92504,G10,2,4,far,4263,0.6354549785071456,0.21293927445465063
92504,G10,3,0,near,13,0.5721354487248607,0.19108266637728452
92504,G10,3,0,middle,300,0.6088400022649503,0.20900876169825788
92504,G10,3,0,far,7879,0.6536030521876182,0.23056175502730164
92504,G10,3,1,near,330,0.50209093577785,0.16246955771414903
92504,G10,3,1,middle,3514,0.5291714886376477,0.1735616745519104
92504,G10,3,1,far,4348,0.5636212215740223,0.1881961062820393
92504,G10,3,2,near,4008,0.4602677272173812,0.14760493541241085
92504,G10,3,2,middle,4183,0.5534570417943911,0.18232672509263986
92504,G10,3,2,far,1,0.09458526270956495,0.00814503297832303
92504,G10,3,3,near,8187,0.40005356426285155,0.12576029160872493
92504,G10,3,3,middle,5,0.48927238639108916,0.1609891183194458
92504,G10,3,4,near,3729,0.46437940638002134,0.14930491570035823
92504,G10,3,4,middle,4459,0.549627875582829,0.18102177320377116
92504,G10,3,4,far,4,0.35976493982669466,0.11369441533253788
92504,G10,4,0,near,5,0.5541696841125536,0.1815086208470186
92504,G10,4,0,middle,158,0.6360764553511943,0.22177401936418414
92504,G10,4,0,far,8029,0.661831483527901,0.23445719841166546
92504,G10,4,1,near,166,0.5099110168468368,0.16511892372078976
92504,G10,4,1,middle,2317,0.5381678172774165,0.17744258608592708
92504,G10,4,1,far,5709,0.564081602490863,0.18869371781250574
92504,G10,4,2,near,2615,0.48478683713357756,0.15723775206283977
92504,G10,4,2,middle,5540,0.5367058441427393,0.17708293579896534
92504,G10,4,2,far,37,0.5642928723926509,0.18539718884606463
92504,G10,4,3,near,8189,0.43387446127505447,0.13775121354918
92504,G10,4,3,middle,3,0.06171505932147268,0.003943365104168525
92504,G10,4,4,near,3744,0.47454370010449914,0.15362645639930117
92504,G10,4,4,middle,4446,0.5562901326659404,0.18386106891278495
92504,G10,4,4,far,2,0.11407252708482957,0.011634027631990396
92504,G10,5,0,middle,33,0.6573331248151376,0.23220972925941294
92504,G10,5,0,far,8159,0.6684188570630394,0.23769803030071995
92504,G10,5,1,middle,347,0.5866416890936876,0.1989068421043445
92504,G10,5,1,far,7845,0.587961879502493,0.19941837678150767
92504,G10,5,2,middle,4295,0.6046994425060706,0.20139941591617275
92504,G10,5,2,far,3897,0.6141277813344397,0.2046202655801064
92504,G10,5,3,middle,8186,0.6566971146175375,0.21145770931408045
92504,G10,5,3,far,6,0.1726732771888634,0.030497497604506447
92504,G10,5,4,middle,3946,0.605077317517292,0.20215336912962253
92504,G10,5,4,far,4246,0.6105656763032208,0.20319958118532822
92504,G01,0,0,near,98,0.3701856929091633,0.10494113431800545
92504,G01,0,0,middle,1074,0.5840889969531291,0.19834224859778524
92504,G01,0,0,far,7020,0.6164385051577868,0.2132196312255672
92504,G01,0,1,near,1283,0.41924723417567555,0.12907967959623423
92504,G01,0,1,middle,6102,0.47655406841819936,0.15167696022218252
92504,G01,0,1,far,807,0.49695464807011813,0.15971674999302476
92504,G01,0,2,near,7702,0.33242014967844424,0.09814286644417952
92504,G01,0,2,middle,490,0.43141933665476406,0.13305437965221517
92504,G01,0,3,near,8189,0.2962290012432503,0.08524170380348355
92504,G01,0,3,middle,3,0.716008899406673,0.25096839323343084
92504,G01,0,4,near,3667,0.38413866816452796,0.11632322288906907
92504,G01,0,4,middle,4517,0.4397123569890366,0.13701111029922433
92504,G01,0,4,far,8,0.5884295984347006,0.20360745861682866
92504,G01,1,0,near,13,0.3325001071586066,0.0883927455180473
92504,G01,1,0,middle,93,0.6045459519754097,0.20866405096625323
92504,G01,1,0,far,8086,0.6344366999912598,0.2216225182096951
92504,G01,1,1,near,258,0.38779638508980885,0.11683854617136326
92504,G01,1,1,middle,1384,0.5184970958851252,0.16877153974734246
92504,G01,1,1,far,6550,0.5474178406980125,0.18160993592919222
92504,G01,1,2,near,3352,0.3766452588670594,0.11384579052722522
92504,G01,1,2,middle,4253,0.477221123418669,0.15225490356940002
92504,G01,1,2,far,587,0.5019060945022324,0.16182504410683038
92504,G01,1,3,near,5686,0.3686501793401439,0.1108817355560567
92504,G01,1,3,middle,2471,0.46261474746084574,0.1464048731591697
92504,G01,1,3,far,35,0.41339827898591497,0.12267736371392683
92504,G01,1,4,near,905,0.4187910348806568,0.12938393573475754
92504,G01,1,4,middle,3398,0.4910661011499438,0.1575294636145035
92504,G01,1,4,far,3889,0.5266259767295152,0.17239405337113653
92504,G01,2,0,middle,84,0.6428169207747724,0.2251885427771255
92504,G01,2,0,far,8108,0.6535686182594742,0.23049492704982008
92504,G01,2,1,middle,1373,0.5191867188576735,0.1700448402868061
92504,G01,2,1,far,6819,0.5611475897899981,0.1876890602528587
92504,G01,2,2,middle,7762,0.4732818606492012,0.15020269240516643
92504,G01,2,2,far,430,0.4684101175308753,0.14717968782527238
92504,G01,2,3,middle,8174,0.4504184336176131,0.14063594149949873
92504,G01,2,3,far,18,0.7031041649966109,0.24747977422910392
92504,G01,2,4,middle,3929,0.5006818510151381,0.1615530707464041
92504,G01,2,4,far,4263,0.5340494459417281,0.17573565809708167
92504,G01,3,0,near,13,0.5835499829433977,0.19660252124598562
92504,G01,3,0,middle,300,0.6184331074068372,0.21348811068320278
92504,G01,3,0,far,7879,0.6555163593271055,0.23148452599153263
92504,G01,3,1,near,330,0.5081344315544807,0.1653024269373588
92504,G01,3,1,middle,3514,0.5232941305301739,0.17132118109565003
92504,G01,3,1,far,4348,0.5451222145790975,0.18035834102811482
92504,G01,3,2,near,4008,0.41145755185946875,0.12732020310425707
92504,G01,3,2,middle,4183,0.4603001175264975,0.1455088842482578
92504,G01,3,2,far,1,0.28697255211089423,0.06223411883300756
92504,G01,3,3,near,8187,0.31509415610327374,0.09253394992950088
92504,G01,3,3,middle,5,0.47624179109953413,0.15601249715561227
92504,G01,3,4,near,3729,0.41665942152309515,0.1293844059133324
92504,G01,3,4,middle,4459,0.461916964744961,0.14621820101708535
92504,G01,3,4,far,4,0.19545833824823008,0.03207652311057135
92504,G01,4,0,near,5,0.5753048447524877,0.19172097739457783
92504,G01,4,0,middle,158,0.6429058487418255,0.2251095630843382
92504,G01,4,0,far,8029,0.6632844750257901,0.23516893465660396
92504,G01,4,1,near,166,0.5157564105016136,0.1675177793157412
92504,G01,4,1,middle,2317,0.5378335991584003,0.17711369920045258
92504,G01,4,1,far,5709,0.5580101663289994,0.1857884293562583
92504,G01,4,2,near,2615,0.44422369713270243,0.1402618917460939
92504,G01,4,2,middle,5540,0.4729016079242216,0.15098909892191745
92504,G01,4,2,far,37,0.47490263128897575,0.1511122047177653
92504,G01,4,3,near,8189,0.32283377504805894,0.09508788764019653
92504,G01,4,3,middle,3,0.10737704283463705,0.01062909015043595
92504,G01,4,4,near,3744,0.4205430079499713,0.13085717171281697
92504,G01,4,4,middle,4446,0.46621210477881864,0.14830942737008432
92504,G01,4,4,far,2,0.16405632244908586,0.022956376728224814
92504,G01,5,0,middle,33,0.6531307993497368,0.23020246656181287
92504,G01,5,0,far,8159,0.6681130223747068,0.23754335063359153
92504,G01,5,1,middle,347,0.5786726170525867,0.19570705473051578
92504,G01,5,1,far,7845,0.5796496871855544,0.19574393322731184
92504,G01,5,2,middle,4295,0.5362750834366207,0.17738053429177084
92504,G01,5,2,far,3897,0.5587486744464945,0.18634526251669267
92504,G01,5,3,middle,8186,0.5247761076852074,0.17160469330100905
92504,G01,5,3,far,6,0.1944600668550299,0.035381611215390886
92504,G01,5,4,middle,3946,0.5391209395531052,0.1786186917363534
92504,G01,5,4,far,4246,0.5574837606201335,0.18588413882205798
92504,G11,0,0,near,98,0.3715384282997195,0.1051369304959209
92504,G11,0,0,middle,1074,0.5819197522523812,0.1975439287702321
92504,G11,0,0,far,7020,0.6177526107488253,0.21387145318230383
92504,G11,0,1,near,1283,0.4188800750050093,0.1290644230968017
92504,G11,0,1,middle,6102,0.4768056109816478,0.151807476741752
92504,G11,0,1,far,807,0.49600500127258457,0.15930742196201034
92504,G11,0,2,near,7702,0.332654287291159,0.09820959024721562
92504,G11,0,2,middle,490,0.4312784782687634,0.1326778026302044
92504,G11,0,3,near,8189,0.2964224406271344,0.08534227624204058
92504,G11,0,3,middle,3,0.6455910058829258,0.23343881813851453
92504,G11,0,4,near,3667,0.3852721204930967,0.11666002233686182
92504,G11,0,4,middle,4517,0.4403842072914973,0.13718911232254974
92504,G11,0,4,far,8,0.5795067975967967,0.20148994432676762
92504,G11,1,0,near,13,0.3210582461332137,0.08495888811080186
92504,G11,1,0,middle,93,0.6097274505907392,0.21097015632832555
92504,G11,1,0,far,8086,0.6345826263265681,0.2217310104398215
92504,G11,1,1,near,258,0.3913952564518726,0.11791901941435845
92504,G11,1,1,middle,1384,0.518997391361669,0.1689429867744869
92504,G11,1,1,far,6550,0.5479053621151453,0.1817944617092813
92504,G11,1,2,near,3352,0.3760305934195901,0.11350473168478717
92504,G11,1,2,middle,4253,0.4782086372189676,0.15264058068054007
92504,G11,1,2,far,587,0.5018531514414852,0.16198875706067747
92504,G11,1,3,near,5686,0.37016688688685684,0.11126600403681652
92504,G11,1,3,middle,2471,0.4631758896069627,0.1466036654631627
92504,G11,1,3,far,35,0.4272294078580546,0.1282560664237927
92504,G11,1,4,near,905,0.41770628832001455,0.12873282734844607
92504,G11,1,4,middle,3398,0.4897951965441487,0.15699970760447687
92504,G11,1,4,far,3889,0.5279882917480935,0.1730451627530075
92504,G11,2,0,middle,84,0.6561949368153759,0.2304830309510954
92504,G11,2,0,far,8108,0.6534117159195574,0.23043431238616624
92504,G11,2,1,middle,1373,0.5198602642248846,0.17022544267284162
92504,G11,2,1,far,6819,0.5610887517546352,0.18764275246648968
92504,G11,2,2,middle,7762,0.4724890800332927,0.15001880111556304
92504,G11,2,2,far,430,0.47005164238673486,0.14796211997427833
92504,G11,2,3,middle,8174,0.45016331628561007,0.14069894328004318
92504,G11,2,3,far,18,0.690194835823792,0.24257221218543423
92504,G11,2,4,middle,3929,0.4997929048515072,0.16119036033874112
92504,G11,2,4,far,4263,0.534330822053658,0.17592279547806033
92504,G11,3,0,near,13,0.5471420315871041,0.18004136966471584
92504,G11,3,0,middle,300,0.6009253876863283,0.20546919344309775
92504,G11,3,0,far,7879,0.6537517266033407,0.2307040302932295
92504,G11,3,1,near,330,0.470880871304543,0.14877774503571117
92504,G11,3,1,middle,3514,0.512609538004203,0.16655790968785142
92504,G11,3,1,far,4348,0.5397125405639572,0.1778150500349016
92504,G11,3,2,near,4008,0.39123868862344263,0.11896359023180814
92504,G11,3,2,middle,4183,0.4499084890272814,0.14113627694947153
92504,G11,3,2,far,1,0.29502611973665643,0.06527404622369559
92504,G11,3,3,near,8187,0.3066078420920581,0.08941181067482983
92504,G11,3,3,middle,5,0.4340201245390647,0.14377723855515248
92504,G11,3,4,near,3729,0.39713162431708693,0.12140678899918825
92504,G11,3,4,middle,4459,0.4517384146958627,0.14195982361574522
92504,G11,3,4,far,4,0.1995249508076548,0.033294108737621786
92504,G11,4,0,near,5,0.5068561391798302,0.15869832756621277
92504,G11,4,0,middle,158,0.6236488206450673,0.215806776400508
92504,G11,4,0,far,8029,0.6595145414163748,0.23334480104256428
92504,G11,4,1,near,166,0.49088345412892365,0.1573825149485898
92504,G11,4,1,middle,2317,0.5198826848942822,0.16946128427373883
92504,G11,4,1,far,5709,0.5511514436735784,0.18285383502814398
92504,G11,4,2,near,2615,0.4087308319026323,0.1259174678152914
92504,G11,4,2,middle,5540,0.4535925087711273,0.14314116762841156
92504,G11,4,2,far,37,0.46112072130752374,0.1456437242308669
92504,G11,4,3,near,8189,0.3049383842476652,0.08875129103839016
92504,G11,4,3,middle,3,0.10046950190125735,0.009282656033399339
92504,G11,4,4,near,3744,0.38733583975301245,0.11758375616066152
92504,G11,4,4,middle,4446,0.44795051038613964,0.1408889573557457
92504,G11,4,4,far,2,0.15888795281304557,0.021716469243966974
92504,G11,5,0,middle,33,0.6428327073279563,0.2253842428902586
92504,G11,5,0,far,8159,0.6624607727760108,0.234781409165577
92504,G11,5,1,middle,347,0.563860205260184,0.1889054257813826
92504,G11,5,1,far,7845,0.5808523934028955,0.19633122787982002
92504,G11,5,2,middle,4295,0.5419720145941278,0.17941962687803678
92504,G11,5,2,far,3897,0.577493840160629,0.19369716994646005
92504,G11,5,3,middle,8186,0.5308322703278591,0.17345066092838482
92504,G11,5,3,far,6,0.23053176592600555,0.049796002449305266
92504,G11,5,4,middle,3946,0.5438698906299646,0.18020356993306885
92504,G11,5,4,far,4246,0.5770226106546397,0.19349846860118522
92504,G11S,0,0,near,98,0.3827542591031262,0.10875777338264138
92504,G11S,0,0,middle,1074,0.5836685084494612,0.19832524119816292
92504,G11S,0,0,far,7020,0.6177072969951963,0.21381653724164215
92504,G11S,0,1,near,1283,0.417529972179819,0.12851245578747617
92504,G11S,0,1,middle,6102,0.4773009055694084,0.15199233705995246
92504,G11S,0,1,far,807,0.49662699210323497,0.1595930890326701
92504,G11S,0,2,near,7702,0.333487720735748,0.0984374445279161
92504,G11S,0,2,middle,490,0.4323275036598038,0.13302697733111044
92504,G11S,0,3,near,8189,0.29666015682327224,0.08533292115409905
92504,G11S,0,3,middle,3,0.6862282631574672,0.2436291222768998
92504,G11S,0,4,near,3667,0.3861381758180642,0.11698516042405743
92504,G11S,0,4,middle,4517,0.4406821057360616,0.13720304198002314
92504,G11S,0,4,far,8,0.616558503390848,0.2182153746665463
92504,G11S,1,0,near,13,0.34968986246648925,0.0942275339458629
92504,G11S,1,0,middle,93,0.5959063194889096,0.20516456908265648
92504,G11S,1,0,far,8086,0.6352273208562537,0.22200722505165096
92504,G11S,1,1,near,258,0.40316903805148085,0.12153595417396093
92504,G11S,1,1,middle,1384,0.5180982894710031,0.16862982090683104
92504,G11S,1,1,far,6550,0.5497849960256768,0.1826607987226925
92504,G11S,1,2,near,3352,0.3941601951856731,0.12002968487468675
92504,G11S,1,2,middle,4253,0.4901909790764263,0.15720170718104368
92504,G11S,1,2,far,587,0.5056034598148227,0.16294159048998563
92504,G11S,1,3,near,5686,0.39215374339847364,0.11943416544506827
92504,G11S,1,3,middle,2471,0.4800000003216379,0.1526066435302008
92504,G11S,1,3,far,35,0.41976960437957467,0.12341960649392268
92504,G11S,1,4,near,905,0.42575793757493346,0.1316379118548468
92504,G11S,1,4,middle,3398,0.49719896231561006,0.1597502402720775
92504,G11S,1,4,far,3889,0.5300205055375211,0.17374795354149752
92504,G11S,2,0,middle,84,0.6559825786609107,0.23025788044746426
92504,G11S,2,0,far,8108,0.6531891872220389,0.23031845264741213
92504,G11S,2,1,middle,1373,0.519458479552838,0.17013992887976204
92504,G11S,2,1,far,6819,0.5611540155693449,0.18762627135261747
92504,G11S,2,2,middle,7762,0.4762823525853928,0.15146746058671515
92504,G11S,2,2,far,430,0.4751667625951694,0.15002247736061186
92504,G11S,2,3,middle,8174,0.4554602771881136,0.1426920115724018
92504,G11S,2,3,far,18,0.7091647448639105,0.2522459914091418
92504,G11S,2,4,middle,3929,0.5009008777866119,0.16166870366131814
92504,G11S,2,4,far,4263,0.5353568846380594,0.17629167812151642
92504,G11S,3,0,near,13,0.5387895403724344,0.17630028840551198
92504,G11S,3,0,middle,300,0.5938192587160228,0.20226606748765652
92504,G11S,3,0,far,7879,0.651249996244638,0.22951206135820074
92504,G11S,3,1,near,330,0.4849157050990981,0.15484614833258634
92504,G11S,3,1,middle,3514,0.5144916365741325,0.16736510886191192
92504,G11S,3,1,far,4348,0.5403762243301189,0.17811692872371115
92504,G11S,3,2,near,4008,0.3934992863458322,0.11980934319524486
92504,G11S,3,2,middle,4183,0.45215374179703977,0.14189777744555243
92504,G11S,3,2,far,1,0.27793509633934044,0.058880976117880124
92504,G11S,3,3,near,8187,0.329626602346412,0.09768544018183872
92504,G11S,3,3,middle,5,0.4855196930792068,0.1584938000075052
92504,G11S,3,4,near,3729,0.39887783412586003,0.12203667958466163
92504,G11S,3,4,middle,4459,0.4542849093650747,0.14285181300240868
92504,G11S,3,4,far,4,0.19983563720259528,0.033150135495013056
92504,G11S,4,0,near,5,0.48080246931578163,0.14657757712442834
92504,G11S,4,0,middle,158,0.612307754071681,0.21037350768628463
92504,G11S,4,0,far,8029,0.6559513880921852,0.23161014120072818
92504,G11S,4,1,near,166,0.4909825067291753,0.1573851313157461
92504,G11S,4,1,middle,2317,0.5189177609463884,0.16912653282166568
92504,G11S,4,1,far,5709,0.549295005000733,0.18209456717919864
92504,G11S,4,2,near,2615,0.4190733022262525,0.1300748419443346
92504,G11S,4,2,middle,5540,0.45674887995085206,0.14449496073272913
92504,G11S,4,2,far,37,0.46191712613675867,0.14568330469392565
92504,G11S,4,3,near,8189,0.34761112610687184,0.10387758254278555
92504,G11S,4,3,middle,3,0.09847601981274286,0.008946024685528723
92504,G11S,4,4,near,3744,0.3948368359599588,0.12064857695930117
92504,G11S,4,4,middle,4446,0.45052628137484824,0.1420100263566096
92504,G11S,4,4,far,2,0.15203403784016925,0.020323669383286447
92504,G11S,5,0,middle,33,0.6397533775600107,0.2239154230078421
92504,G11S,5,0,far,8159,0.6617003605909713,0.23440786985115925
92504,G11S,5,1,middle,347,0.5647595993471439,0.18941123987278857
92504,G11S,5,1,far,7845,0.5800412976775402,0.19593864333964797
92504,G11S,5,2,middle,4295,0.5423002714965809,0.1796118914977696
92504,G11S,5,2,far,3897,0.5763925601493477,0.19345968245704787
92504,G11S,5,3,middle,8186,0.5278529641647226,0.17348030370756606
92504,G11S,5,3,far,6,0.19719209508067645,0.03554197216035341
92504,G11S,5,4,middle,3946,0.5439747672183856,0.1803309832881537
92504,G11S,5,4,far,4246,0.5751077124510305,0.1928821718919595
92505,G00,0,0,near,98,0.3742222829329636,0.10582373018428998
92505,G00,0,0,middle,1074,0.5815605754532179,0.19731889175983863
92505,G00,0,0,far,7020,0.6163144045560193,0.21315468331889995
92505,G00,0,1,near,1283,0.4198265023281022,0.1292390027621869
92505,G00,0,1,middle,6102,0.4764831071103786,0.1517203246731269
92505,G00,0,1,far,807,0.4960856259301034,0.15942416494972486
92505,G00,0,2,near,7702,0.3321895548780702,0.09812998817416274
92505,G00,0,2,middle,490,0.4302388222292274,0.13234259453012578
92505,G00,0,3,near,8189,0.2961124677567858,0.08519860744787205
92505,G00,0,3,middle,3,0.678597222032974,0.24180530636445222
92505,G00,0,4,near,3667,0.3856768373926989,0.11689953231722776
92505,G00,0,4,middle,4517,0.4397033765323092,0.1369864518191249
92505,G00,0,4,far,8,0.5873315929445335,0.20316502177822582
92505,G00,1,0,near,13,0.3856402080389202,0.10770097690338826
92505,G00,1,0,middle,93,0.6041360974105633,0.20771942234627497
92505,G00,1,0,far,8086,0.6405124039084651,0.22429421435940416
92505,G00,1,1,near,258,0.41279635347902277,0.1263806483437022
92505,G00,1,1,middle,1384,0.5511802470537669,0.18285032603339818
92505,G00,1,1,far,6550,0.5689146669227815,0.19062844423631592
92505,G00,1,2,near,3352,0.44711269760980177,0.14064734948407281
92505,G00,1,2,middle,4253,0.6354322740009332,0.21007295781259483
92505,G00,1,2,far,587,0.6182240907902994,0.20269647847593486
92505,G00,1,3,near,5686,0.48935520414503425,0.15554179240115967
92505,G00,1,3,middle,2471,0.6768919840964096,0.22141870780395473
92505,G00,1,3,far,35,0.5427444791936178,0.17281946496438672
92505,G00,1,4,near,905,0.4604716144510322,0.1448675821032046
92505,G00,1,4,middle,3398,0.5473596825035765,0.1798514282565232
92505,G00,1,4,far,3889,0.5942302489051375,0.19920948463561955
92505,G00,2,0,middle,84,0.6294751863247393,0.21952794392127625
92505,G00,2,0,far,8108,0.6534355406811022,0.23051989835788633
92505,G00,2,1,middle,1373,0.5452916723455368,0.18059240838993398
92505,G00,2,1,far,6819,0.5849546531228119,0.19724361064285484
92505,G00,2,2,middle,7762,0.6200349204699449,0.20453587960488795
92505,G00,2,2,far,430,0.5927071128982137,0.19235548257721807
92505,G00,2,3,middle,8174,0.6693165401920882,0.21899038251213535
92505,G00,2,3,far,18,0.9235013287550213,0.28809386155889033
92505,G00,2,4,middle,3929,0.5541320098787148,0.1829147210189088
92505,G00,2,4,far,4263,0.6088713246684536,0.20449754254869648
92505,G00,3,0,near,13,0.6070399571470669,0.20761434811904012
92505,G00,3,0,middle,300,0.6289343542427283,0.21838143440717228
92505,G00,3,0,far,7879,0.662617548794463,0.23488297115453338
92505,G00,3,1,near,330,0.5203499282981694,0.1705766756028113
92505,G00,3,1,middle,3514,0.5297719054156304,0.1741716039294111
92505,G00,3,1,far,4348,0.5546905541732893,0.18445751632245283
92505,G00,3,2,near,4008,0.45281240092004954,0.1446288948175469
92505,G00,3,2,middle,4183,0.5245969769410548,0.17139271061552025
92505,G00,3,2,far,1,0.10502939383286039,0.009940477041826767
92505,G00,3,3,near,8187,0.39770826847316904,0.12489885180297919
92505,G00,3,3,middle,5,0.48868199144384317,0.16058424263414298
92505,G00,3,4,near,3729,0.4562010145707287,0.14613061029798619
92505,G00,3,4,middle,4459,0.5224516105362854,0.1707739174964732
92505,G00,3,4,far,4,0.3082014663819827,0.08708057622826632
92505,G00,4,0,near,5,0.611596087868854,0.20940427852817578
92505,G00,4,0,middle,158,0.6575551523247474,0.23228026670514298
92505,G00,4,0,far,8029,0.6740367462093204,0.24047283267710884
92505,G00,4,1,near,166,0.5328145814427763,0.1744262506813682
92505,G00,4,1,middle,2317,0.5498979227813948,0.18202092713430035
92505,G00,4,1,far,5709,0.5690188061831004,0.19049114053257488
92505,G00,4,2,near,2615,0.48284035506180956,0.1568325906034893
92505,G00,4,2,middle,5540,0.5193103588076863,0.1705574441448711
92505,G00,4,2,far,37,0.5304801988911267,0.17287938144492038
92505,G00,4,3,near,8189,0.43436053495543236,0.13854553624267815
92505,G00,4,3,middle,3,0.05725351290023158,0.0032415243346255312
92505,G00,4,4,near,3744,0.4675729251921318,0.15108941290740943
92505,G00,4,4,middle,4446,0.5305040205169843,0.17467497766119272
92505,G00,4,4,far,2,0.11567782199216095,0.011942502169229902
92505,G00,5,0,middle,33,0.6650648425912538,0.2360210837871672
92505,G00,5,0,far,8159,0.6781776667837124,0.2425296589216235
92505,G00,5,1,middle,347,0.5974750922196136,0.20371547911285057
92505,G00,5,1,far,7845,0.5994728212091188,0.20446653042895177
92505,G00,5,2,middle,4295,0.5793779418728615,0.1938395080165839
92505,G00,5,2,far,3897,0.5876023111258986,0.1965552533778328
92505,G00,5,3,middle,8186,0.6342143358106669,0.20634998741177235
92505,G00,5,3,far,6,0.15729896237826263,0.025038546578284204
92505,G00,5,4,middle,3946,0.5787881840520283,0.1941132204247809
92505,G00,5,4,far,4246,0.582832016993386,0.19489956985501944
92505,G10,0,0,near,98,0.36197019149851306,0.1025195143141116
92505,G10,0,0,middle,1074,0.5828078136788114,0.1977847896374265
92505,G10,0,0,far,7020,0.6184575161355328,0.21407471266211003
92505,G10,0,1,near,1283,0.4217404432695552,0.13014880893316705
92505,G10,0,1,middle,6102,0.47732202419953673,0.15197575578888226
92505,G10,0,1,far,807,0.4951309657874368,0.15907703788274835
92505,G10,0,2,near,7702,0.3326334450917405,0.09822602232206899
92505,G10,0,2,middle,490,0.42851658220202365,0.13152103511354907
92505,G10,0,3,near,8189,0.2959995981259774,0.08512725740489378
92505,G10,0,3,middle,3,0.6303795154877956,0.2278110766147324
92505,G10,0,4,near,3667,0.3846266547302465,0.11664608380643751
92505,G10,0,4,middle,4517,0.4410936750484431,0.1374881453447883
92505,G10,0,4,far,8,0.630270826518899,0.22182415901296415
92505,G10,1,0,near,13,0.3160973880371597,0.08396755695704693
92505,G10,1,0,middle,93,0.6096813159225644,0.21075895970909395
92505,G10,1,0,far,8086,0.6371018950489382,0.2227534816837455
92505,G10,1,1,near,258,0.4187292591216208,0.1288914906887769
92505,G10,1,1,middle,1384,0.5577034937277242,0.18510453188404236
92505,G10,1,1,far,6550,0.5849171672088128,0.19669014647590016
92505,G10,1,2,near,3352,0.45564877628867045,0.14415503154524056
92505,G10,1,2,middle,4253,0.6438223571024221,0.21244880195670773
92505,G10,1,2,far,587,0.6169879327145648,0.2029525150828699
92505,G10,1,3,near,5686,0.491412397700467,0.15607518953249347
92505,G10,1,3,middle,2471,0.6775349436920991,0.22092598289875653
92505,G10,1,3,far,35,0.5223999496974474,0.16964820029607142
92505,G10,1,4,near,905,0.4673874624450288,0.1473384102677711
92505,G10,1,4,middle,3398,0.5616482649493613,0.18531363077153856
92505,G10,1,4,far,3889,0.6150250544626418,0.20658922186089784
92505,G10,2,0,middle,84,0.6358659695922727,0.2225852380249894
92505,G10,2,0,far,8108,0.6541737880467934,0.23083083055962375
92505,G10,2,1,middle,1373,0.5530619033885759,0.18312294238332216
92505,G10,2,1,far,6819,0.6041498680033253,0.20428694737476197
92505,G10,2,2,middle,7762,0.6290194862240457,0.20740533614580503
92505,G10,2,2,far,430,0.5918965789714016,0.19063075660221004
92505,G10,2,3,middle,8174,0.6778308354023997,0.22055655371652672
92505,G10,2,3,far,18,0.9500267313414614,0.29332495838144135
92505,G10,2,4,middle,3929,0.5669524337080081,0.1877238291536322
92505,G10,2,4,far,4263,0.6290744471528222,0.21151986891583868
92505,G10,3,0,near,13,0.573673191935157,0.19206289382014127
92505,G10,3,0,middle,300,0.6107605096622232,0.20990569192102618
92505,G10,3,0,far,7879,0.6570160154016782,0.2321930506768735
92505,G10,3,1,near,330,0.4815512416720665,0.15384878011502853
92505,G10,3,1,middle,3514,0.527135707262972,0.17299184751406513
92505,G10,3,1,far,4348,0.56106496506544,0.18702679498663194
92505,G10,3,2,near,4008,0.45219458508317417,0.14426629782827335
92505,G10,3,2,middle,4183,0.5355464588338058,0.17536723780956245
92505,G10,3,2,far,1,0.08827685788855978,0.007139003477622197
92505,G10,3,3,near,8187,0.39400375779393465,0.12329486339952311
92505,G10,3,3,middle,5,0.4753977181970008,0.15799998891891773
92505,G10,3,4,near,3729,0.4552095627457346,0.14555071480974457
92505,G10,3,4,middle,4459,0.5330126587130466,0.17460216657805025
92505,G10,3,4,far,4,0.3372577371913136,0.10449235222565112
92505,G10,4,0,near,5,0.5415525641971348,0.17516450757645022
92505,G10,4,0,middle,158,0.6407813576715099,0.22403168560427128
92505,G10,4,0,far,8029,0.6678151694035807,0.23739526683008785
92505,G10,4,1,near,166,0.49281145885746475,0.1584597989804984
92505,G10,4,1,middle,2317,0.5317024233268052,0.17480770571799356
92505,G10,4,1,far,5709,0.5594949725859049,0.18667946483709974
92505,G10,4,2,near,2615,0.4732480855788764,0.152845242641808
92505,G10,4,2,middle,5540,0.5277709924160271,0.1735849733910049
92505,G10,4,2,far,37,0.5440062143999145,0.17838528554690453
92505,G10,4,3,near,8189,0.43141582047021404,0.13708748020046818
92505,G10,4,3,middle,3,0.05917970844852005,0.0036146649171548417
92505,G10,4,4,near,3744,0.4635471286725926,0.14942507025869237
92505,G10,4,4,middle,4446,0.5414213605969964,0.17847205488733783
92505,G10,4,4,far,2,0.11882329623838755,0.01255219061845203
92505,G10,5,0,middle,33,0.6615793105974601,0.23431236996192492
92505,G10,5,0,far,8159,0.6757736631448558,0.24133415508855538
92505,G10,5,1,middle,347,0.5830799168491044,0.19739793807408787
92505,G10,5,1,far,7845,0.5893771672626231,0.20003529858151609
92505,G10,5,2,middle,4295,0.5935690148468804,0.19814660350653407
92505,G10,5,2,far,3897,0.6026745359664986,0.2013602876541197
92505,G10,5,3,middle,8186,0.6466397011674053,0.20926080136116215
92505,G10,5,3,far,6,0.1669180942254621,0.028821172889631597
92505,G10,5,4,middle,3946,0.5937970902470423,0.19880747424330997
92505,G10,5,4,far,4246,0.5998185735394074,0.2001891279577692
92505,G01,0,0,near,98,0.37184785414504207,0.10473489081830514
92505,G01,0,0,middle,1074,0.5829917923051786,0.19793926971399844
92505,G01,0,0,far,7020,0.6159206907331043,0.2129469318784118
92505,G01,0,1,near,1283,0.41858728745058754,0.12909817231003623
92505,G01,0,1,middle,6102,0.47725534536024944,0.15206609164546686
92505,G01,0,1,far,807,0.4945672814440752,0.1587581437911123
92505,G01,0,2,near,7702,0.3323946585239715,0.09818413553538355
92505,G01,0,2,middle,490,0.43144425076451864,0.132900443586323
92505,G01,0,3,near,8189,0.2963923485296603,0.08529109388195903
92505,G01,0,3,middle,3,0.6891526087685748,0.24410294119711504
92505,G01,0,4,near,3667,0.385374417675111,0.11676482898638764
92505,G01,0,4,middle,4517,0.44013556115574093,0.13711899874196512
92505,G01,0,4,far,8,0.5801896531181395,0.20004645058495665
92505,G01,1,0,near,13,0.34814271342165226,0.0934505215685287
92505,G01,1,0,middle,93,0.6039649639802479,0.20832280600960848
92505,G01,1,0,far,8086,0.6345477816041865,0.22163243458508583
92505,G01,1,1,near,258,0.3918423369374279,0.11867897256464728
92505,G01,1,1,middle,1384,0.5178366968446755,0.1685544625655339
92505,G01,1,1,far,6550,0.54719040666971,0.18155393871498235
92505,G01,1,2,near,3352,0.37632239283291335,0.11364638713804721
92505,G01,1,2,middle,4253,0.47759495566957816,0.15241349125853734
92505,G01,1,2,far,587,0.5006488006796656,0.16147732573356408
92505,G01,1,3,near,5686,0.3687429008948698,0.1106677009113971
92505,G01,1,3,middle,2471,0.4637808875671729,0.14682165187652754
92505,G01,1,3,far,35,0.4118034043740311,0.12295869089365387
92505,G01,1,4,near,905,0.4184540882771552,0.12919857205675586
92505,G01,1,4,middle,3398,0.49011606807702723,0.15724831200771913
92505,G01,1,4,far,3889,0.527972340507929,0.17306488037468817
92505,G01,2,0,middle,84,0.6449099915086133,0.22595234568254405
92505,G01,2,0,far,8108,0.651625981729939,0.2296420142156902
92505,G01,2,1,middle,1373,0.5184566913648733,0.16983714806186398
92505,G01,2,1,far,6819,0.5606070872127821,0.18745992955229263
92505,G01,2,2,middle,7762,0.47307772257149827,0.15020442221449465
92505,G01,2,2,far,430,0.47031434378479475,0.14800087683818478
92505,G01,2,3,middle,8174,0.4510577339325908,0.14080713976673914
92505,G01,2,3,far,18,0.6965119998019843,0.2444462312924173
92505,G01,2,4,middle,3929,0.5000315185919973,0.16138584035307268
92505,G01,2,4,far,4263,0.5328483793560286,0.17524154074445175
92505,G01,3,0,near,13,0.5759954583658102,0.19298593044190504
92505,G01,3,0,middle,300,0.6163801164185535,0.212499689278165
92505,G01,3,0,far,7879,0.6569171533503845,0.23214426610593264
92505,G01,3,1,near,330,0.5018857621060022,0.16267522312842267
92505,G01,3,1,middle,3514,0.520474563878228,0.17013797385856796
92505,G01,3,1,far,4348,0.5442222646489568,0.1799721383576233
92505,G01,3,2,near,4008,0.4114358289139234,0.1272117744730777
92505,G01,3,2,middle,4183,0.45908029432096237,0.14495830309996935
92505,G01,3,2,far,1,0.2911865216782893,0.06381875242428592
92505,G01,3,3,near,8187,0.3131358461263376,0.09197690030028349
92505,G01,3,3,middle,5,0.5083458337943622,0.16375159523769903
92505,G01,3,4,near,3729,0.4172290277408994,0.12949400039448627
92505,G01,3,4,middle,4459,0.4613617514786335,0.14589804228816833
92505,G01,3,4,far,4,0.20970517306506553,0.036143397082481876
92505,G01,4,0,near,5,0.5664041259132936,0.18732551140531176
92505,G01,4,0,middle,158,0.6399768207780707,0.22366198502681808
92505,G01,4,0,far,8029,0.6647958028114381,0.23590958218305888
92505,G01,4,1,near,166,0.5148171253751519,0.166964626063169
92505,G01,4,1,middle,2317,0.5354351933389927,0.1760596288964067
92505,G01,4,1,far,5709,0.5578192592470123,0.18569511744788134
92505,G01,4,2,near,2615,0.43902066382290433,0.1379932522558881
92505,G01,4,2,middle,5540,0.4689221305801209,0.1493146763829621
92505,G01,4,2,far,37,0.4730596825169601,0.15008516023838353
92505,G01,4,3,near,8189,0.31945822332096996,0.09399614247021343
92505,G01,4,3,middle,3,0.10947998174679942,0.010897219419751414
92505,G01,4,4,near,3744,0.41662250778534055,0.12914783629036763
92505,G01,4,4,middle,4446,0.4629354611170214,0.146947549233132
92505,G01,4,4,far,2,0.1801041757503891,0.027449433565012282
92505,G01,5,0,middle,33,0.6556332901925972,0.2314085176081055
92505,G01,5,0,far,8159,0.6691709657702186,0.2380654403258189
92505,G01,5,1,middle,347,0.5764706481109729,0.19471367049844754
92505,G01,5,1,far,7845,0.5810366121781851,0.19629255320583727
92505,G01,5,2,middle,4295,0.5278759566257003,0.17400134323343897
92505,G01,5,2,far,3897,0.5528044317765296,0.18400869575568402
92505,G01,5,3,middle,8186,0.5087657417560579,0.16529405659471233
92505,G01,5,3,far,6,0.22754801836343497,0.04883276164069517
92505,G01,5,4,middle,3946,0.5317104924493133,0.17565305581649787
92505,G01,5,4,far,4246,0.5525942934798171,0.18386979608186144
92505,G11,0,0,near,98,0.383518264147192,0.1104139591721778
92505,G11,0,0,middle,1074,0.5810176365033549,0.19700685288730774
92505,G11,0,0,far,7020,0.6175659999905938,0.21365133425381835
92505,G11,0,1,near,1283,0.4172089386511574,0.12840553405359278
92505,G11,0,1,middle,6102,0.4764213117594308,0.15163207330231387
92505,G11,0,1,far,807,0.4960116682000776,0.15965561470752807
92505,G11,0,2,near,7702,0.33269342576712235,0.09829698919122118
92505,G11,0,2,middle,490,0.42951507069438144,0.1319990058449405
92505,G11,0,3,near,8189,0.29629884617650004,0.08535574080434616
92505,G11,0,3,middle,3,0.6822688728780486,0.2420366825655428
92505,G11,0,4,near,3667,0.38563083953253685,0.11683983000024885
92505,G11,0,4,middle,4517,0.4407813328595242,0.13743602442150255
92505,G11,0,4,far,8,0.5860492570909237,0.20507310980832918
92505,G11,1,0,near,13,0.31618788404414466,0.08371388474675608
92505,G11,1,0,middle,93,0.6114912002747974,0.21160553444342237
92505,G11,1,0,far,8086,0.6338983653222269,0.22134379513175748
92505,G11,1,1,near,258,0.38828778437643724,0.11723814008712101
92505,G11,1,1,middle,1384,0.5197235213100169,0.16931172563342767
92505,G11,1,1,far,6550,0.5478218415647667,0.181842256439191
92505,G11,1,2,near,3352,0.3770197246224691,0.11377813728235477
92505,G11,1,2,middle,4253,0.4773794683628557,0.15227801082204018
92505,G11,1,2,far,587,0.5000650198175035,0.16114124367378502
92505,G11,1,3,near,5686,0.36984060678861097,0.1111002729501685
92505,G11,1,3,middle,2471,0.46340768335365295,0.14668179772814646
92505,G11,1,3,far,35,0.414144162977764,0.12341716263657754
92505,G11,1,4,near,905,0.41924941923878334,0.1293209390256644
92505,G11,1,4,middle,3398,0.4887411268883389,0.1566377212888168
92505,G11,1,4,far,3889,0.5282653658219267,0.17319715525150645
92505,G11,2,0,middle,84,0.6443641392795428,0.22596774343131204
92505,G11,2,0,far,8108,0.6531436068026482,0.23034955309902744
92505,G11,2,1,middle,1373,0.5217008035986453,0.17110051737614212
92505,G11,2,1,far,6819,0.5628118441253945,0.18845101575883952
92505,G11,2,2,middle,7762,0.4727461991430534,0.1502860876160028
92505,G11,2,2,far,430,0.47131530874335625,0.14865717737359047
92505,G11,2,3,middle,8174,0.45017035726208693,0.14083106273726176
92505,G11,2,3,far,18,0.6935514354553026,0.24396496677731971
92505,G11,2,4,middle,3929,0.5007930196597269,0.16164776296047634
92505,G11,2,4,far,4263,0.5365432253223146,0.176965848367518
92505,G11,3,0,near,13,0.5331911199844037,0.17449117911475934
92505,G11,3,0,middle,300,0.5934703168945927,0.20218348946624243
92505,G11,3,0,far,7879,0.6500088246030711,0.22892283457141874
92505,G11,3,1,near,330,0.4612329681730457,0.14456829998705098
92505,G11,3,1,middle,3514,0.5102179790251423,0.1654897157913397
92505,G11,3,1,far,4348,0.5375816662981701,0.17690401195116492
92505,G11,3,2,near,4008,0.3912657596594975,0.11907194109400206
92505,G11,3,2,middle,4183,0.4489278101499562,0.1407400504494158
92505,G11,3,2,far,1,0.2770397111238764,0.05855219365119879
92505,G11,3,3,near,8187,0.3047459540952653,0.08880482234973111
92505,G11,3,3,middle,5,0.4754462133491099,0.15577737294973953
92505,G11,3,4,near,3729,0.39575495154702134,0.12090113299812809
92505,G11,3,4,middle,4459,0.4507237437317622,0.141542003843028
92505,G11,3,4,far,4,0.21002402076172932,0.03599902592306692
92505,G11,4,0,near,5,0.4795328657441587,0.14618257925207345
92505,G11,4,0,middle,158,0.6149525950580877,0.21162400886516516
92505,G11,4,0,far,8029,0.6558825063456607,0.23158125515039168
92505,G11,4,1,near,166,0.48476296767516264,0.155285090303413
92505,G11,4,1,middle,2317,0.5167799456051176,0.16847047403445753
92505,G11,4,1,far,5709,0.5473804591896111,0.1813288185369253
92505,G11,4,2,near,2615,0.40451217461758265,0.12427701031127604
92505,G11,4,2,middle,5540,0.45179431999156516,0.14242883760835764
92505,G11,4,2,far,37,0.45776531605861526,0.14437235320911093
92505,G11,4,3,near,8189,0.3016000135825495,0.0876598275897587
92505,G11,4,3,middle,3,0.10425024066490672,0.010193387344862415
92505,G11,4,4,near,3744,0.38193172554512556,0.11559813636068487
92505,G11,4,4,middle,4446,0.4470905103963263,0.14046781794066623
92505,G11,4,4,far,2,0.1499931704533501,0.01955907839385429
92505,G11,5,0,middle,33,0.6416940684060173,0.2246863145614536
92505,G11,5,0,far,8159,0.6613643893841047,0.23424454753308788
92505,G11,5,1,middle,347,0.5650022506741911,0.18966113099117032
92505,G11,5,1,far,7845,0.5797208166012942,0.1958548942096743
92505,G11,5,2,middle,4295,0.5382282292391939,0.17784249557533457
92505,G11,5,2,far,3897,0.5757379793324178,0.19312976160309253
92505,G11,5,3,middle,8186,0.5172007945148671,0.16809850274847732
92505,G11,5,3,far,6,0.2891746264103557,0.07604952608433252
92505,G11,5,4,middle,3946,0.5413008956333619,0.1791088125840709
92505,G11,5,4,far,4246,0.5771139907956645,0.19354612621713305
92505,G11S,0,0,near,98,0.38443746222553377,0.11034948280095867
92505,G11S,0,0,middle,1074,0.5823977110169135,0.19773200460335927
92505,G11S,0,0,far,7020,0.6174798049499579,0.21362569683740293
92505,G11S,0,1,near,1283,0.4187248291160571,0.12885045236888398
92505,G11S,0,1,middle,6102,0.47756113388222116,0.15207166494529925
92505,G11S,0,1,far,807,0.49727297924873304,0.16008430207727103
92505,G11S,0,2,near,7702,0.3326957896459467,0.0982346521019683
92505,G11S,0,2,middle,490,0.4321697802154843,0.13263357426507036
92505,G11S,0,3,near,8189,0.29677323242290715,0.08535517878416571
92505,G11S,0,3,middle,3,0.7312768696455776,0.25543988544793655
92505,G11S,0,4,near,3667,0.3855575151534654,0.11677366562103868
92505,G11S,0,4,middle,4517,0.44131533379376997,0.13749042067124118
92505,G11S,0,4,far,8,0.6029577723059238,0.21082882437739517
92505,G11S,1,0,near,13,0.3636034837450237,0.09998305704885219
92505,G11S,1,0,middle,93,0.5864335876191683,0.20131325013667314
92505,G11S,1,0,far,8086,0.6344610989124082,0.22157887808166243
92505,G11S,1,1,near,258,0.41012813545665916,0.12452573020032394
92505,G11S,1,1,middle,1384,0.5200358519514919,0.1695566070873522
92505,G11S,1,1,far,6550,0.5497267614648914,0.1826616629241043
92505,G11S,1,2,near,3352,0.3957924362093161,0.12065426211051183
92505,G11S,1,2,middle,4253,0.489999171338007,0.15710802708684332
92505,G11S,1,2,far,587,0.5048664909866395,0.1626909327931368
92505,G11S,1,3,near,5686,0.39149546590012724,0.11925168238813875
92505,G11S,1,3,middle,2471,0.48239617634353765,0.15352642913912254
92505,G11S,1,3,far,35,0.4337027785017317,0.12880248344726428
92505,G11S,1,4,near,905,0.42736562971744263,0.1321303749987455
92505,G11S,1,4,middle,3398,0.4967679817556978,0.15964859903631576
92505,G11S,1,4,far,3889,0.5302621771155757,0.17385776502131034
92505,G11S,2,0,middle,84,0.6508288799673906,0.2283022185309332
92505,G11S,2,0,far,8108,0.6530841917663639,0.23028339723550117
92505,G11S,2,1,middle,1373,0.5203406427057368,0.17050139074444623
92505,G11S,2,1,far,6819,0.5630315454412196,0.18845248165515918
92505,G11S,2,2,middle,7762,0.47615609461868574,0.1513581542139337
92505,G11S,2,2,far,430,0.4748621061476964,0.1498519891470203
92505,G11S,2,3,middle,8174,0.45664850175624133,0.14304973660175335
92505,G11S,2,3,far,18,0.6989732065840726,0.24938640611965301
92505,G11S,2,4,middle,3929,0.5008948037617285,0.16167157123802675
92505,G11S,2,4,far,4263,0.5372569769780041,0.17714272514050985
92505,G11S,3,0,near,13,0.524168025376373,0.16999627606123902
92505,G11S,3,0,middle,300,0.5925951987070457,0.20185602143961773
92505,G11S,3,0,far,7879,0.6512155632635583,0.22948191477172147
92505,G11S,3,1,near,330,0.47682293033226864,0.15123600960180894
92505,G11S,3,1,middle,3514,0.5119265242433423,0.16617607561201697
92505,G11S,3,1,far,4348,0.5395683825137849,0.17776816408275475
92505,G11S,3,2,near,4008,0.4204029979696093,0.13074863455456007
92505,G11S,3,2,middle,4183,0.4616217435411039,0.1459220205797552
92505,G11S,3,2,far,1,0.3084332734336446,0.07043876955555106
92505,G11S,3,3,near,8187,0.34325757572712634,0.10234877145511773
92505,G11S,3,3,middle,5,0.5523007559332778,0.17301976699195123
92505,G11S,3,4,near,3729,0.42497490574977115,0.13259141093537505
92505,G11S,3,4,middle,4459,0.46304039199482955,0.14651743704974396
92505,G11S,3,4,far,4,0.19491784758309919,0.03198231493211312
92505,G11S,4,0,near,5,0.4759642011031214,0.14491994922410728
92505,G11S,4,0,middle,158,0.6153088651811046,0.21182438558225053
92505,G11S,4,0,far,8029,0.6559688665067215,0.23162667019818148
92505,G11S,4,1,near,166,0.48889081681318364,0.15647898847112474
92505,G11S,4,1,middle,2317,0.5206015742120055,0.16991500977869387
92505,G11S,4,1,far,5709,0.5499278748645472,0.1823638270907876
92505,G11S,4,2,near,2615,0.4340746149779027,0.13620210662507176
92505,G11S,4,2,middle,5540,0.4646340091868615,0.14779351350228903
92505,G11S,4,2,far,37,0.4741929365901286,0.1506892429700719
92505,G11S,4,3,near,8189,0.3403734174865059,0.10127311430092097
92505,G11S,4,3,middle,3,0.09524560306375562,0.008425796701750273
92505,G11S,4,4,near,3744,0.4142206231031191,0.12833260401753652
92505,G11S,4,4,middle,4446,0.4606572762715269,0.14615837856904895
92505,G11S,4,4,far,2,0.15655571350967318,0.02140147630637168
92505,G11S,5,0,middle,33,0.643024389535159,0.22531951323454638
92505,G11S,5,0,far,8159,0.6619182259597204,0.23451310249313806
92505,G11S,5,1,middle,347,0.5640698354227873,0.18928524374874675
92505,G11S,5,1,far,7845,0.5814701259162081,0.19659937481018924
92505,G11S,5,2,middle,4295,0.5487419178024311,0.18241774965374108
92505,G11S,5,2,far,3897,0.5792707364166737,0.19470149221046093
92505,G11S,5,3,middle,8186,0.5287794303834091,0.17368562903080945
92505,G11S,5,3,far,6,0.21478468396682926,0.04322130218640611
92505,G11S,5,4,middle,3946,0.5511556864924062,0.18346952816618173
92505,G11S,5,4,far,4246,0.5782867862121976,0.19420879181623635
92506,G00,0,0,near,98,0.36640030661384254,0.10347920559778298
92506,G00,0,0,middle,1074,0.5833355309799761,0.19794984710901675
92506,G00,0,0,far,7020,0.6185336624980003,0.21422555929655832
92506,G00,0,1,near,1283,0.41965337964446636,0.12930567699068418
92506,G00,0,1,middle,6102,0.4772217834994499,0.1519765938833822
92506,G00,0,1,far,807,0.49603532376695775,0.1593102465747139
92506,G00,0,2,near,7702,0.3322166286388982,0.09815705517704917
92506,G00,0,2,middle,490,0.4295436262236375,0.13205221231155406
92506,G00,0,3,near,8189,0.2960723586159706,0.08523249435033238
92506,G00,0,3,middle,3,0.6649393260514587,0.23703599691403313
92506,G00,0,4,near,3667,0.3860162980208127,0.11711752166119534
92506,G00,0,4,middle,4517,0.439979950730965,0.13711916948041986
92506,G00,0,4,far,8,0.6230334120913856,0.21890664503120175
92506,G00,1,0,near,13,0.33875986054537494,0.09195304370266306
92506,G00,1,0,middle,93,0.5972035268967901,0.2048104737023419
92506,G00,1,0,far,8086,0.6355599566391309,0.22201594572548597
92506,G00,1,1,near,258,0.4076890570638106,0.12392289439106768
92506,G00,1,1,middle,1384,0.5558786048737142,0.18445763102651372
92506,G00,1,1,far,6550,0.5785156163183238,0.1942590401129708
92506,G00,1,2,near,3352,0.45898099097693307,0.14493526088630726
92506,G00,1,2,middle,4253,0.6512314124290863,0.214394774217838
92506,G00,1,2,far,587,0.6165535312177823,0.20199634068010203
92506,G00,1,3,near,5686,0.4948166330910259,0.15716426187351895
92506,G00,1,3,middle,2471,0.6853131637205075,0.2232244739303416
92506,G00,1,3,far,35,0.5227119432363099,0.1656545546446921
92506,G00,1,4,near,905,0.4650639720336007,0.1465294049989226
92506,G00,1,4,middle,3398,0.5589415310772929,0.18414628113100057
92506,G00,1,4,far,3889,0.6070028528047823,0.20326124910397633
92506,G00,2,0,middle,84,0.6364906893735425,0.2227723099609245
92506,G00,2,0,far,8108,0.653404580923061,0.23047383745989308
92506,G00,2,1,middle,1373,0.5493538919786372,0.18189566969542126
92506,G00,2,1,far,6819,0.5959045309682899,0.20110376109245393
92506,G00,2,2,middle,7762,0.63512407086103,0.2085529164270701
92506,G00,2,2,far,430,0.5967388531003552,0.19187244707010473
92506,G00,2,3,middle,8174,0.6821291926259418,0.22141348521742554
92506,G00,2,3,far,18,0.9433569493626572,0.2931784333929108
92506,G00,2,4,middle,3929,0.5631824994095869,0.1860895882814156
92506,G00,2,4,far,4263,0.6168771453511681,0.20666633385168243
92506,G00,3,0,near,13,0.5785429646958136,0.19379658911632086
92506,G00,3,0,middle,300,0.6203465642984519,0.21437090078408516
92506,G00,3,0,far,7879,0.6556392106910045,0.23150764284604636
92506,G00,3,1,near,330,0.5113666887577019,0.16718656906486312
92506,G00,3,1,middle,3514,0.5323297861629253,0.17531476832668483
92506,G00,3,1,far,4348,0.557174669583187,0.18546427652556272
92506,G00,3,2,near,4008,0.458285567349798,0.14699841229729618
92506,G00,3,2,middle,4183,0.5382398698957888,0.17647730699362005
92506,G00,3,2,far,1,0.09191695268548629,0.0077121942240410135
92506,G00,3,3,near,8187,0.3978169201542237,0.1250540153038111
92506,G00,3,3,middle,5,0.476091322416982,0.15770236525672376
92506,G00,3,4,near,3729,0.46189910050346455,0.14860526284592113
92506,G00,3,4,middle,4459,0.5354136504352209,0.17565521677989104
92506,G00,3,4,far,4,0.2566148314442102,0.063445469635798
92506,G00,4,0,near,5,0.585540627512354,0.19671140822269867
92506,G00,4,0,middle,158,0.6467220843769407,0.22693948660428875
92506,G00,4,0,far,8029,0.6668251056217324,0.2369044113696634
92506,G00,4,1,near,166,0.5168937041869561,0.1684612542723383
92506,G00,4,1,middle,2317,0.5405672533375563,0.17841165557808253
92506,G00,4,1,far,5709,0.5604991423591174,0.18695188130492707
92506,G00,4,2,near,2615,0.48758440522910895,0.15907054014771257
92506,G00,4,2,middle,5540,0.532948573875989,0.17557361883814798
92506,G00,4,2,far,37,0.5510664756096728,0.1798445538160814
92506,G00,4,3,near,8189,0.43553430222409895,0.13914040439665995
92506,G00,4,3,middle,3,0.05674794116121958,0.0032049417235511294
92506,G00,4,4,near,3744,0.474555958696036,0.15416057074320966
92506,G00,4,4,middle,4446,0.5458437761994694,0.1801237603205084
92506,G00,4,4,far,2,0.12042740476676302,0.012884538469580403
92506,G00,5,0,middle,33,0.6639452559056945,0.2354496128838309
92506,G00,5,0,far,8159,0.6759419827912577,0.24141900102040087
92506,G00,5,1,middle,347,0.5891500640304548,0.20014004118499956
92506,G00,5,1,far,7845,0.5868573316589498,0.19882903069751032
92506,G00,5,2,middle,4295,0.5964046310535601,0.1991246103827173
92506,G00,5,2,far,3897,0.6025568298876162,0.2009526605164652
92506,G00,5,3,middle,8186,0.6356150792483102,0.20638354628839986
92506,G00,5,3,far,6,0.158384777286804,0.02557982357587964
92506,G00,5,4,middle,3946,0.5943132230840571,0.19914422386501945
92506,G00,5,4,far,4246,0.596137018675587,0.19885168936114264
92506,G10,0,0,near,98,0.36362601909508163,0.10284915224228378
92506,G10,0,0,middle,1074,0.5827667928683528,0.19785552344127486
92506,G10,0,0,far,7020,0.6173269817937785,0.21367433386315413
92506,G10,0,1,near,1283,0.4207297767934904,0.12971264922563336
92506,G10,0,1,middle,6102,0.47758723895370986,0.1520700512810573
92506,G10,0,1,far,807,0.49607175262239317,0.15960546668828862
92506,G10,0,2,near,7702,0.3321843080436931,0.09813407646482264
92506,G10,0,2,middle,490,0.42877741777762385,0.1318402953541446
92506,G10,0,3,near,8189,0.2957021301048194,0.08506715582780998
92506,G10,0,3,middle,3,0.6229695933029317,0.22554852052904098
92506,G10,0,4,near,3667,0.3862419508039773,0.11709206661000102
92506,G10,0,4,middle,4517,0.4405450826697309,0.13729538375397318
92506,G10,0,4,far,8,0.5930054428756137,0.20723830100600793
92506,G10,1,0,near,13,0.31224814960764624,0.08236457740073021
92506,G10,1,0,middle,93,0.6069544404916224,0.20971643182967006
92506,G10,1,0,far,8086,0.6373905754871095,0.22289719511374811
92506,G10,1,1,near,258,0.40992709203258204,0.1252578153917907
92506,G10,1,1,middle,1384,0.5539047353200074,0.18349075177785434
92506,G10,1,1,far,6550,0.5786493161788597,0.1943008383753402
92506,G10,1,2,near,3352,0.45410529968946195,0.14324844269848325
92506,G10,1,2,middle,4253,0.6413158720357949,0.21156185801964256
92506,G10,1,2,far,587,0.6171782526222244,0.20250812770848436
92506,G10,1,3,near,5686,0.4916614434790911,0.15591676134366697
92506,G10,1,3,middle,2471,0.6792183340404991,0.2211705129078908
92506,G10,1,3,far,35,0.5318980978791856,0.16940623148713496
92506,G10,1,4,near,905,0.4622175641435298,0.14510609327858545
92506,G10,1,4,middle,3398,0.5565438579043643,0.18336481885087869
92506,G10,1,4,far,3889,0.6080145433483125,0.2038429384264122
92506,G10,2,0,middle,84,0.6415052732603255,0.22489011594409047
92506,G10,2,0,far,8108,0.6552692182553297,0.2312896012839606
92506,G10,2,1,middle,1373,0.5487830313048966,0.18141129125826144
92506,G10,2,1,far,6819,0.5959598306939793,0.20110030370235796
92506,G10,2,2,middle,7762,0.6272693440223437,0.2065363725548914
92506,G10,2,2,far,430,0.5934840555257226,0.1921030226112241
92506,G10,2,3,middle,8174,0.6828808735270899,0.2218930949781358
92506,G10,2,3,far,18,0.9600384597057189,0.29251551940018233
92506,G10,2,4,middle,3929,0.55974829611622,0.1846086773090424
92506,G10,2,4,far,4263,0.6181627460573305,0.20722541321611782
92506,G10,3,0,near,13,0.5806822928652029,0.19541585256979255
92506,G10,3,0,middle,300,0.6057649224360839,0.2076562275560073
92506,G10,3,0,far,7879,0.6549346493056533,0.23124882470007108
92506,G10,3,1,near,330,0.4867556183958161,0.15610035983077522
92506,G10,3,1,middle,3514,0.5252831789581646,0.1720691626408427
92506,G10,3,1,far,4348,0.5576955012731651,0.18546871280484437
92506,G10,3,2,near,4008,0.4409602850671099,0.1396077250430605
92506,G10,3,2,middle,4183,0.5293917888499665,0.17294444890103622
92506,G10,3,2,far,1,0.09776687385386132,0.008675005214175968
92506,G10,3,3,near,8187,0.3913838367278562,0.1222886583279035
92506,G10,3,3,middle,5,0.484734168808996,0.1597149286717546
92506,G10,3,4,near,3729,0.44423857251747867,0.14094129423576465
92506,G10,3,4,middle,4459,0.5272727476979602,0.17226614099947385
92506,G10,3,4,far,4,0.3290492880845277,0.09845885934889687
92506,G10,4,0,near,5,0.5449955830440257,0.17692082968081735
92506,G10,4,0,middle,158,0.6353627618429941,0.22141103398411185
92506,G10,4,0,far,8029,0.6646626958081145,0.23584890383389204
92506,G10,4,1,near,166,0.5057587796346737,0.16400009525873846
92506,G10,4,1,middle,2317,0.5300331303116428,0.17389824193484485
92506,G10,4,1,far,5709,0.5576957852768253,0.1857703497286907
92506,G10,4,2,near,2615,0.46056590037030076,0.14729144757211649
92506,G10,4,2,middle,5540,0.5182238551741036,0.16964187925738514
92506,G10,4,2,far,37,0.5414912984710752,0.1759689197104442
92506,G10,4,3,near,8189,0.42353348087367343,0.13391796040915946
92506,G10,4,3,middle,3,0.05662410081195102,0.003256275972377695
92506,G10,4,4,near,3744,0.4469917248912818,0.1424922134336581
92506,G10,4,4,middle,4446,0.5316797660604021,0.17460514512573774
92506,G10,4,4,far,2,0.10698760304042436,0.010320981170194116
92506,G10,5,0,middle,33,0.65116471335543,0.229222422632256
92506,G10,5,0,far,8159,0.6725777139807446,0.23975230416397492
92506,G10,5,1,middle,347,0.5799449563450371,0.19578990799973953
92506,G10,5,1,far,7845,0.587620641182861,0.19921585267761877
92506,G10,5,2,middle,4295,0.5878334656429848,0.19578951347273832
92506,G10,5,2,far,3897,0.6031583766584757,0.20119073206695962
92506,G10,5,3,middle,8186,0.6449620463150832,0.20930814405000472
92506,G10,5,3,far,6,0.17560796919849783,0.0319367693228112
92506,G10,5,4,middle,3946,0.5881260165138107,0.19641438622101448
92506,G10,5,4,far,4246,0.6006888871577036,0.20018073314268872
92506,G01,0,0,near,98,0.371921283858425,0.10570634154358403
92506,G01,0,0,middle,1074,0.5854408051767259,0.19885406173224754
92506,G01,0,0,far,7020,0.6183302956628721,0.21410233260379422
92506,G01,0,1,near,1283,0.419120028855204,0.12912084507712882
92506,G01,0,1,middle,6102,0.477182639249762,0.15200439458913723
92506,G01,0,1,far,807,0.4952702977213105,0.15903957194122098
92506,G01,0,2,near,7702,0.33205819255510727,0.09809256781321239
92506,G01,0,2,middle,490,0.4279270166125175,0.13151494407647743
92506,G01,0,3,near,8189,0.2960755804392721,0.08521637331594692
92506,G01,0,3,middle,3,0.6466231366001755,0.2324017437643775
92506,G01,0,4,near,3667,0.38489297900843333,0.11671548874637568
92506,G01,0,4,middle,4517,0.4397342766298165,0.13698639344991664
92506,G01,0,4,far,8,0.586150724918982,0.20348036172813855
92506,G01,1,0,near,13,0.3246423301284537,0.0857941479469353
92506,G01,1,0,middle,93,0.6072238757533325,0.20997870499888222
92506,G01,1,0,far,8086,0.6359941648943291,0.22239739137414744
92506,G01,1,1,near,258,0.38505125625830666,0.11535791687741533
92506,G01,1,1,middle,1384,0.5182645507628828,0.1686837693981996
92506,G01,1,1,far,6550,0.5476175249361214,0.1816844684595651
92506,G01,1,2,near,3352,0.376312421453229,0.11369062891235598
92506,G01,1,2,middle,4253,0.47800207152747487,0.15253756924684356
92506,G01,1,2,far,587,0.4999302335423286,0.16103168518838332
92506,G01,1,3,near,5686,0.36919711041041176,0.11092202974988598
92506,G01,1,3,middle,2471,0.462050592027385,0.14607364650697302
92506,G01,1,3,far,35,0.40431427782266227,0.11846382335442672
92506,G01,1,4,near,905,0.4173730739656364,0.12870736046871484
92506,G01,1,4,middle,3398,0.4909349670137608,0.15749570368256388
92506,G01,1,4,far,3889,0.5279724686599079,0.17304679415755878
92506,G01,2,0,middle,84,0.6386818224273876,0.2236236516093657
92506,G01,2,0,far,8108,0.6526944723726913,0.23013241301232995
92506,G01,2,1,middle,1373,0.5211863395543969,0.1708059535145033
92506,G01,2,1,far,6819,0.5605574006471384,0.18740123999344668
92506,G01,2,2,middle,7762,0.472221457709847,0.1499158662085999
92506,G01,2,2,far,430,0.46692911728345887,0.1467897280184417
92506,G01,2,3,middle,8174,0.44978126372942584,0.14047003273247302
92506,G01,2,3,far,18,0.6999286148106096,0.24443121773192208
92506,G01,2,4,middle,3929,0.5006173095349494,0.1615804268944021
92506,G01,2,4,far,4263,0.5327069336215047,0.17517623735115848
92506,G01,3,0,near,13,0.5795817332119926,0.1945684465690293
92506,G01,3,0,middle,300,0.6220161307250699,0.21516507040251318
92506,G01,3,0,far,7879,0.6588190751793024,0.23307419824940429
92506,G01,3,1,near,330,0.5044793816936901,0.16375957702015717
92506,G01,3,1,middle,3514,0.5221021167688095,0.1707616296818019
92506,G01,3,1,far,4348,0.5439062500302234,0.17977220583983233
92506,G01,3,2,near,4008,0.40086576698529963,0.12289329749736458
92506,G01,3,2,middle,4183,0.4547455812773032,0.14314579281113385
92506,G01,3,2,far,1,0.30391220649049727,0.06868296561493992
92506,G01,3,3,near,8187,0.31342916644539043,0.09196586050284876
92506,G01,3,3,middle,5,0.4859234084791444,0.1578798769398917
92506,G01,3,4,near,3729,0.40678276799018437,0.1252799104247985
92506,G01,3,4,middle,4459,0.45670172958975586,0.14399019390831916
92506,G01,3,4,far,4,0.20808999099346626,0.035895671631206716
92506,G01,4,0,near,5,0.5855374535593372,0.19665064803491977
92506,G01,4,0,middle,158,0.6486621490050107,0.22791341201080145
92506,G01,4,0,far,8029,0.6681786370212118,0.2375784997550592
92506,G01,4,1,near,166,0.5122648504577361,0.16592199099289218
92506,G01,4,1,middle,2317,0.5395412916517743,0.17770356238631316
92506,G01,4,1,far,5709,0.5606963460218368,0.18686420158874106
92506,G01,4,2,near,2615,0.4308375119372849,0.13476746744009444
92506,G01,4,2,middle,5540,0.46530710026959005,0.14788407047896077
92506,G01,4,2,far,37,0.46753360373775843,0.1475313646971387
92506,G01,4,3,near,8189,0.3167737667354368,0.09306015217181979
92506,G01,4,3,middle,3,0.10430758170423554,0.009874197605769556
92506,G01,4,4,near,3744,0.4074654463457653,0.12556531552319655
92506,G01,4,4,middle,4446,0.45901324534883703,0.14533066037439168
92506,G01,4,4,far,2,0.17233096462359326,0.025287256939305114
92506,G01,5,0,middle,33,0.659168242952063,0.23312865927006057
92506,G01,5,0,far,8159,0.6754333035662059,0.2411697109456339
92506,G01,5,1,middle,347,0.5758995124194362,0.19440651591472421
92506,G01,5,1,far,7845,0.5812777252634678,0.1963556926950458
92506,G01,5,2,middle,4295,0.5425614742878949,0.1799077133586797
92506,G01,5,2,far,3897,0.5664510756937285,0.18935667370549225
92506,G01,5,3,middle,8186,0.5219552358945933,0.17053809954129676
92506,G01,5,3,far,6,0.21546426831860596,0.044289823313397814
92506,G01,5,4,middle,3946,0.5455057052452662,0.18120162638579562
92506,G01,5,4,far,4246,0.5650284580687827,0.18883347166653058
92506,G11,0,0,near,98,0.39420354357358456,0.11497056362532797
92506,G11,0,0,middle,1074,0.5842526440624798,0.1986402994008897
92506,G11,0,0,far,7020,0.6206563553738155,0.2152177378500049
92506,G11,0,1,near,1283,0.4196984852011511,0.12955106746814676
92506,G11,0,1,middle,6102,0.47802859822612825,0.15231971398572786
92506,G11,0,1,far,807,0.49443466263387764,0.15867245444453446
92506,G11,0,2,near,7702,0.3332585002777666,0.0984504718951716
92506,G11,0,2,middle,490,0.42942645862676776,0.1319296983971207
92506,G11,0,3,near,8189,0.29639993407977955,0.08535655276734047
92506,G11,0,3,middle,3,0.6555378883543871,0.23540325120770408
92506,G11,0,4,near,3667,0.3861617824716883,0.11691824892221878
92506,G11,0,4,middle,4517,0.44115972110933216,0.13744174371165574
92506,G11,0,4,far,8,0.6069135004509305,0.21425310612629025
92506,G11,1,0,near,13,0.3274917552417065,0.08741637064512432
92506,G11,1,0,middle,93,0.6105578117422443,0.21165360123551735
92506,G11,1,0,far,8086,0.6368062040957942,0.22283603352356401
92506,G11,1,1,near,258,0.390831168118959,0.11792202663377027
92506,G11,1,1,middle,1384,0.5190127625142305,0.16898079639916527
92506,G11,1,1,far,6550,0.5484545797293012,0.18206055519660846
92506,G11,1,2,near,3352,0.3764479851788539,0.11377720979059001
92506,G11,1,2,middle,4253,0.47709649672336285,0.1522088837449956
92506,G11,1,2,far,587,0.5013149830440204,0.16179423269645865
92506,G11,1,3,near,5686,0.37005412135446736,0.11130386941679668
92506,G11,1,3,middle,2471,0.46390681617912266,0.14692442009633158
92506,G11,1,3,far,35,0.4192466363929522,0.12517311708171036
92506,G11,1,4,near,905,0.4190569074420134,0.12933236613954377
92506,G11,1,4,middle,3398,0.490268932459557,0.15718680416929415
92506,G11,1,4,far,3889,0.5297623411994138,0.17381026795516913
92506,G11,2,0,middle,84,0.6464688991608496,0.2264536487401907
92506,G11,2,0,far,8108,0.6548314386249844,0.2311015246727325
92506,G11,2,1,middle,1373,0.5210858384784098,0.17085151914550706
92506,G11,2,1,far,6819,0.5620784442823785,0.1880910490217043
92506,G11,2,2,middle,7762,0.4724518898869824,0.1500200476060022
92506,G11,2,2,far,430,0.4692508715157084,0.1476380074878286
92506,G11,2,3,middle,8174,0.45004298668490456,0.14053465047879446
92506,G11,2,3,far,18,0.6956662900026568,0.24514450950340544
92506,G11,2,4,middle,3929,0.500505186506686,0.16150425626216228
92506,G11,2,4,far,4263,0.5363159195023067,0.17683066878867876
92506,G11,3,0,near,13,0.5501122251364916,0.1816460276287698
92506,G11,3,0,middle,300,0.6025784671383656,0.20628680644494007
92506,G11,3,0,far,7879,0.6552258180046221,0.2314459007005879
92506,G11,3,1,near,330,0.45632077059030624,0.14251958061644415
92506,G11,3,1,middle,3514,0.5084098226895701,0.16475324931827554
92506,G11,3,1,far,4348,0.5371992953131224,0.17671000551899838
92506,G11,3,2,near,4008,0.3842801682986038,0.11615601507931576
92506,G11,3,2,middle,4183,0.44584099868924204,0.1393935415475453
92506,G11,3,2,far,1,0.3625946702498626,0.09249601033673471
92506,G11,3,3,near,8187,0.30642132711045206,0.08934027705600017
92506,G11,3,3,middle,5,0.4338015209502151,0.14416363955681985
92506,G11,3,4,near,3729,0.3898500644546438,0.1183910313596186
92506,G11,3,4,middle,4459,0.4472653896532703,0.1401237237390076
92506,G11,3,4,far,4,0.217239345494367,0.039010535978107275
92506,G11,4,0,near,5,0.5255335489347316,0.16776818201124416
92506,G11,4,0,middle,158,0.6289392658643576,0.2183418360182311
92506,G11,4,0,far,8029,0.6616190292619406,0.234369726231929
92506,G11,4,1,near,166,0.48929941582133946,0.15662030023662454
92506,G11,4,1,middle,2317,0.5187912860755003,0.16889419299075095
92506,G11,4,1,far,5709,0.5507880223439857,0.18267847872191323
92506,G11,4,2,near,2615,0.3921478151964486,0.11911779328268214
92506,G11,4,2,middle,5540,0.4434072362723179,0.13883934951805588
92506,G11,4,2,far,37,0.4507094296414545,0.1415078228617649
92506,G11,4,3,near,8189,0.3010834692984127,0.08749300239639443
92506,G11,4,3,middle,3,0.08278117443045634,0.0068142282036725245
92506,G11,4,4,near,3744,0.3730369732821969,0.11170773595208076
92506,G11,4,4,middle,4446,0.4399763488152233,0.13745441840196154
92506,G11,4,4,far,2,0.15314241718729366,0.020322628821143884
92506,G11,5,0,middle,33,0.6432244223025639,0.2254685486099975
92506,G11,5,0,far,8159,0.6656075460126416,0.23632127754309587
92506,G11,5,1,middle,347,0.5629892072461231,0.18852102433425222
92506,G11,5,1,far,7845,0.5815522952501602,0.19665272592506028
92506,G11,5,2,middle,4295,0.5447294793364944,0.18035503208028333
92506,G11,5,2,far,3897,0.5868615729091343,0.19747900737288399
92506,G11,5,3,middle,8186,0.5432049788969048,0.1779772694415664
92506,G11,5,3,far,6,0.21899926657870697,0.04694753323151407
92506,G11,5,4,middle,3946,0.5466898325482684,0.18117776822592477
92506,G11,5,4,far,4246,0.5865547230146769,0.19739614422819646
92506,G11S,0,0,near,98,0.39564548845213526,0.11536562342750857
92506,G11S,0,0,middle,1074,0.5820980539653158,0.19768615680682414
92506,G11S,0,0,far,7020,0.6192257821281015,0.2146046829431924
92506,G11S,0,1,near,1283,0.42003854269756186,0.12941291140354197
92506,G11S,0,1,middle,6102,0.47731733262218107,0.15203473626513564
92506,G11S,0,1,far,807,0.49494464118209713,0.15898622591095277
92506,G11S,0,2,near,7702,0.3331476759234365,0.09835390165679123
92506,G11S,0,2,middle,490,0.4285918195092533,0.13176129441699344
92506,G11S,0,3,near,8189,0.2966627758781729,0.08542923744246232
92506,G11S,0,3,middle,3,0.6522204270650805,0.23430370753897192
92506,G11S,0,4,near,3667,0.38622760808199863,0.11691512350313514
92506,G11S,0,4,middle,4517,0.4415106717200169,0.13761590254668962
92506,G11S,0,4,far,8,0.6294416549515529,0.2233603512889333
92506,G11S,1,0,near,13,0.35845662364910696,0.09791301786902683
92506,G11S,1,0,middle,93,0.5879473235193917,0.2019400103668349
92506,G11S,1,0,far,8086,0.6368098723695494,0.22282189159254967
92506,G11S,1,1,near,258,0.40489223640312816,0.12227233335445449
92506,G11S,1,1,middle,1384,0.5196430373203587,0.1693693159021498
92506,G11S,1,1,far,6550,0.5496428058832734,0.18258029821170477
92506,G11S,1,2,near,3352,0.39507726494112994,0.12045439152682863
92506,G11S,1,2,middle,4253,0.48944209527113486,0.15691476512389835
92506,G11S,1,2,far,587,0.5059388868219751,0.1632036329521567
92506,G11S,1,3,near,5686,0.39140496127429625,0.11919445401927364
92506,G11S,1,3,middle,2471,0.4788376928663868,0.1521670290871435
92506,G11S,1,3,far,35,0.4221239881361318,0.12452935347199998
92506,G11S,1,4,near,905,0.4275682776060587,0.13219337458005392
92506,G11S,1,4,middle,3398,0.497367067465808,0.15998283854195222
92506,G11S,1,4,far,3889,0.5304278898679808,0.1739913559258226
92506,G11S,2,0,middle,84,0.6508388322357991,0.22786239331372865
92506,G11S,2,0,far,8108,0.6559045198926925,0.23155141244790353
92506,G11S,2,1,middle,1373,0.5208080377418379,0.1707631769983289
92506,G11S,2,1,far,6819,0.5613063786151609,0.18771961029675835
92506,G11S,2,2,middle,7762,0.4756615488259299,0.15126282070211416
92506,G11S,2,2,far,430,0.47410683419264565,0.14963251233320957
92506,G11S,2,3,middle,8174,0.4557968845543851,0.1428088535168305
92506,G11S,2,3,far,18,0.6931459094262373,0.2475957135438692
92506,G11S,2,4,middle,3929,0.5007408253822744,0.16168002326381387
92506,G11S,2,4,far,4263,0.5356182238558813,0.17642811262667155
92506,G11S,3,0,near,13,0.5556498858323268,0.18403792197318916
92506,G11S,3,0,middle,300,0.604124078623262,0.20697672754178176
92506,G11S,3,0,far,7879,0.6545545393978777,0.2311228455819492
92506,G11S,3,1,near,330,0.4908366199181147,0.1573725574752256
92506,G11S,3,1,middle,3514,0.5142769544807513,0.16734308531507822
92506,G11S,3,1,far,4348,0.5403219765584337,0.1781546646820215
92506,G11S,3,2,near,4008,0.4025093465407165,0.12322987032988852
92506,G11S,3,2,middle,4183,0.4522684592876359,0.1420208301906491
92506,G11S,3,2,far,1,0.36610325309333397,0.09398442999370005
92506,G11S,3,3,near,8187,0.32491830322124193,0.09567851145679462
92506,G11S,3,3,middle,5,0.45034494973803596,0.14869545787300614
92506,G11S,3,4,near,3729,0.4079449358572528,0.12544522428504148
92506,G11S,3,4,middle,4459,0.454109283867772,0.14286067865605154
92506,G11S,3,4,far,4,0.20420862245072677,0.03550881400607786
92506,G11S,4,0,near,5,0.5171776670433768,0.1639155152547433
92506,G11S,4,0,middle,158,0.6240239627201339,0.21597132176979758
92506,G11S,4,0,far,8029,0.6594887488414237,0.23333367055130888
92506,G11S,4,1,near,166,0.5040438255220897,0.16289295070200271
92506,G11S,4,1,middle,2317,0.5257699473905496,0.17200258876192628
92506,G11S,4,1,far,5709,0.5516669650699173,0.1830809738384573
92506,G11S,4,2,near,2615,0.42876378346230043,0.13354188849042484
92506,G11S,4,2,middle,5540,0.45810781498484726,0.1448035187186972
92506,G11S,4,2,far,37,0.46275263712990716,0.14608589353416576
92506,G11S,4,3,near,8189,0.3327587318499408,0.09836833856545359
92506,G11S,4,3,middle,3,0.09071353776851754,0.007608516632800007
92506,G11S,4,4,near,3744,0.4064390379345467,0.12478368185537017
92506,G11S,4,4,middle,4446,0.4514910391157972,0.1420961282385999
92506,G11S,4,4,far,2,0.1609716973696445,0.022255260099682705
92506,G11S,5,0,middle,33,0.6475410346572695,0.22745416630296197
92506,G11S,5,0,far,8159,0.6637805323724507,0.235425826744093
92506,G11S,5,1,middle,347,0.568287183232448,0.19106805973462695
92506,G11S,5,1,far,7845,0.5805149359019716,0.19615941453527508
92506,G11S,5,2,middle,4295,0.5468073741777467,0.1814839777212055
92506,G11S,5,2,far,3897,0.5780138698360463,0.19428093423679327
92506,G11S,5,3,middle,8186,0.5277041245464166,0.17312095846131748
92506,G11S,5,3,far,6,0.1999704052116356,0.037337373721357044
92506,G11S,5,4,middle,3946,0.5489927989480835,0.1824151752610528
92506,G11S,5,4,far,4246,0.5768748951989326,0.19376318451348074
